state_code,state_name,centre,weight,all_india_member,link_factor_2001,source_weight_file,source_weight_page,source_link_file,source_link_page,note
ANP,Andhra Pradesh,Gudur,0.75,True,,data/raw/prices/cpi-compendia/base-1982.pdf,36,data/raw/prices/cpi-compendia/base-2001.pdf,40,No direct 2001-base linking factor because the centre was not retained in the 2001 series.
ANP,Andhra Pradesh,Guntur,1.11,True,4.57,data/raw/prices/cpi-compendia/base-1982.pdf,36,data/raw/prices/cpi-compendia/base-2001.pdf,40,
ANP,Andhra Pradesh,Hyderabad,1.63,True,4.79,data/raw/prices/cpi-compendia/base-1982.pdf,36,data/raw/prices/cpi-compendia/base-2001.pdf,40,
ANP,Andhra Pradesh,Visakhapatnam,1.63,True,4.64,data/raw/prices/cpi-compendia/base-1982.pdf,36,data/raw/prices/cpi-compendia/base-2001.pdf,40,
ANP,Andhra Pradesh,Warangal,1.54,True,4.75,data/raw/prices/cpi-compendia/base-1982.pdf,36,data/raw/prices/cpi-compendia/base-2001.pdf,40,
ASM,Assam,D.D.Tinsukia,0.57,True,4.04,data/raw/prices/cpi-compendia/base-1982.pdf,36,data/raw/prices/cpi-compendia/base-2001.pdf,40,
ASM,Assam,Guwahati,0.66,True,4.8,data/raw/prices/cpi-compendia/base-1982.pdf,36,data/raw/prices/cpi-compendia/base-2001.pdf,40,
ASM,Assam,Labac-Silchar,0.44,True,3.65,data/raw/prices/cpi-compendia/base-1982.pdf,36,data/raw/prices/cpi-compendia/base-2001.pdf,40,
ASM,Assam,Mariani-Jorhat,0.51,True,4.01,data/raw/prices/cpi-compendia/base-1982.pdf,36,data/raw/prices/cpi-compendia/base-2001.pdf,40,
ASM,Assam,Rangapara-Tezpur,0.63,True,4.17,data/raw/prices/cpi-compendia/base-1982.pdf,36,data/raw/prices/cpi-compendia/base-2001.pdf,40,
BIH,Bihar,Monghyr,1.1,True,4.3,data/raw/prices/cpi-compendia/base-1982.pdf,36,data/raw/prices/cpi-compendia/base-2001.pdf,40,
CHHT,Chhattisgarh,Bhillai,1.91,True,4.2,data/raw/prices/cpi-compendia/base-1982.pdf,36,data/raw/prices/cpi-compendia/base-2001.pdf,40,
GUJ,Gujarat,Ahmedabad,2.74,True,4.62,data/raw/prices/cpi-compendia/base-1982.pdf,36,data/raw/prices/cpi-compendia/base-2001.pdf,40,
GUJ,Gujarat,Bhavnagar,0.99,True,4.76,data/raw/prices/cpi-compendia/base-1982.pdf,36,data/raw/prices/cpi-compendia/base-2001.pdf,40,
GUJ,Gujarat,Rajkot,1.17,True,4.38,data/raw/prices/cpi-compendia/base-1982.pdf,36,data/raw/prices/cpi-compendia/base-2001.pdf,40,
GUJ,Gujarat,Surat,0.86,True,4.54,data/raw/prices/cpi-compendia/base-1982.pdf,36,data/raw/prices/cpi-compendia/base-2001.pdf,40,
GUJ,Gujarat,Vadodara,0.88,True,4.39,data/raw/prices/cpi-compendia/base-1982.pdf,36,data/raw/prices/cpi-compendia/base-2001.pdf,40,
HAR,Haryana,Faridabad,1.17,True,4.79,data/raw/prices/cpi-compendia/base-1982.pdf,36,data/raw/prices/cpi-compendia/base-2001.pdf,40,
HAR,Haryana,Yamunanagar,1.05,True,4.34,data/raw/prices/cpi-compendia/base-1982.pdf,36,data/raw/prices/cpi-compendia/base-2001.pdf,40,
JNK,Jammu and Kashmir,Srinagar,0.22,True,5.62,data/raw/prices/cpi-compendia/base-1982.pdf,36,data/raw/prices/cpi-compendia/base-2001.pdf,40,
JHK,Jharkhand,Jamshedpur,1.63,True,4.23,data/raw/prices/cpi-compendia/base-1982.pdf,36,data/raw/prices/cpi-compendia/base-2001.pdf,40,
JHK,Jharkhand,Jharia,2.39,True,3.72,data/raw/prices/cpi-compendia/base-1982.pdf,36,data/raw/prices/cpi-compendia/base-2001.pdf,40,
JHK,Jharkhand,Kodarma,0.59,True,3.89,data/raw/prices/cpi-compendia/base-1982.pdf,36,data/raw/prices/cpi-compendia/base-2001.pdf,40,
JHK,Jharkhand,Noamundi,1.22,True,,data/raw/prices/cpi-compendia/base-1982.pdf,36,data/raw/prices/cpi-compendia/base-2001.pdf,40,No direct 2001-base linking factor because the centre was not retained in the 2001 series.
JHK,Jharkhand,Ranchi-Hatia,1.36,True,4.2,data/raw/prices/cpi-compendia/base-1982.pdf,36,data/raw/prices/cpi-compendia/base-2001.pdf,40,
KAR,Karnataka,Bangalore,3.27,True,4.51,data/raw/prices/cpi-compendia/base-1982.pdf,36,data/raw/prices/cpi-compendia/base-2001.pdf,40,
KAR,Karnataka,Belgaum,1.33,True,5.02,data/raw/prices/cpi-compendia/base-1982.pdf,36,data/raw/prices/cpi-compendia/base-2001.pdf,40,
KAR,Karnataka,Hubli-Dharwar,1.29,True,4.71,data/raw/prices/cpi-compendia/base-1982.pdf,36,data/raw/prices/cpi-compendia/base-2001.pdf,40,
KAR,Karnataka,Mercara,1.16,True,4.47,data/raw/prices/cpi-compendia/base-1982.pdf,36,data/raw/prices/cpi-compendia/base-2001.pdf,40,
KER,Kerala,Alwaye,1.58,True,4.52,data/raw/prices/cpi-compendia/base-1982.pdf,36,data/raw/prices/cpi-compendia/base-2001.pdf,40,
KER,Kerala,Mundakayam,1.01,True,4.37,data/raw/prices/cpi-compendia/base-1982.pdf,36,data/raw/prices/cpi-compendia/base-2001.pdf,40,
KER,Kerala,Quilon,0.58,True,4.61,data/raw/prices/cpi-compendia/base-1982.pdf,36,data/raw/prices/cpi-compendia/base-2001.pdf,40,
KER,Kerala,Thiruvananthapuram,1.02,True,,data/raw/prices/cpi-compendia/base-1982.pdf,36,data/raw/prices/cpi-compendia/base-2001.pdf,40,No direct 2001-base linking factor because the centre was not retained in the 2001 series.
MP,Madhya Pradesh,Balaghat,1.37,True,,data/raw/prices/cpi-compendia/base-1982.pdf,36,data/raw/prices/cpi-compendia/base-2001.pdf,40,No direct 2001-base linking factor because the centre was not retained in the 2001 series.
MP,Madhya Pradesh,Bhopal,1.51,True,4.83,data/raw/prices/cpi-compendia/base-1982.pdf,36,data/raw/prices/cpi-compendia/base-2001.pdf,40,
MP,Madhya Pradesh,Indore,1.28,True,4.73,data/raw/prices/cpi-compendia/base-1982.pdf,36,data/raw/prices/cpi-compendia/base-2001.pdf,40,
MP,Madhya Pradesh,Jabalpur,1.32,True,4.53,data/raw/prices/cpi-compendia/base-1982.pdf,36,data/raw/prices/cpi-compendia/base-2001.pdf,40,
MAH,Maharashtra,Mumbai,7.87,True,5.18,data/raw/prices/cpi-compendia/base-1982.pdf,36,data/raw/prices/cpi-compendia/base-2001.pdf,40,
MAH,Maharashtra,Nagpur,1.56,True,4.68,data/raw/prices/cpi-compendia/base-1982.pdf,36,data/raw/prices/cpi-compendia/base-2001.pdf,40,
MAH,Maharashtra,Nasik,2.04,True,4.94,data/raw/prices/cpi-compendia/base-1982.pdf,36,data/raw/prices/cpi-compendia/base-2001.pdf,40,
MAH,Maharashtra,Pune,1.94,True,4.96,data/raw/prices/cpi-compendia/base-1982.pdf,36,data/raw/prices/cpi-compendia/base-2001.pdf,40,
MAH,Maharashtra,Solapur,1.24,True,4.73,data/raw/prices/cpi-compendia/base-1982.pdf,36,data/raw/prices/cpi-compendia/base-2001.pdf,40,
OD,Odisha,Barbil,0.8,True,,data/raw/prices/cpi-compendia/base-1982.pdf,36,data/raw/prices/cpi-compendia/base-2001.pdf,40,No direct 2001-base linking factor because the centre was not retained in the 2001 series.
OD,Odisha,Rourkela,1.67,True,4.03,data/raw/prices/cpi-compendia/base-1982.pdf,36,data/raw/prices/cpi-compendia/base-2001.pdf,40,
PUN,Punjab,Amritsar,1.86,True,4.09,data/raw/prices/cpi-compendia/base-1982.pdf,36,data/raw/prices/cpi-compendia/base-2001.pdf,40,
PUN,Punjab,Ludhiana,1.17,True,4.12,data/raw/prices/cpi-compendia/base-1982.pdf,36,data/raw/prices/cpi-compendia/base-2001.pdf,40,
RAJA,Rajasthan,Ajmer,1.59,True,4.78,data/raw/prices/cpi-compendia/base-1982.pdf,36,data/raw/prices/cpi-compendia/base-2001.pdf,40,
RAJA,Rajasthan,Jaipur,1.25,True,4.25,data/raw/prices/cpi-compendia/base-1982.pdf,36,data/raw/prices/cpi-compendia/base-2001.pdf,40,
TN,Tamil Nadu,Chennai,3.47,True,4.95,data/raw/prices/cpi-compendia/base-1982.pdf,36,data/raw/prices/cpi-compendia/base-2001.pdf,40,
TN,Tamil Nadu,Coimbatore,1.89,True,4.49,data/raw/prices/cpi-compendia/base-1982.pdf,36,data/raw/prices/cpi-compendia/base-2001.pdf,40,
TN,Tamil Nadu,Coonoor,1.54,True,4.58,data/raw/prices/cpi-compendia/base-1982.pdf,36,data/raw/prices/cpi-compendia/base-2001.pdf,40,
TN,Tamil Nadu,Madurai,1.51,True,4.51,data/raw/prices/cpi-compendia/base-1982.pdf,36,data/raw/prices/cpi-compendia/base-2001.pdf,40,
TN,Tamil Nadu,Salem,1.16,True,4.45,data/raw/prices/cpi-compendia/base-1982.pdf,36,data/raw/prices/cpi-compendia/base-2001.pdf,40,
TN,Tamil Nadu,Tiruchirapally,1.35,True,5.01,data/raw/prices/cpi-compendia/base-1982.pdf,36,data/raw/prices/cpi-compendia/base-2001.pdf,40,
UP,Uttar Pradesh,Agra,1.09,True,4.36,data/raw/prices/cpi-compendia/base-1982.pdf,36,data/raw/prices/cpi-compendia/base-2001.pdf,40,
UP,Uttar Pradesh,Ghaziabad,1.27,True,4.78,data/raw/prices/cpi-compendia/base-1982.pdf,36,data/raw/prices/cpi-compendia/base-2001.pdf,40,
UP,Uttar Pradesh,Kanpur,1.3,True,4.5,data/raw/prices/cpi-compendia/base-1982.pdf,36,data/raw/prices/cpi-compendia/base-2001.pdf,40,
UP,Uttar Pradesh,Saharanpur,1.68,True,,data/raw/prices/cpi-compendia/base-1982.pdf,36,data/raw/prices/cpi-compendia/base-2001.pdf,40,No direct 2001-base linking factor because the centre was not retained in the 2001 series.
UP,Uttar Pradesh,Varanasi,1.42,True,4.96,data/raw/prices/cpi-compendia/base-1982.pdf,36,data/raw/prices/cpi-compendia/base-2001.pdf,40,
WB,West Bengal,Asansol,1.0,True,4.37,data/raw/prices/cpi-compendia/base-1982.pdf,36,data/raw/prices/cpi-compendia/base-2001.pdf,40,
WB,West Bengal,Darjeeling,0.59,True,3.8,data/raw/prices/cpi-compendia/base-1982.pdf,36,data/raw/prices/cpi-compendia/base-2001.pdf,40,
WB,West Bengal,Durgapur,0.98,True,5.13,data/raw/prices/cpi-compendia/base-1982.pdf,36,data/raw/prices/cpi-compendia/base-2001.pdf,40,
WB,West Bengal,Haldia,0.83,True,5.64,data/raw/prices/cpi-compendia/base-1982.pdf,36,data/raw/prices/cpi-compendia/base-2001.pdf,40,
WB,West Bengal,Howrah,1.78,True,5.42,data/raw/prices/cpi-compendia/base-1982.pdf,36,data/raw/prices/cpi-compendia/base-2001.pdf,40,
WB,West Bengal,Jalpaiguri,0.94,True,3.96,data/raw/prices/cpi-compendia/base-1982.pdf,36,data/raw/prices/cpi-compendia/base-2001.pdf,40,
WB,West Bengal,Kolkata,4.24,True,5.12,data/raw/prices/cpi-compendia/base-1982.pdf,36,data/raw/prices/cpi-compendia/base-2001.pdf,40,
WB,West Bengal,Raniganj,1.31,True,4.02,data/raw/prices/cpi-compendia/base-1982.pdf,36,data/raw/prices/cpi-compendia/base-2001.pdf,40,
CHD,Chandigarh,Chandigarh,0.16,True,5.26,data/raw/prices/cpi-compendia/base-1982.pdf,36,data/raw/prices/cpi-compendia/base-2001.pdf,40,
DEL,Delhi,Delhi,1.79,True,5.6,data/raw/prices/cpi-compendia/base-1982.pdf,36,data/raw/prices/cpi-compendia/base-2001.pdf,40,
PY,Puducherry,Pondicherry,0.25,True,4.88,data/raw/prices/cpi-compendia/base-1982.pdf,36,data/raw/prices/cpi-compendia/base-2001.pdf,40,
GOA,Goa,Goa,1.0,False,5.59,data/raw/prices/cpi-compendia/base-1982.pdf,36,data/raw/prices/cpi-compendia/base-2001.pdf,40,State-series centre outside the 70-centre All-India weighting system; unit weight within its one-centre state.
HP,Himachal Pradesh,Himachal Pradesh,1.0,False,4.53,data/raw/prices/cpi-compendia/base-1982.pdf,36,data/raw/prices/cpi-compendia/base-2001.pdf,40,State-series centre outside the 70-centre All-India weighting system; unit weight within its one-centre state.
TRI,Tripura,Tripura,1.0,False,4.17,data/raw/prices/cpi-compendia/base-1982.pdf,36,data/raw/prices/cpi-compendia/base-2001.pdf,40,State-series centre outside the 70-centre All-India weighting system; unit weight within its one-centre state.
