source_id,source_name,source_type,used_in_current_pipeline,current_or_future,local_raw_path,source_url,access_date,license_or_terms_notes,citation_key,notes
nss_2007_education,"NSS 2007-08 Participation and Expenditure in Education, 64th Round",microdata,true,current,data/raw/nss_2007_education_64,https://microdata.gov.in/,,Raw redistribution rights are not asserted; keep local.,national_sample_survey_2011,"Core baseline education and participation microdata; public geography is district plus survey-design identifiers, not a demonstrated Census locality code."
nss_2007_consumption,"NSS 2007-08 Household Consumer Expenditure Survey, 64th Round",microdata,true,current,data/raw/nss_2007_consumption_64,https://microdata.gov.in/,,Raw redistribution rights are not asserted; keep local.,national_sample_survey_2011_consumption,Core baseline consumption microdata.
nss_2017_education,"NSS 2017-18 Household Social Consumption: Education, 75th Round",microdata,true,current,data/raw/nss_2017_education_75,https://microdata.gov.in/,,Raw redistribution rights are not asserted; keep local.,national_sample_survey_2022,Follow-up education and household-consumption source; district roster is an input to lineage.
census_2001_mother_tongue,Census of India 2001 C-16 Mother Tongue,census_tables,true,current,data/raw/census_2001/languages/C16,https://censusindia.gov.in/,,Follow Census of India terms; raw workbooks remain local.,census_india_2001,Thirty-five state/UT workbooks used to construct the linguistic-distance IV directly on 2001 districts.
glottolog_5_3,Glottolog 5.3,language_classification,true,current,data/raw/glottolog_5_3,https://glottolog.org/download,2026-08-20,Glottolog 5.3 is CC BY 4.0; direct release files remain versioned and local.,,Direct languoid parent graph is canonical for genealogy; geography is disambiguation-only; Newick trees are retained for independent validation.
glottolog_cldf_5_3,Glottolog 5.3 as CLDF,language_classification_aliases,true,current,data/raw/glottolog_5_3/glottolog-cldf-v5.3.zip,https://zenodo.org/records/18840967,2026-08-20,Glottolog 5.3 CLDF is CC BY 4.0; archive retained versioned and local.,,CLDF languages.csv and names.csv support reviewed Census-language identity matching; outer metadata identifies release 5.3.
district_boundaries_2020,India district boundaries 2020,geospatial,true,current,data/raw/district_boundaries_2020,https://github.com/abhatia08/india_shp_2020,,Repository-specific terms and upstream-source caveats apply.,meyers_india_boundaries_2020,Used by the current draft for maps and spatial weights; not authoritative 2001 geometry.
district_boundaries_2019,India Official Boundaries 2019 district and subdistrict files,geospatial,false,future,data/raw/district_boundaries_2019,https://github.com/justinelliotmeyers/India_Official_Boundaries_2019,,Repository-specific terms and stated accuracy caveats apply.,,Candidate spatial validation only; not a dated national 2017-18 snapshot.
district_changes,District-change and tracker source collection,crosswalk_collection,true,both,data/raw/district_changes,,,Mixed-source terms; consult the detailed source rows and preserve originals.,,Aggregate current-pipeline source ID retained for file_manifest compatibility; detailed products have separate catalog rows.
india_state_stories,India State Stories district-change workbooks,candidate_lineage,true,both,data/raw/district_changes,https://www.indiastatestory.in/datadownloads,2026-07-22,Open-download source; preserve downloaded originals and cite individual products.,,"Alluvial, split/carve-out, name-change, and new-district files generate candidate events and aliases; known errors mean they are not adjudication authority."
isded,"India State and District Evolution Database, 1872-2025",candidate_lineage,false,future,data/raw/district_changes/india_state_stories/isded,https://doi.org/10.7910/DVN/D1AGUR,2026-07-22,Use Harvard Dataverse terms and citation.,,Census-anchor and current administrative evidence; does not alone identify exact effective dates or territorial shares.
iss_census_collection,"Indian Census Data Collection, 1901-2026",validation_tables,false,future,data/raw/district_changes/india_state_stories/census_data_collection,https://doi.org/10.7910/DVN/ON8CP8,2026-07-22,Use Harvard Dataverse terms and citation.,,Historical population validation and current subdistrict/Census-link evidence.
jaacks_tracker,Jaacks Research Group India district changes tracker,candidate_lineage,true,both,data/raw/district_changes/IndiaDistrictTracker2001to2020.ods,https://github.com/Jaacks-Research-Group/india-district-changes-tracker,,Use repository terms; preserve original workbook.,,Annual candidate names and lineage paths; legacy work identified omissions and errors.
kumar_somanathan_2016,"Kumar and Somanathan district concordance, 1961-2001",literature_derived_crosswalk,true,both,data/raw/district_changes/District Carve-Outs and Renamings 1961-2001.csv,https://www.cdedse.org/pdf/work248.pdf,,Local CSV was extracted from the paper with Tabula; verify against the publication.,kumarCreatingLongPanels2016,"Methodological benchmark for clean partitions, non-nested transfers, and population shares; CSV is headerless."
lgd_current,"Local Government Directory current states, districts, subdistricts, villages, ULBs, and coverage",administrative_registry,false,future,data/raw/local_government_directory,https://www.data.gov.in/catalog/local-government-directory-lgd,2026-07-22,Government Open Data License - India/NDSAP applies to data.gov.in resources; preserve acquisition metadata.,,JSON was preferred for state/district/subdistrict files to ensure UTF-8 local names. Current hierarchy is not historical geography.
lgd_modifications_2011_2018,"LGD modification rosters, 2011-01-01 through 2018-06-30",changed_unit_roster,false,future,data/raw/local_government_directory/modifications_01-01-2011_30-06-2018,https://lgdirectory.gov.in/downloadDirectory.do,2026-07-22,Government-source downloads; preserve files unchanged.,,"SpreadsheetML XML files with .xls extension. They identify modified entities, not complete events, predecessors, dates, or shares."
lgd_changes_post_2018,ramSeraph LGD change archive from 2018-10-13 onward,post_period_validation,false,future,data/raw/local_government_directory/changes.csv,https://ramseraph.github.io/opendata/lgd/,2026-07-22,Third-party archive of public LGD extracts; retain provenance.,,Postdates NSS 2017-18; use only to validate later code/history and event-processing logic.
shrug_pc_keys,"SHRUG Population Census keys, 1991/2001/2011",stable_locality_keys,false,future,data/raw/shrug/shrug-pc-keys-csv,https://www.devdatalab.org/shrug_download/,2026-07-22,Use Development Data Lab SHRUG citation and terms.,,Principal rural/urban SHRID bridge between Census locality and district identifiers; keys are not necessarily unique on shrid2.
shrug_census_2001,"SHRUG Census 2001 PCA, Village Directory, and Town Directory",census_locality_attributes,false,future,data/raw/shrug/census_2001,https://www.devdatalab.org/shrug_download/,2026-07-22,Use Development Data Lab SHRUG citation and terms.,,"Population, households, area, and locality attributes for transition weights and validation."
shrug_census_2011,"SHRUG Census 2011 PCA, Village Directory, and Town Directory",census_locality_attributes,false,future,data/raw/shrug/census_2011,https://www.devdatalab.org/shrug_download/,2026-07-22,Use Development Data Lab SHRUG citation and terms.,,"Population, households, area, and locality attributes for transition weights and validation."
shrug_open_polygons,SHRUG PC11 and SHRID open polygons,geospatial,false,future,data/raw/shrug/open-polygons,https://docs.devdatalab.org/SHRUG-Metadata/Open%20Polygons%20and%20Spatial%20Statistics/Tables/open-poly-metadata,2026-07-22,Use SHRUG citation and heed documented geometry-quality limitations.,,PC11 state/district/subdistrict geometry plus local-only village and SHRID archives; planned starting point for dissolved 2001 district geometry.
shrug_economic_census,SHRUG Economic Census keys and 2005 Economic Census,controls_validation,false,future,data/raw/shrug,https://www.devdatalab.org/shrug_download/,2026-07-22,Use Development Data Lab SHRUG citation and terms.,,Possible pre-treatment nonfarm controls and crosswalk validation; not lineage authority.
published_concordance,Deshpande-Khanna-Walia Census/PLFS/NSS/NRLM concordance,published_concordance,false,future,data/raw/concordance,https://ora.ox.ac.uk/objects/uuid:08225ba2-af57-4ba8-8c03-3a027b68b354,2026-07-22,Use paper and archive citation/terms.,,"Independent candidate evidence, especially Telangana 31-to-10 mapping; includes unmatched rows and no legal dates/shares."
ipums_geo2,"IPUMS harmonized India second-level geography, 1987-2009",sensitivity_geography,false,future,data/raw/ipums/geo2_in1987_2009,https://international.ipums.org/international-action/variables/GEO2_IN,2026-07-22,Use IPUMS terms and citation.,,Stable combined geography for sensitivity analysis; not the Census 2001 district target.
administrative_atlas,Census of India 2011 Administrative Atlases,official_event_evidence,false,future,data/raw_future/Administrative Atlas,https://censusindia.gov.in/census.website/data/atlas,,Follow Census of India terms; download only targeted volumes/pages as needed.,,"Targeted evidence for 2001-2011 parentage, notifications, and exact dates. Haryana volume is the worked example."
ilo_figures,ILO figures,image_assets,true,current,assets/ilo_figures,,,Static tracked images; underlying ILO citation governs use.,ilo_2024,Static figures used in the paper collage.
lgd_modifications_2001_2011,"LGD district modification roster, 2001-01-01 through 2011-01-01",official_code_bridge,false,future,data/raw/local_government_directory/modifications_01-01-2001_01-01-2011,https://lgdirectory.gov.in/downloadDirectory.do,2026-07-24,Government-source download; preserve file unchanged.,,District rows carry Census-2001 and Census-2011 codes. Nonblank paired codes are authoritative deterministic code links; blank Census-2001 codes identify post-2001 creations requiring separate lineage evidence.
prices,RBI and Labour Bureau consumer price series,price_index,false,future,data/raw/prices,https://data.rbi.org.in/DBIE/,,Official statistical releases; retain downloaded source files.,,"CPI-RL, CPI-IW, and state CPI Rural/Urban for household price adjustment."
census_2001_controls,Census of India 2001 control tables,census,false,future,data/raw/census_2001,https://censusindia.gov.in/,,Official Census tables; retain downloaded source files.,,"Predetermined district controls from C-01, C-08, C-14, H-09, H-13, and SHRUG PCA/directories."
ethnologue_newick_proxy,Dediu lgfam-newick Ethnologue Newick export,language_classification_proxy,true,current,data/raw/ethnologue/ethnologue-newick-proportional=1.00.csv,https://github.com/ddediu/lgfam-newick/blob/master/output/ethnologue/ethnologue-newick-proportional%3D1.00.csv,2026-08-20,Repository code is GPL-2.0; upstream classification inputs may have separate terms. Preserve downloaded output locally.,dediuLanguageFamilyTreesNewick,Later Ethnologue-derived machine-readable proxy. It is not asserted to reproduce the exact Ethnologue vintage used in Shastry 2008 Figure 6.
dyen_1997,Dyen-Kruskal-Black Comparative Indo-European Database,lexicostatistical_cognacy,true,current,data/raw/cognates/dyen_kruskal_black_1997.txt,https://web.archive.org/web/20030814192224/http://www.wordgumbo.com/ie/cmp/iedata.txt,2026-08-20,Historical research dataset; preserve archived source and attribution locally.,dyenComparativeIndoeuropeanDatabase1997,"Parser excludes doubtful cognations from the denominator, reproducing Shastry's reported one-decimal Hindi cognate percentages."
kogan_2017,Kogan 2017 New Indo-Aryan lexicostatistics,lexicostatistical_wordlists,true,current,data/raw/cognates/koganGenealogicalClassificationNew2017.pdf,https://doi.org/10.31826/jlr-2017-143-411,2026-08-20,Article is CC BY-NC-ND 4.0 on the publisher site; preserve local PDF unchanged.,koganGenealogicalClassificationNew2017,"Appendix contains 100-item Swadesh lists for 35 New Indo-Aryan varieties. Used as review/tie-break evidence, not silently merged with Dyen percentages."
asjp_v21,ASJP Database version 21,phonetic_lexical_wordlists,true,current,data/raw/asjp_v21/asjp-v21.zip,https://doi.org/10.5281/zenodo.16736409,2026-08-21,CC BY 4.0.,wichmannASJPDatabaseVersion2025,Untouched Zenodo archive retained as the raw artifact. The reader opens the unique raw/lists.txt member directly; LDND evidence is review-only.
