file_id,source_id,required_for_current_pipeline,relative_path,expected_size_bytes,file_type,reader_function,target_name,notes
nss0708edu_block3,nss_2007_education,true,data/raw/nss_2007_education_64/Block-3  Household  characteristics.sav,28283894,sav,haven::read_sav,raw_nss_2007_education,Block 3 household characteristics
nss0708edu_block4,nss_2007_education,true,data/raw/nss_2007_education_64/Block-4  Demographic and other particulars of household members.sav,145117864,sav,read_sav_short,raw_nss_2007_education,Block 4 demographic/person records
nss0708edu_block5,nss_2007_education,true,data/raw/nss_2007_education_64/Block-5  Education particulars of those aged 5-29 years who are currently attending primary level and above.sav,38109654,sav,read_sav_short,raw_nss_2007_education,Block 5 schooling details
nss0708edu_block6,nss_2007_education,true,data/raw/nss_2007_education_64/Block-6  Particulars of private expend.sav,34841313,sav,haven::read_sav,raw_nss_2007_education,Block 6 private expenditure
nss0708edu_metadata,nss_2007_education,true,data/raw/nss_2007_education_64/DDI Metadata from Nesstar XML.xlsx,,xlsx,readxl::read_xlsx,district_keys_2007,District/region/state code labels
nss0708cons_hhchar,nss_2007_consumption,true,data/raw/nss_2007_consumption_64/Household Characteristics.sav,18094126,sav,haven::read_sav,raw_nss_2007_consumption,Baseline consumption household characteristics
nss1718edu_block3,nss_2017_education,true,data/raw/nss_2017_education_75/Block 3 - Household characteristics.sav,42411683,sav,read_sav_short,raw_nss_2017_education,2017-18 household characteristics
nss1718_districts,nss_2017_education,true,data/raw/nss_2017_education_75/List of Districts NSS 2017-18.csv,20472,csv,read_csv_short,district_keys_2017,District labels
nss1718_state_codes,nss_2017_education,true,data/raw/nss_2017_education_75/State Codes.csv,549,csv,read_csv_short,district_keys_2017,State code labels
census2001_c16_01,census_2001_mother_tongue,true,data/raw/census_2001/languages/C16/PC01_C16_01.xls,,xls,readxl::read_excel,raw_census_2001,Census C-16 mother tongue file
census2001_c16_02,census_2001_mother_tongue,true,data/raw/census_2001/languages/C16/PC01_C16_02.xls,,xls,readxl::read_excel,raw_census_2001,Census C-16 mother tongue file
census2001_c16_03,census_2001_mother_tongue,true,data/raw/census_2001/languages/C16/PC01_C16_03.xls,,xls,readxl::read_excel,raw_census_2001,Census C-16 mother tongue file
census2001_c16_04,census_2001_mother_tongue,true,data/raw/census_2001/languages/C16/PC01_C16_04.xls,,xls,readxl::read_excel,raw_census_2001,Census C-16 mother tongue file
census2001_c16_05,census_2001_mother_tongue,true,data/raw/census_2001/languages/C16/PC01_C16_05.xls,,xls,readxl::read_excel,raw_census_2001,Census C-16 mother tongue file
census2001_c16_06,census_2001_mother_tongue,true,data/raw/census_2001/languages/C16/PC01_C16_06.xls,,xls,readxl::read_excel,raw_census_2001,Census C-16 mother tongue file
census2001_c16_07,census_2001_mother_tongue,true,data/raw/census_2001/languages/C16/PC01_C16_07.xls,,xls,readxl::read_excel,raw_census_2001,Census C-16 mother tongue file
census2001_c16_08,census_2001_mother_tongue,true,data/raw/census_2001/languages/C16/PC01_C16_08.xls,,xls,readxl::read_excel,raw_census_2001,Census C-16 mother tongue file
census2001_c16_09,census_2001_mother_tongue,true,data/raw/census_2001/languages/C16/PC01_C16_09.xls,,xls,readxl::read_excel,raw_census_2001,Census C-16 mother tongue file
census2001_c16_10,census_2001_mother_tongue,true,data/raw/census_2001/languages/C16/PC01_C16_10.xls,,xls,readxl::read_excel,raw_census_2001,Census C-16 mother tongue file
census2001_c16_11,census_2001_mother_tongue,true,data/raw/census_2001/languages/C16/PC01_C16_11.xls,,xls,readxl::read_excel,raw_census_2001,Census C-16 mother tongue file
census2001_c16_12,census_2001_mother_tongue,true,data/raw/census_2001/languages/C16/PC01_C16_12.xls,,xls,readxl::read_excel,raw_census_2001,Census C-16 mother tongue file
census2001_c16_13,census_2001_mother_tongue,true,data/raw/census_2001/languages/C16/PC01_C16_13.xls,,xls,readxl::read_excel,raw_census_2001,Census C-16 mother tongue file
census2001_c16_14,census_2001_mother_tongue,true,data/raw/census_2001/languages/C16/PC01_C16_14.xls,,xls,readxl::read_excel,raw_census_2001,Census C-16 mother tongue file
census2001_c16_15,census_2001_mother_tongue,true,data/raw/census_2001/languages/C16/PC01_C16_15.xls,,xls,readxl::read_excel,raw_census_2001,Census C-16 mother tongue file
census2001_c16_16,census_2001_mother_tongue,true,data/raw/census_2001/languages/C16/PC01_C16_16.xls,,xls,readxl::read_excel,raw_census_2001,Census C-16 mother tongue file
census2001_c16_17,census_2001_mother_tongue,true,data/raw/census_2001/languages/C16/PC01_C16_17.xls,,xls,readxl::read_excel,raw_census_2001,Census C-16 mother tongue file
census2001_c16_18,census_2001_mother_tongue,true,data/raw/census_2001/languages/C16/PC01_C16_18.xls,,xls,readxl::read_excel,raw_census_2001,Census C-16 mother tongue file
census2001_c16_19,census_2001_mother_tongue,true,data/raw/census_2001/languages/C16/PC01_C16_19.xls,,xls,readxl::read_excel,raw_census_2001,Census C-16 mother tongue file
census2001_c16_20,census_2001_mother_tongue,true,data/raw/census_2001/languages/C16/PC01_C16_20.xls,,xls,readxl::read_excel,raw_census_2001,Census C-16 mother tongue file
census2001_c16_21,census_2001_mother_tongue,true,data/raw/census_2001/languages/C16/PC01_C16_21.xls,,xls,readxl::read_excel,raw_census_2001,Census C-16 mother tongue file
census2001_c16_22,census_2001_mother_tongue,true,data/raw/census_2001/languages/C16/PC01_C16_22.xls,,xls,readxl::read_excel,raw_census_2001,Census C-16 mother tongue file
census2001_c16_23,census_2001_mother_tongue,true,data/raw/census_2001/languages/C16/PC01_C16_23.xls,,xls,readxl::read_excel,raw_census_2001,Census C-16 mother tongue file
census2001_c16_24,census_2001_mother_tongue,true,data/raw/census_2001/languages/C16/PC01_C16_24.xls,,xls,readxl::read_excel,raw_census_2001,Census C-16 mother tongue file
census2001_c16_25,census_2001_mother_tongue,true,data/raw/census_2001/languages/C16/PC01_C16_25.xls,,xls,readxl::read_excel,raw_census_2001,Census C-16 mother tongue file
census2001_c16_26,census_2001_mother_tongue,true,data/raw/census_2001/languages/C16/PC01_C16_26.xls,,xls,readxl::read_excel,raw_census_2001,Census C-16 mother tongue file
census2001_c16_27,census_2001_mother_tongue,true,data/raw/census_2001/languages/C16/PC01_C16_27.xls,,xls,readxl::read_excel,raw_census_2001,Census C-16 mother tongue file
census2001_c16_28,census_2001_mother_tongue,true,data/raw/census_2001/languages/C16/PC01_C16_28.xls,,xls,readxl::read_excel,raw_census_2001,Census C-16 mother tongue file
census2001_c16_29,census_2001_mother_tongue,true,data/raw/census_2001/languages/C16/PC01_C16_29.xls,,xls,readxl::read_excel,raw_census_2001,Census C-16 mother tongue file
census2001_c16_30,census_2001_mother_tongue,true,data/raw/census_2001/languages/C16/PC01_C16_30.xls,,xls,readxl::read_excel,raw_census_2001,Census C-16 mother tongue file
census2001_c16_31,census_2001_mother_tongue,true,data/raw/census_2001/languages/C16/PC01_C16_31.xls,,xls,readxl::read_excel,raw_census_2001,Census C-16 mother tongue file
census2001_c16_32,census_2001_mother_tongue,true,data/raw/census_2001/languages/C16/PC01_C16_32.xls,,xls,readxl::read_excel,raw_census_2001,Census C-16 mother tongue file
census2001_c16_33,census_2001_mother_tongue,true,data/raw/census_2001/languages/C16/PC01_C16_33.xls,,xls,readxl::read_excel,raw_census_2001,Census C-16 mother tongue file
census2001_c16_34,census_2001_mother_tongue,true,data/raw/census_2001/languages/C16/PC01_C16_34.xls,,xls,readxl::read_excel,raw_census_2001,Census C-16 mother tongue file
census2001_c16_35,census_2001_mother_tongue,true,data/raw/census_2001/languages/C16/PC01_C16_35.xls,,xls,readxl::read_excel,raw_census_2001,Census C-16 mother tongue file
glottolog53_languoids,glottolog_5_3,true,data/raw/glottolog_5_3/glottolog_languoid.csv.zip,589571,zip,read_glottolog_5_3,glottolog_5_3,Glottolog 5.3 languoid genealogy; canonical parent graph for language-distance construction.
glottolog53_newick,glottolog_5_3,true,data/raw/glottolog_5_3/tree_glottolog_newick.txt,772419,txt,read_glottolog_5_3,glottolog_5_3,Glottolog 5.3 top-level family trees; retained as an independent genealogy representation for validation.
glottolog53_geo,glottolog_5_3,true,data/raw/glottolog_5_3/languages_and_dialects_geo.csv,1072964,csv,read_glottolog_5_3,glottolog_5_3,"Glottolog 5.3 language/dialect geography; disambiguation only, never the distance source."
glottolog53_cldf,glottolog_cldf_5_3,true,data/raw/glottolog_5_3/glottolog-cldf-v5.3.zip,49646070,zip,read_glottolog_5_3,glottolog_5_3,Glottolog 5.3 CLDF release from Zenodo record 18840967; aliases and reviewed Census-language crosswalk support.
district_boundaries_2020_shp,district_boundaries_2020,true,data/raw/district_boundaries_2020/district/in_district.shp,59238080,shp,sf::st_read,raw_boundaries_2020,District shapefile component
district_boundaries_2020_shx,district_boundaries_2020,true,data/raw/district_boundaries_2020/district/in_district.shx,,shx,sf::st_read,raw_boundaries_2020,District shapefile component
district_boundaries_2020_dbf,district_boundaries_2020,true,data/raw/district_boundaries_2020/district/in_district.dbf,,dbf,sf::st_read,raw_boundaries_2020,District shapefile component
district_boundaries_2020_prj,district_boundaries_2020,true,data/raw/district_boundaries_2020/district/in_district.prj,,prj,sf::st_read,raw_boundaries_2020,District shapefile component
district_changes_alluvial,district_changes,true,data/raw/district_changes/Time series- State and Districts Changes -Alluvial 1951-2024.xlsx,64960,xlsx,readxl::read_xlsx,raw_district_changes,Primary alluvial district-change source
district_changes_carveouts,district_changes,true,data/raw/district_changes/District Carve-Outs and Renamings 1961-2001.csv,12737,csv,read_district_carveouts,raw_district_changes,Headerless five-column carve-out/renaming source
district_changes_tracker,district_changes,true,data/raw/district_changes/IndiaDistrictTracker2001to2020.ods,111057,ods,readODS::read_ods,raw_district_changes,Tracker source
district_changes_new_districts,district_changes,true,data/raw/district_changes/New Districts Created between 1951-2024.xlsx,29535,xlsx,readxl::read_xlsx,raw_district_changes,Validation source
district_changes_name_changes,district_changes,true,data/raw/district_changes/Name Changes_Districts_Indian States_1951-2021.xlsx,18606,xlsx,readxl::read_xlsx,raw_district_changes,Validation source
district_changes_splits,district_changes,true,data/raw/district_changes/District Splits and Carve outs-decadewise  1951-2024.xlsx,41924,xlsx,readxl::read_xlsx,raw_district_changes,Validation source
ilo_real_earnings,ilo_figures,true,assets/ilo_figures/average_monthly_real_earnings_total.png,194963,png,magick::image_read,raw_ilo_figures,Static ILO image asset
ilo_lfpr_wpr_unemp,ilo_figures,true,assets/ilo_figures/lfpr_wpr_unemployment_all.png,127346,png,magick::image_read,raw_ilo_figures,Static ILO image asset
ilo_unemp_education,ilo_figures,true,assets/ilo_figures/unemployment_rate_by_general_education.png,137572,png,magick::image_read,raw_ilo_figures,Static ILO image asset
price_cpi_alrl_state,prices,true,data/raw/prices/cpi_alrl_st_rn_26_7_2026.csv,,csv,utils::read.csv,price_sources,State CPI-AL and CPI-RL series
price_cpi_iw_centres,prices,true,data/raw/prices/cpi_iw_aisc_rn_26_7_2026.csv,,csv,utils::read.csv,price_sources,CPI-IW All India and centre series
price_cpi_ruc_2010,prices,true,data/raw/prices/cpi_ruc_st_rn_26_7_2026_2011-2014_base-2010.csv,,csv,utils::read.csv,price_sources,State rural and urban CPI base 2010
price_cpi_ruc_2012,prices,true,data/raw/prices/cpi_ruc_st_rn_26_7_2026_2013-2025_base-2012.csv,,csv,utils::read.csv,price_sources,State rural and urban CPI base 2012
price_tendulkar_2011_12,prices,false,data/raw/prices/poverty-lines/press-note-poverty-2011-12-23-08-16.pdf,,pdf,pdftools::pdf_text,price_sources,Tendulkar state-sector poverty lines
census2001_c01,census_2001_controls,true,data/raw/census_2001/religion/C01,,directory,custom,raw_census_2001_controls,Census 2001 religion tables
census2001_c08,census_2001_controls,true,data/raw/census_2001/education/C08,,directory,custom,raw_census_2001_controls,Census 2001 educational attainment tables
census2001_c14,census_2001_controls,true,data/raw/census_2001/age/C14,,directory,custom,raw_census_2001_controls,Census 2001 age tables
census2001_h09,census_2001_controls,true,data/raw/census_2001/housing/H09,,directory,custom,raw_census_2001_controls,Census 2001 lighting tables
census2001_h13,census_2001_controls,false,data/raw/census_2001/housing/H13,,directory,custom,raw_census_2001_controls,Census 2001 banking and asset tables
shrug_pca01_controls,census_2001_controls,true,data/raw/shrug/census_2001/shrug-pca01-csv.zip,,zip,custom,raw_census_2001_controls,SHRUG district-level Census 2001 PCA archive
ethnologue_newick_proxy,ethnologue_newick_proxy,true,data/raw/ethnologue/ethnologue-newick-proportional=1.00.csv,464107,tsv,read_historical_linguistic_sources,historical_linguistic_sources,"Dediu lgfam-newick Ethnologue export. Despite .csv suffix it is tab-separated; use as a later Ethnologue review proxy, not as the exact 2008 Figure 6 topology."
dyen1997_raw,dyen_1997,true,data/raw/cognates/dyen_kruskal_black_1997.txt,849705,txt,read_historical_linguistic_sources,historical_linguistic_sources,Archived 1997 Comparative Indo-European database with 200 meanings and explicit cognate/doubtful/not-cognate judgments.
kogan2017_pdf,kogan_2017,true,data/raw/cognates/koganGenealogicalClassificationNew2017.pdf,400620,pdf,read_historical_linguistic_sources,historical_linguistic_sources,Kogan 2017 lexicostatistical paper and 35-language Swadesh appendix; retained as review evidence rather than parsed from PDF in production.
asjp_v21_archive,asjp_v21,true,data/raw/cognates/asjp-v21.zip,16238442,zip,read_historical_linguistic_sources,historical_linguistic_sources,Untouched ASJP Database v21 Zenodo archive in the shared cognates raw directory. read_asjp_v21() reads the unique */raw/lists.txt member directly; CC BY 4.0.
dise_internet_archive,dise_district_report_cards,false,data/raw/dise_internet_archive,,directory,read_dise_baseline_archive,raw_dise_baseline,"Archived NIEPA/NUEPA DISE district report-card raw workbooks and report-card PDFs, 2002-03 to 2015-16; optional extended diagnostics."
nss6104cons_csv_archive,nss_2004_05_consumption,true,"data/raw/hces/2004-05/Household Consumer Expenditure, July 2004 - June 2005_Csv.zip",148594858,zip,read_registered_detailed_consumption,consumption_households_2004_05,NSS 61 Schedule 1.0 distributed CSV archive; household MPCE baseline.
nss6609cons_t1_csv_archive,nss_2009_10_consumption_type1,true,data/raw/hces/2009-10/type1/CSV_data_Hhold_Cons_Exp_Type_1_July_2009_June_2010.zip,137034654,zip,read_registered_detailed_consumption,consumption_households_2009_10_type1,NSS 66 Schedule 1.0 Type 1 distributed CSV archive; design sensitivity.
nss6609cons_t2_csv_archive,nss_2009_10_consumption_type2,true,data/raw/hces/2009-10/type2/CSV_data_nss66_consumer_expenditure_type_2.zip,128007384,zip,read_registered_detailed_consumption,consumption_households_2009_10_type2,NSS 66 Schedule 1.0 Type 2 distributed CSV archive; early post-treatment welfare.
nss6811cons_t2_csv_archive,nss_2011_12_consumption_type2,true,data/raw/hces/2011-12/CSV_data_nss68_consumer_expenditure_type2.zip,145443065,zip,read_registered_detailed_consumption,consumption_households_2011_12_type2,NSS 68 Schedule 1.0 Type 2 distributed CSV archive; medium-run welfare.
nss6811_district_ddi,nss_2011_12_consumption_type2,true,data/raw/hces/2011-12/DDI-IND-MOSPI-NSSO-68Rnd-Sch2.0-July2011-June2012.xml,3364186,xml,read_consumption_district_codebook_ddi,consumption_district_codebook_2011_12,Official NSS 68 DDI with labelled four-digit district-code categories.
nss6104_district_codes,nss_2004_05_consumption,true,data/raw/hces/2004-05/District_code_list_nss61_round.xls,91136,xls,read_consumption_district_codebook_excel,consumption_district_codebook_2004_05,Official NSS 61 district-code list from MoSPI related materials.
nss6609_district_codes,nss_2009_10_consumption_type2,true,"data/raw/hces/2009-10/District code_66.xls",67584,xls,read_consumption_district_codebook_excel,consumption_district_codebook_2009_10,Official NSS 66 district-code list; shared survey-frame geography for Type 1 and Type 2.
