mother_tongue_code,mother_tongue,assigned_shastry_degree,shastry_anchor,lsi_classification,lsi_volume,lsi_year,lsi_pages,lsi_url,lsi_evidence,lexical_source,lexical_pages,lexical_url,lexical_evidence,decision_basis,confidence,sensitivity_degrees,review_status,notes
006045,Bhojpuri,3.0,Bihari,Bihari / Bhojpuri,V(II),1903,1; 186,https://dsal.uchicago.edu/LSI/volume/V%20Indo-Aryan%2C%20eastern%20group,LSI V(II) treats Bhojpuri as a dialect within Bihari; the later Ethnologue proxy places Bhojpuri nearest the degree-3 eastern anchors.,,,,,lsi_plus_historical_tree,high,,accepted,Directly inherits Shastry's published Bihari degree.
006179,Magadhi/Magahi,3.0,Bihari,Bihari / Magahi,V(II),1903,1; 36,https://dsal.uchicago.edu/LSI/volume/V%20Indo-Aryan%2C%20eastern%20group,LSI V(II) treats Magahi as a principal Bihari variety; the later Ethnologue proxy places Magahi nearest the degree-3 eastern anchors.,,,,,lsi_plus_historical_tree,high,,accepted,Directly inherits Shastry's published Bihari degree.
006251,Sadan/Sadri,3.0,Bihari,Bihari / Nagpuria-Sadri,V(II),1903,140; 266,https://glottolog.org/resource/reference/id/59751,Grierson's V(II) material includes Sadri Kol and Nagpuria or Sadan within the Bihari volume; the historical proxy likewise places Sadri with the Bihari/eastern branch.,,,,,lsi_plus_historical_tree,high,,accepted,Treat Sadan/Sadri as the Nagpuria/Sadri Bihari variety for the Shastry anchor.
006192,Marwari,1.0,Rajasthani,Western Rajasthani / Marwari,IX(II),1908,1-3; 87,https://books.google.com/books?id=uT1BAQAAMAAJ,"LSI IX(II) defines Rajasthani and treats Marwari as a principal Rajasthani dialect; the historical proxy's nearest scored anchors are Gujarati and Punjabi, both degree 1.",,,,,lsi_plus_historical_tree,high,,accepted,Directly inherits Shastry's published Rajasthani degree.
006187,Malvi,1.0,Rajasthani,South-Eastern Rajasthani / Malvi,IX(II),1908,1-3; 240,https://books.google.com/books?id=uT1BAQAAMAAJ,LSI IX(II) places Malvi within its Rajasthani classification and gives Malvi its own section at page 240; the historical proxy's nearest scored anchors are degree-1 Gujarati/Punjabi.,,,,,lsi_plus_historical_tree,high,,accepted,Directly inherits Shastry's published Rajasthani degree.
006195,Mewari,1.0,Rajasthani,Western Rajasthani / Mewari,IX(II),1908,1-3,https://glottolog.org/resource/reference/id/50330,Grierson IX(II) includes Mewari among the Rajasthani varieties; the historical proxy's nearest scored anchors are degree-1 Gujarati/Punjabi.,,,,,lsi_plus_historical_tree,high,,accepted,Directly inherits Shastry's published Rajasthani degree.
006196,Mewati,1.0,Rajasthani,North-Eastern Rajasthani / Mewati,IX(II),1908,1-3; 221,https://books.google.com/books?id=uT1BAQAAMAAJ,LSI IX(II) treats Mewati within Rajasthani and begins its Mewati section at page 221; the historical proxy's nearest scored anchors are degree-1 Gujarati/Punjabi.,,,,,lsi_plus_historical_tree,high,,accepted,Directly inherits Shastry's published Rajasthani degree.
006116,Harauti,1.0,Rajasthani,Central-Eastern Rajasthani / Harauti,IX(II),1908,2-3,https://glottolog.org/resource/reference/id/50330,Grierson IX(II) lists Harauti among the Rajasthani varieties; its classification therefore maps to Shastry's published Rajasthani degree.,,,,,lsi_classification,high,,accepted,No lexical tie-break is required because the historical classification is inside Rajasthani.
006117,Haryanvi,0.0,Hindi,Western Hindi / Bangaru-Hariani,IX(I),1916,1; 63,https://books.google.com/books?id=Gj5BAQAAMAAJ,Grierson's Western Hindi treatment places the Haryana/Bangaru speech in Western Hindi; the historical proxy makes Hindi the unique nearest scored anchor.,,,,,lsi_plus_historical_tree,high,,accepted,Assigned the published Hindi anchor degree rather than inheriting zero from the Census Hindi umbrella.
006060,Bundeli/Bundelkhandi,0.0,Hindi,Western Hindi / Bundeli,IX(I),1916,1,https://dsal.uchicago.edu/books/lsi/,Grierson classifies Bundeli as Western Hindi; the historical proxy makes Hindi the unique nearest scored anchor.,,,,,lsi_plus_historical_tree,high,,accepted,Assigned the published Hindi anchor degree.
006148,Khari Boli,0.0,Hindi,Western Hindi / vernacular Hindostani-Khari Boli,IX(I),1916,40-65,https://books.google.com/books?id=Gj5BAQAAMAAJ,LSI IX(I) treats vernacular Hindostani/Khari Boli in the Western Hindi section; the accepted Glottolog identity resolves to Hindi.,,,,,lsi_classification,high,,accepted,Reference-variety assignment; distinct from using the Census umbrella as a fallback.
006072,Chhattisgarhi,,,Eastern Hindi / Chhattisgarhi,VI,1904,1-3; 24,https://ignca.gov.in/Asi_data/23429.pdf,"LSI VI classifies Chhattisgarhi within Eastern Hindi. The later Ethnologue proxy makes Marathi the closest scored leaf, while the historical linguistic interpretation places Eastern Hindi between Western Hindi and Bihari; no unique Shastry anchor is established.",,,,,historical_classification_ambiguous,medium,0;2;3,review_required,Keep unresolved pending a defensible Figure-6-equivalent anchor rule or lexical adjudication.
006008,Awadhi,,,Eastern Hindi / Awadhi,VI,1904,1-3; 31-121,https://ignca.gov.in/Asi_data/23429.pdf,LSI VI classifies Awadhi within Eastern Hindi. The later proxy topology does not yield an anchor consistent enough to override the historical classification.,,,,,historical_classification_ambiguous,medium,0;2;3,review_required,Kogan AWD can be used as tie-breaking evidence after its lexical values are extracted.
006016,Bagheli/Baghel Khandi,,,Eastern Hindi / Bagheli,VI,1904,1-3; 124-172,https://ignca.gov.in/Asi_data/23429.pdf,"LSI VI classifies Bagheli within Eastern Hindi and places its specimens from page 124. Historical branch meaning is clear, but the corresponding Shastry anchor remains ambiguous.",,,,,historical_classification_ambiguous,medium,0;2;3,review_required,Do not mechanically use the modern/proxy nearest node.
030007,Bhili/Bhilodi,,,Bhil transitional complex,IX(III),1907,title; throughout,https://glottolog.org/resource/reference/id/309620,"LSI IX(III) is devoted to the Bhil languages including Khandeshi and Banjari/Labhani. Bhili is historically transitional toward Gujarati/Rajasthani and Marathi, so degree 1 versus 2 remains a genuine sensitivity question.",,,,,historical_classification_ambiguous,medium,1;2,review_required,Needs lexical adjudication rather than automatic assignment.
030055,Wagdi,,,Bhil / Wagdi,IX(III),1907,throughout,https://glottolog.org/resource/reference/id/309620,LSI IX(III) treats Wagdi within the Bhil-language complex; the later proxy is closest to degree-1 Gujarati/Punjabi but the Bhil continuum warrants lexical confirmation.,,,,,historical_classification_ambiguous,medium,1;2,review_required,Kogan WGD is available for tie-breaking.
006210,Nimadi,,,Southern Rajasthani / Nimadi,IX(II),1908,1-3; 296,https://books.google.com/books?id=uT1BAQAAMAAJ,"Grierson IX(II) places Nimadi within the Rajasthani treatment, but also describes it as transitional and Marathi-influenced; retain degree 1 versus 2 sensitivity.",,,,,historical_classification_ambiguous,medium,1;2,review_required,Do not force the preferred degree until the transition evidence is adjudicated.
006153,Khortha/Khotta,3.0,Bihari,Bihari / Eastern Magahi,Linguistic Survey of India - Jharkhand,2021,73,https://wagtail.ruralindiaonline.org/media/documents/Linguistic_Survey_of_India-_Jharkhand.pdf,The Jharkhand LSI states that Khortha/Khotta belongs to the Bihari group and that Grierson V(II) clubbed it within Eastern Magahi.,,,,,lsi_direct_anchor,high,,accepted,Published Shastry anchor Bihari has degree 3.
006204,Nagpuria,3.0,Bihari,Eastern Magahi / Bhojpuri-Sadri complex,Linguistic Survey of India - Jharkhand,2021,71-72,https://wagtail.ruralindiaonline.org/media/documents/Linguistic_Survey_of_India-_Jharkhand.pdf,The Jharkhand LSI places Nagpuria in Eastern Magahi and reports Grierson's classification of Nagpuria/Sadri as a Bhojpuri variety influenced by Magahi.,,,,,lsi_direct_anchor,high,,accepted,Both historical Bhojpuri and Magahi placements fall under Shastry's Bihari degree-3 anchor.
004001,Dogri,1.0,Punjabi,Western Pahari; historically also classified with Punjabi varieties,Linguistic Survey of India - Himachal Pradesh,2021,54,https://ruralindiaonline.org/media/documents/Language_Survey_of_India_-_Himachal_Pradesh.pdf,The report states that Dogri is now considered Western Pahari and notes its earlier classification as a Punjabi variety.,Kogan 2017,236,https://doi.org/10.31826/jlr-2017-143-411,"Kogan Table 1 gives Dogri-Punjabi 93%, versus Hindi 87%, Rajasthani 84%, Gujarati 79%, and Marathi 67%.",lsi_plus_kogan_tiebreak,high,,accepted,Historical classification plus lexical comparison selects the published Punjabi degree-1 anchor.
075012,Multani,1.0,Punjabi,"Lahnda, southern/standard dialect",Multan District Gazetteer summarizing LSI VIII(I),1923-24,86,https://ignca.gov.in/Asi_data/30688.pdf,"The Gazetteer, explicitly summarizing Grierson VIII(I), identifies Multani as a variant of the southern Lahnda dialect and discusses its relationship with Punjabi.",Kogan 2017,236,https://doi.org/10.31826/jlr-2017-143-411,"Kogan Table 1 gives Lahnda/Multani-Punjabi 90%, versus Hindi 85%, Sindhi 84%, Rajasthani 80%, Gujarati 74%, and Marathi 63%.",lsi_plus_kogan_tiebreak,high,,accepted,"The nearest scored lexical anchor is Punjabi, degree 1."
006103,Gojri,1.0,Punjabi/Rajasthani,Gujuri; historically classified close to Mewati,"LSI IX(IV), Specimens of the Pahari Languages and Gujuri",1916,925-981,https://glottolog.org/resource/reference/id/50321,LSI IX(IV) contains a dedicated Gujuri group; Grierson's historical classification treated Gojri/Gujuri in the Pahari-Gujuri volume.,Kogan 2017,236-237,https://doi.org/10.31826/jlr-2017-143-411,"Kogan identifies Gojri with a Hindko affinity; Table 1 gives Gojri-Punjabi 93%, Hindi 91%, Rajasthani 84%, Gujarati 81%, Marathi 69%. Both the historical Mewati/Rajasthani and lexical Punjabi anchors have Shastry degree 1.",lsi_plus_kogan_concordant_anchors,high,,accepted,Competing classifications agree on Shastry degree 1 even though they disagree on subgroup.
006171,Lamani/Lambadi,1.0,Rajasthani/Gujarati,Banjari/Labhani/Lamani complex,"LSI IX(III), Bhil Languages including Khandeshi, Banjari or Labhani",1907,255 and Banjari/Labhani section,https://glottolog.org/resource/reference/id/309620,Grierson treats Banjari/Labhani and multiple Lamani/Lambadi names in the same historical complex; the LSI source inventory explicitly equates Banjari or Labhani with Lambadi.,Kogan 2017,236-237,https://doi.org/10.31826/jlr-2017-143-411,"Kogan notes Banjari is also called Lamani/Lambadi. Table 1 gives Banjari-Rajasthani 82% and Banjari-Gujarati 82%, above Punjabi 80%, Hindi 79%, and Marathi 67%.",lsi_plus_kogan_tiebreak,high,,accepted,Nearest published anchors Rajasthani and Gujarati both have degree 1.
006026,Banjari,1.0,Rajasthani/Gujarati,Banjari/Labhani/Lamani complex,"LSI IX(III), Bhil Languages including Khandeshi, Banjari or Labhani",1907,255 and Banjari/Labhani section,https://glottolog.org/resource/reference/id/309620,Grierson's IX(III) explicitly includes Banjari or Labhani; the source inventory records Banjari/Labhani/Lamani forms as the Lambadi complex.,Kogan 2017,236-237,https://doi.org/10.31826/jlr-2017-143-411,"Kogan Table 1 gives Banjari-Rajasthani 82% and Banjari-Gujarati 82%, above Punjabi 80%, Hindi 79%, and Marathi 67%.",lsi_plus_kogan_tiebreak,high,,accepted,Nearest published anchors Rajasthani and Gujarati both have degree 1.
