"term","estimate","std.error","statistic","p.value","missing_var","pseudoR2","nobs","p_adj"
"(Intercept)",-6.04439940358295,0.588168921022433,-10.2766385430155,8.98052506962558e-25,"TUTION_FEE",0.0558157820136983,89841,NA
"SECTORUrban",0.251626765222952,0.0435398198465204,5.77923303564291,7.50419254117576e-09,"TUTION_FEE",0.0558157820136983,89841,2.54687746852026e-08
"SEXFemale",-0.0818958642680776,0.0405678477254365,-2.01873820919338,0.0435144364079338,"TUTION_FEE",0.0558157820136983,89841,0.0812269479614764
"AGE",0.0950697531283269,0.00545700290560028,17.4216057372374,5.65671051851883e-68,"TUTION_FEE",0.0558157820136983,89841,1.46204210324794e-66
"HH_SIZE",-0.022333195067645,0.0089302345773791,-2.50085200720444,0.0123894939661791,"TUTION_FEE",0.0558157820136983,89841,0.0244874704272715
"RELIGIONMuslim",0.1995618320278,0.0617408700891673,3.23224845616184,0.00122820216165353,"TUTION_FEE",0.0558157820136983,89841,0.00282654744051771
"RELIGIONChristian",-0.0122538236602593,0.163481559867857,-0.0749553874465362,0.940250207649045,"TUTION_FEE",0.0558157820136983,89841,0.966881577048241
"RELIGIONSikh",0.154184526979863,0.212060955658884,0.727076450734666,0.46717912392494,"TUTION_FEE",0.0558157820136983,89841,0.603739175533768
"RELIGIONJain",0.180316541757632,0.134991201665047,1.33576514271687,0.181626049570102,"TUTION_FEE",0.0558157820136983,89841,0.272439074355153
"RELIGIONBuddhist",0.0191382991469502,0.23510380973856,0.0814036113163474,0.935120977229398,"TUTION_FEE",0.0558157820136983,89841,0.96677122568947
"RELIGIONZoroastrian",0.296080278263664,0.313837032680832,0.943420461678829,0.345465881165809,"TUTION_FEE",0.0558157820136983,89841,0.471855837689886
"RELIGIONOther",-7.44099149086647,112.388226273306,-0.0662079270899023,0.947212285719356,"TUTION_FEE",0.0558157820136983,89841,0.967365738607001
"SOCIAL_GROUPScheduled Tribe",-0.447245087916518,0.101955180606679,-4.38668329804536,1.15092178712568e-05,"TUTION_FEE",0.0558157820136983,89841,3.1959481030928e-05
"SOCIAL_GROUPScheduled Caste",0.00817434346965282,0.0618054276326865,0.132259314153337,0.894779187209832,"TUTION_FEE",0.0558157820136983,89841,0.942463344521954
"SOCIAL_GROUPOther Backward Class",-0.0723978518457832,0.0519389311376487,-1.39390338345459,0.163346782440476,"TUTION_FEE",0.0558157820136983,89841,0.249475085909091
"state_0708Andhra Pardesh",0.749325008344097,0.592453894253159,1.26478197816336,0.205949493439046,"TUTION_FEE",0.0558157820136983,89841,0.303504516647015
"state_0708Arunachal Pradesh",2.46613516041618,0.599425068501241,4.11416754154497,3.88579142425484e-05,"TUTION_FEE",0.0558157820136983,89841,0.000102002024886689
"state_0708Assam",1.80412969023681,0.591710678188594,3.04900647688124,0.00229599531557652,"TUTION_FEE",0.0558157820136983,89841,0.00507535806601126
"state_0708Bihar",1.48233261472401,0.586351777571209,2.52806023862355,0.0114694671253543,"TUTION_FEE",0.0558157820136983,89841,0.022803200911947
"state_0708Chandigarh",1.24424730024928,0.69701574596516,1.7851064447997,0.0742440528075111,"TUTION_FEE",0.0558157820136983,89841,0.127928214068327
"state_0708Chhattisgarh",0.919630978434441,0.614348520212958,1.49692063735363,0.13441390962561,"TUTION_FEE",0.0558157820136983,89841,0.216091261407679
"state_0708Dadra & Nagar Haveli",-0.085861033994966,1.15974413921604,-0.0740344625091236,0.940982963377306,"TUTION_FEE",0.0558157820136983,89841,0.966881577048241
"state_0708Daman & Diu",1.38502552766794,0.713583681395877,1.94094338726835,0.0522651445751397,"TUTION_FEE",0.0558157820136983,89841,0.0939095645842083
"state_0708Delhi",1.73022153137924,0.601676443793116,2.87566772677936,0.00403173878413938,"TUTION_FEE",0.0558157820136983,89841,0.00857382424981539
"state_0708Goa",1.37410801457159,0.69615373464325,1.97385713268602,0.0483979902649708,"TUTION_FEE",0.0558157820136983,89841,0.0888618837651923
"state_0708Gujrat",1.44635845272503,0.590348161691682,2.45000924298704,0.0142852547618761,"TUTION_FEE",0.0558157820136983,89841,0.0280692725145635
"state_0708Haryana",2.26531152616007,0.589239982701096,3.84446336410474,0.00012081653198383,"TUTION_FEE",0.0558157820136983,89841,0.000296309158734064
"state_0708Himachal Pradesh",2.43558099938033,0.588858026755146,4.13610902580611,3.5324440817446e-05,"TUTION_FEE",0.0558157820136983,89841,9.34567883044239e-05
"state_0708Jammu & Kashmir",1.62238831229665,0.594335124949589,2.72975337345956,0.00633817223892846,"TUTION_FEE",0.0558157820136983,89841,0.0133938734105658
"state_0708Jharkhand",0.252242021434062,0.633073039891235,0.398440630922142,0.690305412725297,"TUTION_FEE",0.0558157820136983,89841,0.808368062924433
"state_0708Karnataka",1.15964989708161,0.59218706379303,1.9582492897665,0.0502007679887096,"TUTION_FEE",0.0558157820136983,89841,0.0911754488876022
"state_0708Kerala",0.854469880242025,0.602411843192806,1.418414810229,0.156069694193286,"TUTION_FEE",0.0558157820136983,89841,0.241656300686379
"state_0708Lakshadweep",0.90727410157072,0.830423935601963,1.09254329346016,0.274594372042721,"TUTION_FEE",0.0558157820136983,89841,0.39094791951845
"state_0708Madhya Pradesh",1.49875606546512,0.587353503838223,2.55171043617019,0.0107195567782809,"TUTION_FEE",0.0558157820136983,89841,0.0218289156212266
"state_0708Maharastra",0.726850543036864,0.589125299947098,1.23377920300169,0.217285191033813,"TUTION_FEE",0.0558157820136983,89841,0.318811459333454
"state_0708Manipur",2.71283365196025,0.587282697471824,4.61929776517961,3.85040960736269e-06,"TUTION_FEE",0.0558157820136983,89841,1.09638782040158e-05
"state_0708Meghalaya",1.16229383274946,0.621078006340608,1.87141360808717,0.0612877741725518,"TUTION_FEE",0.0558157820136983,89841,0.107815141999882
"state_0708Mizoram",0.663811501909542,0.653292886276885,1.01610091867463,0.309581331636705,"TUTION_FEE",0.0558157820136983,89841,0.433413864291387
"state_0708Nagaland",0.78758212463951,0.64852615429074,1.21441844623961,0.224587974960693,"TUTION_FEE",0.0558157820136983,89841,0.32684468081431
"state_0708Orissa",1.50156352566648,0.591685769266179,2.53777191148057,0.0111560666531489,"TUTION_FEE",0.0558157820136983,89841,0.0224457388949582
"state_0708Pondicheri",0.124429815897091,0.82134717184085,0.151494788273529,0.879585421745976,"TUTION_FEE",0.0558157820136983,89841,0.929373275807069
"state_0708Punjab",1.76291851426929,0.596181342028944,2.95701725295472,0.00310630736293256,"TUTION_FEE",0.0558157820136983,89841,0.0067762242350481
"state_0708Rajasthan",1.88359511618079,0.586326521349092,3.21253609993077,0.00131568612594597,"TUTION_FEE",0.0558157820136983,89841,0.0030072825735908
"state_0708Sikkim",0.656848511616918,0.652417967899453,1.00679095907142,0.314035240198053,"TUTION_FEE",0.0558157820136983,89841,0.437825065172389
"state_0708Tamil Nadu",0.310324485926202,0.601175839493,0.516195870725466,0.605717614009708,"TUTION_FEE",0.0558157820136983,89841,0.740076793844589
"state_0708Tripura",0.735793561164463,0.616493799318976,1.19351331996733,0.232668398698244,"TUTION_FEE",0.0558157820136983,89841,0.335521810998326
"state_0708Uttar Pradesh",2.06854881486079,0.582914383567022,3.54863230892115,0.000387237399093202,"TUTION_FEE",0.0558157820136983,89841,0.000922778482945502
"state_0708Uttaranchal",1.86603416118713,0.595258853908748,3.13482806502395,0.0017195486256193,"TUTION_FEE",0.0558157820136983,89841,0.00387763985374553
"state_0708West Bengal",1.04878770901412,0.589105287958315,1.78030605131546,0.0750258873413513,"TUTION_FEE",0.0558157820136983,89841,0.128615806870888
"(Intercept)",0.926321247077324,0.121604423752363,7.61749629243501,2.58643336454071e-14,"EXAMINATION_FEE",0.164062605351029,89841,NA
"SECTORUrban",-0.333157597922669,0.0178706054038346,-18.6427706501304,1.44555995960074e-77,"EXAMINATION_FEE",0.164062605351029,89841,4.8570814642585e-76
"SEXFemale",-0.0733455237123051,0.015847178564603,-4.62830171398037,3.68676627346342e-06,"EXAMINATION_FEE",0.164062605351029,89841,1.05876364776385e-05
"AGE",-0.139252237361846,0.0022796522343641,-61.0848599021901,0,"EXAMINATION_FEE",0.164062605351029,89841,0
"HH_SIZE",0.00542480371310355,0.00351175115435168,1.54475743714963,0.122404946032579,"EXAMINATION_FEE",0.164062605351029,89841,0.2016081464066
"RELIGIONMuslim",0.194270108634372,0.025453491920318,7.6323558764563,2.30502081574237e-14,"EXAMINATION_FEE",0.164062605351029,89841,1.10640999155634e-13
"RELIGIONChristian",-0.0229932220109949,0.0836833958760886,-0.274764447239227,0.783497214131051,"EXAMINATION_FEE",0.164062605351029,89841,0.874601541355592
"RELIGIONSikh",-0.0277404171017335,0.0981152038739671,-0.28273311379312,0.777381430337795,"EXAMINATION_FEE",0.164062605351029,89841,0.872114549220029
"RELIGIONJain",-0.205518738655503,0.0511397115177222,-4.01877000389965,5.85027425881059e-05,"EXAMINATION_FEE",0.164062605351029,89841,0.000150052835951172
"RELIGIONBuddhist",-0.436490842695649,0.0903881149201681,-4.82907341392354,1.37169833841672e-06,"EXAMINATION_FEE",0.164062605351029,89841,4.04290036585981e-06
"RELIGIONZoroastrian",-0.0517966492137628,0.14777281578034,-0.350515410701499,0.725951926771589,"EXAMINATION_FEE",0.164062605351029,89841,0.832490946741481
"RELIGIONOther",2.5458994510574,1.26468369338198,2.01307209413702,0.0441070454790138,"EXAMINATION_FEE",0.164062605351029,89841,0.0818782722704344
"SOCIAL_GROUPScheduled Tribe",0.493913332118441,0.0333834963152877,14.7951349209716,1.57468269910014e-49,"EXAMINATION_FEE",0.164062605351029,89841,2.93940770498693e-48
"SOCIAL_GROUPScheduled Caste",0.342039811626413,0.0251171385576419,13.6177857537975,3.13942541220745e-42,"EXAMINATION_FEE",0.164062605351029,89841,5.55182599211422e-41
"SOCIAL_GROUPOther Backward Class",0.0854061210777127,0.0214145336682087,3.98823165617208,6.65676443952836e-05,"EXAMINATION_FEE",0.164062605351029,89841,0.000166915884453845
"state_0708Andhra Pardesh",0.966657474729321,0.120187509550404,8.04291126711401,8.77288547926896e-16,"EXAMINATION_FEE",0.164062605351029,89841,4.53490695543749e-15
"state_0708Arunachal Pradesh",-0.0315708784063604,0.139519873891379,-0.226282303200328,0.820981861456038,"EXAMINATION_FEE",0.164062605351029,89841,0.889838404674931
"state_0708Assam",-0.940030930818689,0.129159514079317,-7.27806184096836,3.38650101159299e-13,"EXAMINATION_FEE",0.164062605351029,89841,1.51715245319366e-12
"state_0708Bihar",0.0621113112590396,0.119666360108356,0.519037356887922,0.603734690781989,"EXAMINATION_FEE",0.164062605351029,89841,0.740076793844589
"state_0708Chandigarh",0.297227162580115,0.181375107325763,1.63874286258187,0.101266823281708,"EXAMINATION_FEE",0.164062605351029,89841,0.170128263113269
"state_0708Chhattisgarh",-0.591806969942608,0.129353228037045,-4.5751233187093,4.75939560058556e-06,"EXAMINATION_FEE",0.164062605351029,89841,1.34382934604769e-05
"state_0708Dadra & Nagar Haveli",-1.30847657253549,0.217226611807449,-6.02355559315783,1.70626464607805e-09,"EXAMINATION_FEE",0.164062605351029,89841,6.03478864297079e-09
"state_0708Daman & Diu",1.10127209257155,0.181634861773508,6.06310970162103,1.33514530776384e-09,"EXAMINATION_FEE",0.164062605351029,89841,4.77243429158137e-09
"state_0708Delhi",1.18687538444834,0.134330461774955,8.83548949929703,9.96608960995889e-19,"EXAMINATION_FEE",0.164062605351029,89841,5.87474755955471e-18
"state_0708Goa",1.68307098308767,0.187020071984481,8.99941362030556,2.2692643797027e-19,"EXAMINATION_FEE",0.164062605351029,89841,1.43862798411341e-18
"state_0708Gujrat",1.53675887053015,0.122792582875515,12.5150789611462,6.17464448873712e-36,"EXAMINATION_FEE",0.164062605351029,89841,7.97954057006028e-35
"state_0708Haryana",-0.150721145153324,0.128266307448887,-1.17506419379372,0.239969034450065,"EXAMINATION_FEE",0.164062605351029,89841,0.344570921261631
"state_0708Himachal Pradesh",-0.82606895406817,0.133078040160649,-6.20740246152528,5.38675208299217e-10,"EXAMINATION_FEE",0.164062605351029,89841,1.96733554335366e-09
"state_0708Jammu & Kashmir",-0.908923290138748,0.134800649748326,-6.7427218773479,1.55446596418326e-11,"EXAMINATION_FEE",0.164062605351029,89841,6.21786385673305e-11
"state_0708Jharkhand",-0.204995153002646,0.126460658297035,-1.62101918306598,0.105013524678547,"EXAMINATION_FEE",0.164062605351029,89841,0.175544996477572
"state_0708Karnataka",1.05435957038037,0.121860607643263,8.65217719467576,5.05261133559214e-18,"EXAMINATION_FEE",0.164062605351029,89841,2.87741933687959e-17
"state_0708Kerala",0.569033757393879,0.12470945380235,4.56287586902378,5.045764977957e-06,"EXAMINATION_FEE",0.164062605351029,89841,1.41281419382796e-05
"state_0708Lakshadweep",5.04986620708936,0.718759128858679,7.02581157488472,2.12825512927199e-12,"EXAMINATION_FEE",0.164062605351029,89841,8.82831757327642e-12
"state_0708Madhya Pradesh",-0.518878636610869,0.121067566986185,-4.2858599501721,1.82033644305515e-05,"EXAMINATION_FEE",0.164062605351029,89841,4.85423051481373e-05
"state_0708Maharastra",-0.909802093086922,0.120901282038111,-7.52516497550562,5.26537981709304e-14,"EXAMINATION_FEE",0.164062605351029,89841,2.39076705208549e-13
"state_0708Manipur",-1.11879170127017,0.133449317874995,-8.38364496038992,5.1313413889883e-17,"EXAMINATION_FEE",0.164062605351029,89841,2.82644378147552e-16
"state_0708Meghalaya",-1.11118972466022,0.142309917818628,-7.80823811644957,5.79929446206478e-15,"EXAMINATION_FEE",0.164062605351029,89841,2.86553373419672e-14
"state_0708Mizoram",-1.80778027075586,0.157340319419551,-11.4896186649741,1.48767167042607e-30,"EXAMINATION_FEE",0.164062605351029,89841,1.61244413310697e-29
"state_0708Nagaland",-0.415363694070942,0.141355703767555,-2.93842896324838,0.00329880245469104,"EXAMINATION_FEE",0.164062605351029,89841,0.00710511297933455
"state_0708Orissa",-0.787365493642662,0.124038580018192,-6.34774675368893,2.18491358588155e-10,"EXAMINATION_FEE",0.164062605351029,89841,8.24866252647418e-10
"state_0708Pondicheri",0.701776520877479,0.161504963615067,4.34523190599951,1.39128599597915e-05,"EXAMINATION_FEE",0.164062605351029,89841,3.76993624716932e-05
"state_0708Punjab",-0.810557281333485,0.13717635955327,-5.90887004126043,3.44462308323689e-09,"EXAMINATION_FEE",0.164062605351029,89841,1.18101362853836e-08
"state_0708Rajasthan",1.1954089392493,0.121284034797833,9.85627614749052,6.43934100144864e-23,"EXAMINATION_FEE",0.164062605351029,89841,5.15147280115891e-22
"state_0708Sikkim",-0.431318522610667,0.139219654090873,-3.09811517222368,0.00194755724931059,"EXAMINATION_FEE",0.164062605351029,89841,0.00436252823845572
"state_0708Tamil Nadu",0.851124798998708,0.12105932101229,7.03064243117888,2.05584739232261e-12,"EXAMINATION_FEE",0.164062605351029,89841,8.63455904775496e-12
"state_0708Tripura",-2.37865754564063,0.15547893093796,-15.2989059758185,7.77526433701007e-53,"EXAMINATION_FEE",0.164062605351029,89841,1.63280551077211e-51
"state_0708Uttar Pradesh",-1.10452680582352,0.119788789245819,-9.22061916459408,2.95389542325101e-20,"EXAMINATION_FEE",0.164062605351029,89841,2.06772679627571e-19
"state_0708Uttaranchal",-1.04011645830524,0.13758278343459,-7.55993179044626,4.03280782769147e-14,"EXAMINATION_FEE",0.164062605351029,89841,1.88197698625602e-13
"state_0708West Bengal",-0.234731474675838,0.120382765978944,-1.94987607044097,0.0511908919194807,"EXAMINATION_FEE",0.164062605351029,89841,0.0924738692739006
"(Intercept)",-0.848061091678458,0.143426230871915,-5.91287302554723,3.36191344366174e-09,"OTHER_FEES_PAYMENTS",0.1337742030321,89841,NA
"SECTORUrban",-0.314066703438851,0.0170063242052257,-18.4676417813054,3.76161439415186e-76,"OTHER_FEES_PAYMENTS",0.1337742030321,89841,1.05325203036252e-74
"SEXFemale",-0.0384890469645001,0.0152105457644091,-2.53041853728614,0.0113926536803806,"OTHER_FEES_PAYMENTS",0.1337742030321,89841,0.0227853073607612
"AGE",-0.0657801201427908,0.00211257067934149,-31.1374766231703,7.49448433339389e-213,"OTHER_FEES_PAYMENTS",0.1337742030321,89841,6.29536684005087e-211
"HH_SIZE",0.017665937874101,0.00335266921489643,5.26921588196308,1.37007755640202e-07,"OTHER_FEES_PAYMENTS",0.1337742030321,89841,4.26246350880629e-07
"RELIGIONMuslim",0.234496399960226,0.0245372291097907,9.55675960439471,1.2150137357231e-21,"OTHER_FEES_PAYMENTS",0.1337742030321,89841,9.2782867091582e-21
"RELIGIONChristian",0.0263425409875346,0.0863380695440619,0.305109219219813,0.76028296985679,"OTHER_FEES_PAYMENTS",0.1337742030321,89841,0.863023911729329
"RELIGIONSikh",0.314982376482709,0.0956690519387699,3.29241661853516,0.000993303469490273,"OTHER_FEES_PAYMENTS",0.1337742030321,89841,0.0023177080954773
"RELIGIONJain",0.0425238557062146,0.049693645364583,0.85572019106736,0.392152569139224,"OTHER_FEES_PAYMENTS",0.1337742030321,89841,0.527053052923117
"RELIGIONBuddhist",0.13208452156002,0.0832795347922893,1.58603817719993,0.112730649523102,"OTHER_FEES_PAYMENTS",0.1337742030321,89841,0.186588661279617
"RELIGIONZoroastrian",-0.856747735750165,0.151253438945681,-5.66431905100581,1.47609534474495e-08,"OTHER_FEES_PAYMENTS",0.1337742030321,89841,4.86243172386571e-08
"RELIGIONOther",-9.81394611706993,41.2306580310258,-0.238025454497597,0.811861351655084,"OTHER_FEES_PAYMENTS",0.1337742030321,89841,0.889838404674931
"SOCIAL_GROUPScheduled Tribe",0.399079746572399,0.0315335927893938,12.6557017856407,1.04041678788921e-36,"OTHER_FEES_PAYMENTS",0.1337742030321,89841,1.3983201629231e-35
"SOCIAL_GROUPScheduled Caste",0.239664641327322,0.0244214014400759,9.81371367713683,9.82834313398144e-23,"OTHER_FEES_PAYMENTS",0.1337742030321,89841,7.67982161166922e-22
"SOCIAL_GROUPOther Backward Class",0.117272117624605,0.020440181680278,5.73733244933711,9.61793501885376e-09,"OTHER_FEES_PAYMENTS",0.1337742030321,89841,3.23162616633486e-08
"state_0708Andhra Pardesh",2.40420168028554,0.14301306198091,16.8110635978583,2.02505121045936e-63,"OTHER_FEES_PAYMENTS",0.1337742030321,89841,4.86012290510245e-62
"state_0708Arunachal Pradesh",0.694727936825117,0.158496804180865,4.38322993586889,1.16932580868781e-05,"OTHER_FEES_PAYMENTS",0.1337742030321,89841,3.22043829277953e-05
"state_0708Assam",-0.0977502745243772,0.150514203547813,-0.649442193628757,0.516052599000772,"OTHER_FEES_PAYMENTS",0.1337742030321,89841,0.651855914527292
"state_0708Bihar",1.46949959983937,0.142022823425398,10.3469256869919,4.32139807405566e-25,"OTHER_FEES_PAYMENTS",0.1337742030321,89841,3.8210256654808e-24
"state_0708Chandigarh",0.623030624212381,0.204129849032182,3.05212896186563,0.00227224455036194,"OTHER_FEES_PAYMENTS",0.1337742030321,89841,0.00505612032398418
"state_0708Chhattisgarh",1.06024209976131,0.148132461495738,7.15739203315547,8.22263025653847e-13,"OTHER_FEES_PAYMENTS",0.1337742030321,89841,3.58805683921679e-12
"state_0708Dadra & Nagar Haveli",3.44505052545022,0.255725642552781,13.47166631809,2.29624670311607e-41,"OTHER_FEES_PAYMENTS",0.1337742030321,89841,3.67399472498571e-40
"state_0708Daman & Diu",2.14319075277969,0.197028985241973,10.8775404296359,1.47488948190496e-27,"OTHER_FEES_PAYMENTS",0.1337742030321,89841,1.37656351644463e-26
"state_0708Delhi",0.498119670283178,0.158270320554531,3.14727150698828,0.00164801855124697,"OTHER_FEES_PAYMENTS",0.1337742030321,89841,0.00374144752174988
"state_0708Goa",0.761490046919717,0.201624328425511,3.77677660660403,0.000158871105302158,"OTHER_FEES_PAYMENTS",0.1337742030321,89841,0.000384033750946224
"state_0708Gujrat",2.1589233499266,0.144292318608531,14.9621502429649,1.29764556052996e-50,"OTHER_FEES_PAYMENTS",0.1337742030321,89841,2.56475828434156e-49
"state_0708Haryana",-0.557239520653948,0.158771301131617,-3.5096992761432,0.000448613756422505,"OTHER_FEES_PAYMENTS",0.1337742030321,89841,0.00106150860674621
"state_0708Himachal Pradesh",-0.833516934301654,0.164257598583062,-5.0744497757902,3.88618855649197e-07,"OTHER_FEES_PAYMENTS",0.1337742030321,89841,1.16585656694759e-06
"state_0708Jammu & Kashmir",-0.169001081304228,0.155464684162308,-1.08707056020381,0.277005627348237,"OTHER_FEES_PAYMENTS",0.1337742030321,89841,0.392716838772185
"state_0708Jharkhand",1.86714488045178,0.147249891096304,12.6801104337024,7.62243985266982e-37,"OTHER_FEES_PAYMENTS",0.1337742030321,89841,1.11353903934655e-35
"state_0708Karnataka",1.63275164619658,0.143751394394346,11.3581621456661,6.7550775807014e-30,"OTHER_FEES_PAYMENTS",0.1337742030321,89841,6.67560607975197e-29
"state_0708Kerala",0.952650815718329,0.146503026362646,6.50260161425054,7.89426605964772e-11,"OTHER_FEES_PAYMENTS",0.1337742030321,89841,3.04881999545016e-10
"state_0708Lakshadweep",4.24465310965966,0.370721872985839,11.4496969803069,2.35968928250345e-30,"OTHER_FEES_PAYMENTS",0.1337742030321,89841,2.40259272400351e-29
"state_0708Madhya Pradesh",0.626168143342478,0.142986936621051,4.3791982550264,1.19116729780665e-05,"OTHER_FEES_PAYMENTS",0.1337742030321,89841,3.25392042327671e-05
"state_0708Maharastra",1.92285699461876,0.141750845916199,13.5650477582018,6.45376189827485e-42,"OTHER_FEES_PAYMENTS",0.1337742030321,89841,1.08423199891017e-40
"state_0708Manipur",-0.606397461108667,0.156695645831403,-3.86990626249513,0.000108877207531716,"OTHER_FEES_PAYMENTS",0.1337742030321,89841,0.000268990748019533
"state_0708Meghalaya",1.1586885349413,0.153887931982359,7.52943080081239,5.09619849152858e-14,"OTHER_FEES_PAYMENTS",0.1337742030321,89841,2.34564752486795e-13
"state_0708Mizoram",0.841881089843668,0.156816825915837,5.3685635130474,7.93662417675834e-08,"OTHER_FEES_PAYMENTS",0.1337742030321,89841,2.49224833961757e-07
"state_0708Nagaland",-0.971784975433255,0.17474490881148,-5.56116330966554,2.67982276449347e-08,"OTHER_FEES_PAYMENTS",0.1337742030321,89841,8.74194610553208e-08
"state_0708Orissa",0.987926661321004,0.144297612777794,6.84645187333992,7.57040973942152e-12,"OTHER_FEES_PAYMENTS",0.1337742030321,89841,3.10202155176297e-11
"state_0708Pondicheri",1.77077947690983,0.177201912580637,9.99300431423965,1.63548274454658e-23,"OTHER_FEES_PAYMENTS",0.1337742030321,89841,1.37380550541912e-22
"state_0708Punjab",0.0640850442269651,0.157490769227511,0.406913018085448,0.68407187431089,"OTHER_FEES_PAYMENTS",0.1337742030321,89841,0.808368062924433
"state_0708Rajasthan",0.51203885364128,0.143809248471443,3.56054189201162,0.000370090260089911,"OTHER_FEES_PAYMENTS",0.1337742030321,89841,0.000888216624215787
"state_0708Sikkim",-1.82313108792166,0.208146397043005,-8.75888852183675,1.97185008780659e-18,"OTHER_FEES_PAYMENTS",0.1337742030321,89841,1.14231315431554e-17
"state_0708Tamil Nadu",0.967928518998399,0.143381690040827,6.75071216361577,1.47121211166077e-11,"OTHER_FEES_PAYMENTS",0.1337742030321,89841,5.95575023515683e-11
"state_0708Tripura",0.891991969604854,0.148235006562661,6.01741781707817,1.77221235903902e-09,"OTHER_FEES_PAYMENTS",0.1337742030321,89841,6.20274325663658e-09
"state_0708Uttar Pradesh",-0.0832070137327794,0.142080913532159,-0.585631184824458,0.558123387299658,"OTHER_FEES_PAYMENTS",0.1337742030321,89841,0.694553548639574
"state_0708Uttaranchal",0.253050310492907,0.153799608433961,1.64532480329144,0.0999028475087278,"OTHER_FEES_PAYMENTS",0.1337742030321,89841,0.168680184738354
"state_0708West Bengal",0.487058507631098,0.142957592610064,3.40701391747421,0.00065677777965927,"OTHER_FEES_PAYMENTS",0.1337742030321,89841,0.00154319813961898
"(Intercept)",-5.9737198789025,0.521581668515678,-11.4530863323908,2.26919586894883e-30,"BOOKS",0.0271347149034037,89841,NA
"SECTORUrban",0.0251123228144797,0.0637064986110659,0.394187773021286,0.693442412141062,"BOOKS",0.0271347149034037,89841,0.809016147497906
"SEXFemale",-0.101166671436335,0.0578253352215212,-1.74952157300566,0.080200903090169,"BOOKS",0.0271347149034037,89841,0.136789357554806
"AGE",0.0937515514708977,0.00784875000943044,11.9447748186977,6.91373496855644e-33,"BOOKS",0.0271347149034037,89841,8.01039637736195e-32
"HH_SIZE",0.0377278097047401,0.0115971157393638,3.25320627582265,0.00114110628842768,"BOOKS",0.0271347149034037,89841,0.00264421870973587
"RELIGIONMuslim",0.0650551074382933,0.0940942193483522,0.691382615094012,0.489325126325428,"BOOKS",0.0271347149034037,89841,0.627994637423148
"RELIGIONChristian",0.00614385766119831,0.302578669891387,0.0203049926268884,0.983800073068776,"BOOKS",0.0271347149034037,89841,0.992469663036324
"RELIGIONSikh",0.0535148856618226,0.307488687991394,0.174038550853358,0.861835165326575,"BOOKS",0.0271347149034037,89841,0.916520819578405
"RELIGIONJain",0.309144221379602,0.167303412321084,1.84780583426655,0.0646304366127541,"BOOKS",0.0271347149034037,89841,0.11310326407232
"RELIGIONBuddhist",0.361576806837096,0.248494385689779,1.45507032617022,0.14564979316961,"BOOKS",0.0271347149034037,89841,0.228683787406491
"RELIGIONZoroastrian",1.18707238073823,0.294107026197115,4.0361918451504,5.43257990386956e-05,"BOOKS",0.0271347149034037,89841,0.000141026569763101
"RELIGIONOther",-13.2758957356987,2271.51598945213,-0.00584450904037031,0.995336783019147,"BOOKS",0.0271347149034037,89841,0.995336783019147
"SOCIAL_GROUPScheduled Tribe",-0.0527123105462513,0.124303793355746,-0.424060353455132,0.671521798484375,"BOOKS",0.0271347149034037,89841,0.800111079045213
"SOCIAL_GROUPScheduled Caste",0.136346137702023,0.0915829210586984,1.48877253668983,0.136547276518297,"BOOKS",0.0271347149034037,89841,0.218475642429275
"SOCIAL_GROUPOther Backward Class",0.0756614812402017,0.0765262001973535,0.988700354193442,0.322809769474143,"BOOKS",0.0271347149034037,89841,0.446354249149432
"state_0708Andhra Pardesh",0.331538999204852,0.519577041253346,0.638094012786052,0.523412483744859,"BOOKS",0.0271347149034037,89841,0.658676384038475
"state_0708Arunachal Pradesh",1.3754786406835,0.5404537542186,2.54504410404587,0.0109263936755203,"BOOKS",0.0271347149034037,89841,0.0221160739456314
"state_0708Assam",0.410361511903809,0.537076413654782,0.7640654131715,0.444828262185635,"BOOKS",0.0271347149034037,89841,0.579311225171989
"state_0708Bihar",0.35714764930515,0.516999978327639,0.690807861269993,0.489686294657336,"BOOKS",0.0271347149034037,89841,0.627994637423148
"state_0708Chandigarh",0.185565305532246,0.771933877483259,0.240390156391693,0.810027808572712,"BOOKS",0.0271347149034037,89841,0.889838404674931
"state_0708Chhattisgarh",0.73304765606,0.533940996431616,1.37290011622826,0.169783400461294,"BOOKS",0.0271347149034037,89841,0.258132228755633
"state_0708Dadra & Nagar Haveli",-12.7552038839647,264.11495583288,-0.0482941370879261,0.961481827029718,"BOOKS",0.0271347149034037,89841,0.973065945427666
"state_0708Daman & Diu",0.879921255652491,0.678168727489646,1.29749606548457,0.19446055800991,"BOOKS",0.0271347149034037,89841,0.28783589203229
"state_0708Delhi",0.842907513069205,0.548320865552287,1.53725230248205,0.124231536831403,"BOOKS",0.0271347149034037,89841,0.203618518904153
"state_0708Goa",0.785577974883907,0.67695587350055,1.16045669390779,0.245862915726934,"BOOKS",0.0271347149034037,89841,0.35153165823085
"state_0708Gujrat",0.689342307535931,0.520535556015035,1.32429437253662,0.18540529875418,"BOOKS",0.0271347149034037,89841,0.276871912806242
"state_0708Haryana",-0.165383197238098,0.568114004870333,-0.29110917143443,0.770967825763426,"BOOKS",0.0271347149034037,89841,0.869832956119672
"state_0708Himachal Pradesh",0.311724111562239,0.548688627896437,0.568125701378808,0.569949617119947,"BOOKS",0.0271347149034037,89841,0.706653399823993
"state_0708Jammu & Kashmir",-0.501868315066526,0.589692778041611,-0.851067426555988,0.394731898602814,"BOOKS",0.0271347149034037,89841,0.528406047532053
"state_0708Jharkhand",-0.211278110919058,0.564431009022593,-0.374320523751736,0.708165864409674,"BOOKS",0.0271347149034037,89841,0.820495622212588
"state_0708Karnataka",0.6253842797418,0.520184447760336,1.20223563475302,0.229272246603181,"BOOKS",0.0271347149034037,89841,0.332049460597711
"state_0708Kerala",0.99838709002581,0.520193229742432,1.91926198370584,0.0549511866200267,"BOOKS",0.0271347149034037,89841,0.0976909984356031
"state_0708Lakshadweep",0.314829417820496,0.784067470576112,0.401533579232879,0.688027320721256,"BOOKS",0.0271347149034037,89841,0.808368062924433
"state_0708Madhya Pradesh",0.175182988673034,0.521910793597116,0.335656956748561,0.73712956794913,"BOOKS",0.0271347149034037,89841,0.842433791941863
"state_0708Maharastra",0.342050470707131,0.514620345414016,0.664665658393176,0.506264363543621,"BOOKS",0.0271347149034037,89841,0.644336462691881
"state_0708Manipur",-0.908590195479255,0.618380230362729,-1.46930666743064,0.1417496291983,"BOOKS",0.0271347149034037,89841,0.223605048876192
"state_0708Meghalaya",0.240068846283816,0.563768465589356,0.425828794863245,0.670232603225603,"BOOKS",0.0271347149034037,89841,0.800111079045213
"state_0708Mizoram",-0.586671753577763,0.634357744355391,-0.924827920519699,0.355055424772639,"BOOKS",0.0271347149034037,89841,0.482990375399218
"state_0708Nagaland",0.0588096863448203,0.586192044235572,0.100324947981018,0.920086351784181,"BOOKS",0.0271347149034037,89841,0.957117691020076
"state_0708Orissa",0.681767607508189,0.522735183962855,1.30423133629481,0.192154718575115,"BOOKS",0.0271347149034037,89841,0.285681351509906
"state_0708Pondicheri",-12.9633194408343,209.190325215939,-0.0619690199699856,0.950587503051002,"BOOKS",0.0271347149034037,89841,0.967870912197384
"state_0708Punjab",0.131897870772673,0.563978122442618,0.233870544838542,0.815085480938605,"BOOKS",0.0271347149034037,89841,0.889838404674931
"state_0708Rajasthan",0.285079016455184,0.522851619921185,0.545238850934719,0.58558925429901,"BOOKS",0.0271347149034037,89841,0.723374961192895
"state_0708Sikkim",-0.175416006059381,0.603910269329754,-0.290467003076574,0.771458990844233,"BOOKS",0.0271347149034037,89841,0.869832956119672
"state_0708Tamil Nadu",-0.135217896762922,0.531155558059758,-0.254573061904605,0.799052867297922,"BOOKS",0.0271347149034037,89841,0.889012461629476
"state_0708Tripura",0.527197397936959,0.538188139992251,0.979578252959178,0.327294344021867,"BOOKS",0.0271347149034037,89841,0.450700408161259
"state_0708Uttar Pradesh",0.307987248340439,0.512624037758371,0.600805318625364,0.547969661244288,"BOOKS",0.0271347149034037,89841,0.684452811070932
"state_0708Uttaranchal",0.408940723218143,0.550472123849267,0.742890884934476,0.457547744674695,"BOOKS",0.0271347149034037,89841,0.593575452550955
"state_0708West Bengal",-0.0607346618363873,0.525631701007875,-0.115546040544989,0.908012329746345,"BOOKS",0.0271347149034037,89841,0.947491126691838
"(Intercept)",-4.89692991495558,0.727428799459975,-6.73183398648904,1.67537738283612e-11,"STATIONERY",0.0389039825287901,89841,NA
"SECTORUrban",0.145469752274519,0.0799246650989103,1.82008585327813,0.0687459316138824,"STATIONERY",0.0389039825287901,89841,0.119065118671466
"SEXFemale",-0.0387157375683954,0.0724731346241731,-0.534208127869247,0.593197546392155,"STATIONERY",0.0389039825287901,89841,0.730089287867267
"AGE",-0.0407606262920024,0.0101779109331716,-4.00481263391255,6.20666564274346e-05,"STATIONERY",0.0389039825287901,89841,0.000157987852724379
"HH_SIZE",0.0248070380583163,0.0155769790881598,1.59254486495217,0.111262330679614,"STATIONERY",0.0389039825287901,89841,0.185070015387873
"RELIGIONMuslim",-0.191240976543428,0.129599181478995,-1.47563413874203,0.140042135312647,"STATIONERY",0.0389039825287901,89841,0.223005485616348
"RELIGIONChristian",-0.0976243839073502,0.413648700035785,-0.236007955298553,0.813426497094556,"STATIONERY",0.0389039825287901,89841,0.889838404674931
"RELIGIONSikh",0.430741741508316,0.28401568586284,1.51661250750895,0.129364545659858,"STATIONERY",0.0389039825287901,89841,0.208973496835156
"RELIGIONJain",-0.114883601600179,0.232882032985814,-0.493312430019784,0.621791846880159,"STATIONERY",0.0389039825287901,89841,0.756891016858082
"RELIGIONBuddhist",0.649017540558639,0.246500000107512,2.63293119787248,0.00846514935165277,"STATIONERY",0.0389039825287901,89841,0.017557346803428
"RELIGIONZoroastrian",-0.162818975203881,0.716389043985472,-0.227277310521213,0.820208115062762,"STATIONERY",0.0389039825287901,89841,0.889838404674931
"RELIGIONOther",-11.8138994732887,1385.15240822204,-0.00852895277311245,0.993194962765794,"STATIONERY",0.0389039825287901,89841,0.995336783019147
"SOCIAL_GROUPScheduled Tribe",0.203675755819185,0.149782704565415,1.35980823961043,0.173890614302188,"STATIONERY",0.0389039825287901,89841,0.26200558926249
"SOCIAL_GROUPScheduled Caste",0.109059626074333,0.119069809109944,0.915930132831837,0.359703541059983,"STATIONERY",0.0389039825287901,89841,0.487340281436106
"SOCIAL_GROUPOther Backward Class",0.083646777642703,0.1019731921999,0.820282035289516,0.412055345140328,"STATIONERY",0.0389039825287901,89841,0.545081086484843
"state_0708Andhra Pardesh",0.477421508703451,0.725700525545972,0.657876757556801,0.510617326750467,"STATIONERY",0.0389039825287901,89841,0.647424233162856
"state_0708Arunachal Pradesh",1.89787864033199,0.737943452215069,2.5718483369358,0.0101157195002661,"STATIONERY",0.0389039825287901,89841,0.0207248887322525
"state_0708Assam",0.325490364303723,0.75153877854189,0.43309856203991,0.664943167396078,"STATIONERY",0.0389039825287901,89841,0.797931800875294
"state_0708Bihar",0.874244213439697,0.720070015295326,1.21411000995666,0.224705718059838,"STATIONERY",0.0389039825287901,89841,0.32684468081431
"state_0708Chandigarh",0.742682285864542,0.919912785307944,0.807339888874276,0.419470688637585,"STATIONERY",0.0389039825287901,89841,0.552714319145995
"state_0708Chhattisgarh",0.317507730034823,0.756663751338919,0.419615356851695,0.674766467956614,"STATIONERY",0.0389039825287901,89841,0.801136159835414
"state_0708Dadra & Nagar Haveli",0.283455091081136,1.00856526101545,0.281047842948453,0.77867370466074,"STATIONERY",0.0389039825287901,89841,0.872114549220029
"state_0708Daman & Diu",1.28525473842842,0.842910196082771,1.52478252653882,0.127313349600286,"STATIONERY",0.0389039825287901,89841,0.207656725561631
"state_0708Delhi",1.05191405231915,0.750919412010481,1.40083481062609,0.161263476365939,"STATIONERY",0.0389039825287901,89841,0.247417936342262
"state_0708Goa",0.45245309624846,1.00379240053753,0.450743695614922,0.65217428570379,"STATIONERY",0.0389039825287901,89841,0.785414193535747
"state_0708Gujrat",0.23844905405245,0.736666492668251,0.323686575167513,0.746175335608509,"STATIONERY",0.0389039825287901,89841,0.849881060218506
"state_0708Haryana",-0.395163827153131,0.806109578325871,-0.490211055392503,0.62398455854074,"STATIONERY",0.0389039825287901,89841,0.756891016858082
"state_0708Himachal Pradesh",-0.868830413225484,0.869446893314457,-0.999290951415533,0.317653767513066,"STATIONERY",0.0389039825287901,89841,0.441039941671033
"state_0708Jammu & Kashmir",-0.50677043764617,0.841554414154301,-0.602183803117991,0.547051795874013,"STATIONERY",0.0389039825287901,89841,0.684452811070932
"state_0708Jharkhand",-0.627343115971199,0.80668207495895,-0.777683222976193,0.43675578509644,"STATIONERY",0.0389039825287901,89841,0.571011454445151
"state_0708Karnataka",0.750945102939605,0.727335916673219,1.0324598108318,0.301856765367364,"STATIONERY",0.0389039825287901,89841,0.424367670139892
"state_0708Kerala",-0.287683476202673,0.7858700487101,-0.366070034956628,0.714312816561061,"STATIONERY",0.0389039825287901,89841,0.821948994399029
"state_0708Lakshadweep",-11.4746619085565,164.820747188561,-0.0696190382842341,0.944496883346975,"STATIONERY",0.0389039825287901,89841,0.967365738607001
"state_0708Madhya Pradesh",0.0918234639073433,0.73135681755376,0.125552208858152,0.900086395295478,"STATIONERY",0.0389039825287901,89841,0.942474100361268
"state_0708Maharastra",0.495072443171885,0.720994704396167,0.686651982536415,0.492302062568242,"STATIONERY",0.0389039825287901,89841,0.628948642672735
"state_0708Manipur",0.0635719319717711,0.769591819187326,0.0826047397942741,0.934165832347858,"STATIONERY",0.0389039825287901,89841,0.96677122568947
"state_0708Meghalaya",0.0464433917689011,0.802577246302644,0.057867815195184,0.953853919898141,"STATIONERY",0.0389039825287901,89841,0.968262589383008
"state_0708Mizoram",1.56809921155363,0.752818015674291,2.08297248326224,0.0372537318144286,"STATIONERY",0.0389039825287901,89841,0.0703216510654383
"state_0708Nagaland",0.156718907924432,0.817592820646413,0.191683322023945,0.847990270829971,"STATIONERY",0.0389039825287901,89841,0.910302654948467
"state_0708Orissa",0.0929248503178734,0.74246705331652,0.125156867099743,0.900399363737997,"STATIONERY",0.0389039825287901,89841,0.942474100361268
"state_0708Pondicheri",0.34034258118173,0.919407542145107,0.370175972656982,0.711251378032765,"STATIONERY",0.0389039825287901,89841,0.821238704532677
"state_0708Punjab",0.155378855577627,0.786032790167445,0.197674775812504,0.843299526256404,"STATIONERY",0.0389039825287901,89841,0.908168720583819
"state_0708Rajasthan",-0.672554587820743,0.761108246914164,-0.883651688899111,0.376884267113904,"STATIONERY",0.0389039825287901,89841,0.508566721888641
"state_0708Sikkim",-0.735121086825999,0.877608115506253,-0.837641623678401,0.402232008343739,"STATIONERY",0.0389039825287901,89841,0.534189544677851
"state_0708Tamil Nadu",-0.185274239072177,0.743210200942548,-0.2492891497415,0.803137123698941,"STATIONERY",0.0389039825287901,89841,0.889838404674931
"state_0708Tripura",1.00907005929713,0.736657145141407,1.3697960658529,0.170750570496479,"STATIONERY",0.0389039825287901,89841,0.258433295886563
"state_0708Uttar Pradesh",0.135138442817684,0.722118121123809,0.187141741585673,0.851549501191124,"STATIONERY",0.0389039825287901,89841,0.911212205096235
"state_0708Uttaranchal",-0.990388765455432,0.916042018831729,-1.08116084753243,0.279625570672672,"STATIONERY",0.0389039825287901,89841,0.39476551153789
"state_0708West Bengal",0.278308932379024,0.728508951517622,0.382025412040928,0.702442515539319,"STATIONERY",0.0389039825287901,89841,0.816680571699692
"(Intercept)",-1.60863713418448,0.14096173862883,-11.4118706950701,3.64798290631685e-30,"UNIFORM",0.161069194970252,89841,NA
"SECTORUrban",-0.44171131903168,0.0182825001764908,-24.1603344601451,5.81468692295697e-129,"UNIFORM",0.161069194970252,89841,3.25622467685591e-127
"SEXFemale",-0.185288748397538,0.0161447185609259,-11.4767406875696,1.72667476041702e-30,"UNIFORM",0.161069194970252,89841,1.81300849843787e-29
"AGE",0.0171236181905644,0.00221486743823303,7.73121582582171,1.0652424519814e-14,"UNIFORM",0.161069194970252,89841,5.18726759225723e-14
"HH_SIZE",0.00495442912931338,0.00347791597689807,1.42453962724315,0.154290322391524,"UNIFORM",0.161069194970252,89841,0.240007168164593
"RELIGIONMuslim",0.227048029658012,0.0256402307975001,8.85514765647697,8.35731061516296e-19,"UNIFORM",0.161069194970252,89841,5.01438636909777e-18
"RELIGIONChristian",-0.269395744764655,0.090419314545445,-2.97940485524535,0.00288808906499198,"UNIFORM",0.161069194970252,89841,0.0063424701035118
"RELIGIONSikh",-0.223811692925153,0.1124912000277,-1.98959290033391,0.0466357988748052,"UNIFORM",0.161069194970252,89841,0.0860968594611789
"RELIGIONJain",0.146147324981092,0.0563545465577709,2.59335464320117,0.00950447064555126,"UNIFORM",0.161069194970252,89841,0.0195920376497253
"RELIGIONBuddhist",-0.0419413125873284,0.0867056812418236,-0.483720466601875,0.628584266118578,"UNIFORM",0.161069194970252,89841,0.759727746100151
"RELIGIONZoroastrian",0.0245700426924641,0.155912909178131,0.157588251171638,0.874781262092803,"UNIFORM",0.161069194970252,89841,0.927212946571552
"RELIGIONOther",-8.27290017611209,41.7133264873309,-0.198327510001503,0.842788829292253,"UNIFORM",0.161069194970252,89841,0.908168720583819
"SOCIAL_GROUPScheduled Tribe",0.43158320003485,0.0336935796337861,12.8090634692338,1.45884629658401e-37,"UNIFORM",0.161069194970252,89841,2.22805616205557e-36
"SOCIAL_GROUPScheduled Caste",0.406992172439997,0.0253744313555226,16.0394598301576,6.77409859002279e-58,"UNIFORM",0.161069194970252,89841,1.51739808416511e-56
"SOCIAL_GROUPOther Backward Class",0.137361728376602,0.0216846429739454,6.3345164843915,2.38086715867508e-10,"UNIFORM",0.161069194970252,89841,8.88857072572031e-10
"state_0708Andhra Pardesh",1.13664204427034,0.139336471376915,8.15753429836502,3.41932986983666e-16,"UNIFORM",0.161069194970252,89841,1.79514818166424e-15
"state_0708Arunachal Pradesh",-0.495272486486539,0.167600683657671,-2.95507438083096,0.00312593677509659,"UNIFORM",0.161069194970252,89841,0.0067762242350481
"state_0708Assam",-0.00247594532445838,0.147004067717776,-0.0168426994089156,0.986562105518251,"UNIFORM",0.161069194970252,89841,0.992469663036324
"state_0708Bihar",2.88272618822346,0.140205759921066,20.5606830264777,6.17575898678189e-94,"UNIFORM",0.161069194970252,89841,2.59381877444839e-92
"state_0708Chandigarh",1.21102916269111,0.191251634029937,6.33212452711146,2.41808195985128e-10,"UNIFORM",0.161069194970252,89841,8.92830262098936e-10
"state_0708Chhattisgarh",-0.21169043425774,0.150316132541723,-1.40830149550967,0.159041813023219,"UNIFORM",0.161069194970252,89841,0.245128665944044
"state_0708Dadra & Nagar Haveli",1.08510803924914,0.195678343945457,5.54536601940787,2.93339883016331e-08,"UNIFORM",0.161069194970252,89841,9.3868762565226e-08
"state_0708Daman & Diu",-0.769207657130054,0.267029808961916,-2.88060595227314,0.0039691152251796,"UNIFORM",0.161069194970252,89841,0.00849441220165825
"state_0708Delhi",0.356631977018315,0.157473536331834,2.26471053692988,0.0235304484504306,"UNIFORM",0.161069194970252,89841,0.0451784610248268
"state_0708Goa",0.449949600580842,0.206494153724794,2.17899438054074,0.0293320856744268,"UNIFORM",0.161069194970252,89841,0.0559976181057239
"state_0708Gujrat",0.205913849897592,0.14258809980301,1.44411665617305,0.148706163569055,"UNIFORM",0.161069194970252,89841,0.23239660911257
"state_0708Haryana",-0.633660933096492,0.157034687189762,-4.03516537929465,5.45638513964381e-05,"UNIFORM",0.161069194970252,89841,0.000141026569763101
"state_0708Himachal Pradesh",-1.75322115570071,0.185074747141426,-9.47304363658525,2.71806058801789e-21,"UNIFORM",0.161069194970252,89841,2.02948523905336e-20
"state_0708Jammu & Kashmir",-1.0950626373969,0.165835187644127,-6.60331895150531,4.02053233361737e-11,"UNIFORM",0.161069194970252,89841,1.58929278128875e-10
"state_0708Jharkhand",1.09661580566469,0.143871074751389,7.6222118140123,2.49365398130515e-14,"UNIFORM",0.161069194970252,89841,1.18009540523737e-13
"state_0708Karnataka",1.2561779527849,0.140617017899758,8.93332806759132,4.13381541080242e-19,"UNIFORM",0.161069194970252,89841,2.57215181116595e-18
"state_0708Kerala",-0.143453962097292,0.147238055872672,-0.974299485598666,0.329907860001146,"UNIFORM",0.161069194970252,89841,0.452445065144429
"state_0708Lakshadweep",2.46244171934973,0.221779526668825,11.1031065686546,1.21157984104458e-28,"UNIFORM",0.161069194970252,89841,1.16311664740279e-27
"state_0708Madhya Pradesh",0.553454840443191,0.139980927759303,3.95378748592705,7.69237380476054e-05,"UNIFORM",0.161069194970252,89841,0.000191454636918485
"state_0708Maharastra",0.283850418219714,0.139398278791734,2.03625482810873,0.0417247732322218,"UNIFORM",0.161069194970252,89841,0.0783213620448409
"state_0708Manipur",-1.53193904345852,0.169895379755988,-9.01695529130198,1.9338930271585e-19,"UNIFORM",0.161069194970252,89841,1.24959241754857e-18
"state_0708Meghalaya",0.362656360795431,0.153181630900049,2.36749249021944,0.0179090834872191,"UNIFORM",0.161069194970252,89841,0.0347829598364486
"state_0708Mizoram",-2.24221952393728,0.215710139121473,-10.3945949553842,2.62399419669196e-25,"UNIFORM",0.161069194970252,89841,2.38287040564459e-24
"state_0708Nagaland",-2.06087830018675,0.203250599245588,-10.1395927384036,3.68633202784195e-24,"UNIFORM",0.161069194970252,89841,3.17591682398691e-23
"state_0708Orissa",0.342246637337277,0.142273948858543,2.40554676441545,0.0161482850378738,"UNIFORM",0.161069194970252,89841,0.0315454870507303
"state_0708Pondicheri",1.25441783040715,0.175024376558342,7.16710354908196,7.6601094156422e-13,"UNIFORM",0.161069194970252,89841,3.38657468902076e-12
"state_0708Punjab",0.120270618302786,0.15444315107585,0.778737143505434,0.436134571230956,"UNIFORM",0.161069194970252,89841,0.571011454445151
"state_0708Rajasthan",-0.673670546941285,0.144860437195627,-4.65047986864438,3.31163571827177e-06,"UNIFORM",0.161069194970252,89841,9.59232414947686e-06
"state_0708Sikkim",0.131993644507981,0.156751213017461,0.842058201446116,0.399755376262255,"UNIFORM",0.161069194970252,89841,0.533007168349674
"state_0708Tamil Nadu",0.0321631809468318,0.141860889757108,0.226723383745169,0.82063884295975,"UNIFORM",0.161069194970252,89841,0.889838404674931
"state_0708Tripura",-0.786350344536858,0.155799352940843,-5.04719903962268,4.48334216681294e-07,"UNIFORM",0.161069194970252,89841,1.33309997172491e-06
"state_0708Uttar Pradesh",1.1384590332253,0.138110360065477,8.24311103588153,1.67789729941697e-16,"UNIFORM",0.161069194970252,89841,9.09312084845328e-16
"state_0708Uttaranchal",-0.418014139121282,0.157586162008842,-2.65260689005059,0.00798728337210074,"UNIFORM",0.161069194970252,89841,0.0167732950814116
"state_0708West Bengal",1.26641373924418,0.139168216553035,9.09987762012867,9.04336722882972e-20,"UNIFORM",0.161069194970252,89841,6.07714277777357e-19
"(Intercept)",2.42542743519884,0.12090722967111,20.0602349569702,1.64305843984337e-89,"TRANSPORT",0.151486574234617,89841,NA
"SECTORUrban",-0.449124468208894,0.020070375688276,-22.3774818759994,6.52254156088749e-111,"TRANSPORT",0.151486574234617,89841,3.13081994922599e-109
"SEXFemale",-0.157746846492878,0.0192432891644448,-8.19749914605769,2.45439551560928e-16,"TRANSPORT",0.151486574234617,89841,1.30901094165828e-15
"AGE",-0.172372037902487,0.0026293120404687,-65.5578475469803,0,"TRANSPORT",0.151486574234617,89841,0
"HH_SIZE",0.0229529836915905,0.00442686618360287,5.18492828552362,2.16098001931316e-07,"TRANSPORT",0.151486574234617,89841,6.60081169535657e-07
"RELIGIONMuslim",0.599065219474706,0.032399781270055,18.4897920909233,2.49514576668797e-76,"TRANSPORT",0.151486574234617,89841,7.62153616006507e-75
"RELIGIONChristian",-0.368542170989015,0.0771278179065968,-4.77833006290061,1.76757060161876e-06,"TRANSPORT",0.151486574234617,89841,5.16438019255567e-06
"RELIGIONSikh",0.298436755818634,0.162372279480604,1.83797848236949,0.0660655760943854,"TRANSPORT",0.151486574234617,89841,0.115015717967427
"RELIGIONJain",0.129888867605728,0.0597901241167742,2.1724134131591,0.0298244941926515,"TRANSPORT",0.151486574234617,89841,0.0566159889758809
"RELIGIONBuddhist",-0.177129630740561,0.116372857307118,-1.5220871502115,0.127987245270174,"TRANSPORT",0.151486574234617,89841,0.207747412612456
"RELIGIONZoroastrian",-0.688408288682945,0.130903697747198,-5.2588910819953,1.44926693404023e-07,"TRANSPORT",0.151486574234617,89841,4.4674650443809e-07
"RELIGIONOther",-11.5774831753708,66.5862185906371,-0.173872062724384,0.861966008889214,"TRANSPORT",0.151486574234617,89841,0.916520819578405
"SOCIAL_GROUPScheduled Tribe",0.877154242537473,0.0448048356874181,19.5772226162586,2.41852959654396e-85,"TRANSPORT",0.151486574234617,89841,9.02917716043078e-84
"SOCIAL_GROUPScheduled Caste",0.995719325610937,0.0314387849809512,31.6716859832289,3.8139487105634e-220,"TRANSPORT",0.151486574234617,89841,4.27162255583101e-218
"SOCIAL_GROUPOther Backward Class",0.611555068111573,0.0241596900164262,25.3130345503512,2.29555258956065e-141,"TRANSPORT",0.151486574234617,89841,1.54261134018476e-139
"state_0708Andhra Pardesh",0.173157588423549,0.117694436447181,1.47124701600707,0.141224326455978,"TRANSPORT",0.151486574234617,89841,0.223605048876192
"state_0708Arunachal Pradesh",2.34454582495249,0.19313102140155,12.1396646066393,6.50922973240879e-34,"TRANSPORT",0.151486574234617,89841,8.10037477810872e-33
"state_0708Assam",1.187735860456,0.131251932282912,9.04928285471523,1.43910349878203e-19,"TRANSPORT",0.151486574234617,89841,9.48115246256397e-19
"state_0708Bihar",1.5563475156956,0.122775124451703,12.6764075593166,7.99112098601429e-37,"TRANSPORT",0.151486574234617,89841,1.118756938042e-35
"state_0708Chandigarh",0.313428080466461,0.182049702219038,1.72166214306328,0.0851307388705798,"TRANSPORT",0.151486574234617,89841,0.144464284144014
"state_0708Chhattisgarh",1.0787330640612,0.135709595694292,7.94883411554202,1.88274957613275e-15,"TRANSPORT",0.151486574234617,89841,9.58490693303945e-15
"state_0708Dadra & Nagar Haveli",0.478735243252273,0.211189124477759,2.26685557050401,0.0233990501068394,"TRANSPORT",0.151486574234617,89841,0.0451784610248268
"state_0708Daman & Diu",0.375737048626183,0.196274400703709,1.91434566748919,0.0555760029160222,"TRANSPORT",0.151486574234617,89841,0.0982817735778076
"state_0708Delhi",0.587760579793264,0.136403908066947,4.30897170119782,1.64015350773302e-05,"TRANSPORT",0.151486574234617,89841,4.40873262878637e-05
"state_0708Goa",-0.0724327692440181,0.181899414091996,-0.398202323001355,0.690481053747953,"TRANSPORT",0.151486574234617,89841,0.808368062924433
"state_0708Gujrat",0.622642837541688,0.12147139711441,5.12583910560641,2.96215491601002e-07,"TRANSPORT",0.151486574234617,89841,8.96652298900331e-07
"state_0708Haryana",0.508336562016091,0.127186541482919,3.99677950268314,6.42100579813947e-05,"TRANSPORT",0.151486574234617,89841,0.000162214883321418
"state_0708Himachal Pradesh",1.18996013956362,0.133720766781896,8.89884322533456,5.64317379113922e-19,"TRANSPORT",0.151486574234617,89841,3.44746617058687e-18
"state_0708Jammu & Kashmir",0.79255814820162,0.130178420927731,6.0882452141712,1.14154938756774e-09,"TRANSPORT",0.151486574234617,89841,4.12430746476087e-09
"state_0708Jharkhand",0.703033919408847,0.129747746055679,5.41846730121348,6.01121302477366e-08,"TRANSPORT",0.151486574234617,89841,1.90544110973958e-07
"state_0708Karnataka",0.672973456397594,0.121221725032369,5.551591154291,2.83081038761202e-08,"TRANSPORT",0.151486574234617,89841,9.14569509843884e-08
"state_0708Kerala",-1.21911664260104,0.12210778075883,-9.98393906616703,1.79207867823154e-23,"TRANSPORT",0.151486574234617,89841,1.46863033142877e-22
"state_0708Lakshadweep",-0.410733079407244,0.208374601918365,-1.97112832190632,0.0487091999601754,"TRANSPORT",0.151486574234617,89841,0.0889472347098855
"state_0708Madhya Pradesh",0.954455035583979,0.120314921733824,7.93297308288613,2.13960818948227e-15,"TRANSPORT",0.151486574234617,89841,1.07299753980007e-14
"state_0708Maharastra",0.698919968184352,0.116755705840167,5.98617397886437,2.148345679463e-09,"TRANSPORT",0.151486574234617,89841,7.441692250511e-09
"state_0708Manipur",0.944073313638307,0.133260477711028,7.0844209014882,1.39626934617449e-12,"TRANSPORT",0.151486574234617,89841,6.0146987219824e-12
"state_0708Meghalaya",0.953742543373816,0.148635857140593,6.4166383652074,1.39316330115532e-10,"TRANSPORT",0.151486574234617,89841,5.31935078622941e-10
"state_0708Mizoram",1.03536738978182,0.157769886664011,6.56251590005103,5.2907396829245e-11,"TRANSPORT",0.151486574234617,89841,2.06707969007283e-10
"state_0708Nagaland",1.13584295559465,0.161390364458049,7.03786102354272,1.95213243833888e-12,"TRANSPORT",0.151486574234617,89841,8.30274049723876e-12
"state_0708Orissa",1.15514862020756,0.126651445844804,9.12069035218956,7.4647291981111e-20,"TRANSPORT",0.151486574234617,89841,5.11867145013332e-19
"state_0708Pondicheri",-0.432010254592343,0.163014212156168,-2.65013859146511,0.00804587582119889,"TRANSPORT",0.151486574234617,89841,0.0167913930181542
"state_0708Punjab",0.491939404798394,0.130220277622421,3.77774808793445,0.00015825283170126,"TRANSPORT",0.151486574234617,89841,0.000384033750946224
"state_0708Rajasthan",1.15134792954964,0.122783580255105,9.37705128941109,6.78435043693758e-21,"TRANSPORT",0.151486574234617,89841,4.95552553654571e-20
"state_0708Sikkim",2.14223556826099,0.181643726722462,11.7936116314887,4.21087812172054e-32,"TRANSPORT",0.151486574234617,89841,4.716183496327e-31
"state_0708Tamil Nadu",0.231118191087972,0.119245471376964,1.93817164223664,0.0526022852348435,"TRANSPORT",0.151486574234617,89841,0.0940125948878054
"state_0708Tripura",1.73698878522756,0.143589648848854,12.0968941643973,1.09682880815765e-33,"TRANSPORT",0.151486574234617,89841,1.31619456978918e-32
"state_0708Uttar Pradesh",0.998389584671759,0.116983204899197,8.53446941834135,1.40800071078722e-17,"TRANSPORT",0.151486574234617,89841,7.88480398040846e-17
"state_0708Uttaranchal",1.27389646893114,0.137588108476094,9.25876867587345,2.06803235413532e-20,"TRANSPORT",0.151486574234617,89841,1.47842312976483e-19
"state_0708West Bengal",0.676916960771714,0.11844541436162,5.71501196918483,1.09696302868484e-08,"TRANSPORT",0.151486574234617,89841,3.64930274889213e-08
