"target_unit_2001","census_2011_source_district_count","census_2011_source_districts","census_2011_parent_reconstruction_complete","migrants_total","work_employment","business","education","marriage","moved_after_birth","moved_with_household","other_reason","recent_0_9_work_employment_within_india_classified_origin","census_year","work_employment_share_among_migrants","business_share_among_migrants","education_share_among_migrants","marriage_share_among_migrants","moved_after_birth_share_among_migrants","moved_with_household_share_among_migrants","other_reason_share_among_migrants"
"pc2001__01__01",1,"Kupwara",TRUE,116221,3404,494,3523,59246,4260,4358,40936,2361,2011,0.0292890269400539,0.00425052271104189,0.0303129382813777,0.509770179227506,0.0366543051599969,0.0374975262646165,0.352225501415407
"pc2001__01__06",2,"Anantnag;Kulgam",TRUE,253522,7642,1240,4237,165127,5074,22728,47474,5160,2011,0.0301433406173823,0.00489109426400865,0.0167125535456489,0.651332034300771,0.0200140421738547,0.0896490245422488,0.187257910556086
"pc2001__01__07",1,"Leh(Ladakh)",TRUE,33924,3140,664,1557,12122,184,5679,10578,1119,2011,0.0925598396415517,0.0195731635420351,0.0458967102935975,0.357328145265888,0.00542388869237118,0.167403608065087,0.311814644499469
"pc2001__01__08",1,"Kargil",TRUE,20802,1075,202,805,9941,62,2357,6360,551,2011,0.0516777232958369,0.00971060474954331,0.0386982020959523,0.477886741659456,0.00298048264589943,0.113306412844919,0.305739832708393
"pc2001__01__11",1,"Punch",TRUE,65531,2188,303,1432,29504,554,9866,21684,1086,2011,0.0333887778303398,0.0046237658512765,0.0218522531321054,0.450229662297233,0.00845401413071676,0.15055469930262,0.330896827455708
"pc2001__02__01",1,"Chamba",TRUE,160035,10108,365,1929,110805,2267,15085,19476,5428,2011,0.0631611834911113,0.0022807510857,0.0120536132720967,0.692379791920517,0.014165651263786,0.094260630487081,0.121698378479708
"pc2001__02__02",1,"Kangra",TRUE,589935,41636,1405,6035,367052,26379,72145,75283,19585,2011,0.070577266987041,0.00238161831388204,0.0102299405866748,0.622190580318171,0.0447150957308856,0.122293133989338,0.127612364074008
"pc2001__02__04",1,"Kullu",TRUE,151504,21159,1075,1539,82779,2433,24802,17717,8497,2011,0.139659678952371,0.00709552223043616,0.0101581476396663,0.546381613686767,0.0160589819410709,0.163705248706305,0.116940806843384
"pc2001__02__06",1,"Hamirpur",TRUE,195857,11417,530,3441,136528,4910,17549,21482,6045,2011,0.058292529753851,0.00270605594898319,0.0175689406046248,0.697080012458069,0.0250693107726556,0.0896010865069923,0.109682063954824
"pc2001__02__09",1,"Solan",TRUE,258650,52737,1317,4570,108547,9874,52996,28609,33952,2011,0.203893292093563,0.00509182292673497,0.0176686642180553,0.419667504349507,0.0381751401507829,0.204894645273536,0.110608930987821
"pc2001__02__10",1,"Sirmaur",TRUE,177191,20710,718,4394,102327,4766,24485,19791,11405,2011,0.1168795254838,0.00405212454357163,0.0247980992262587,0.577495470988933,0.0268975286555186,0.13818421928879,0.111693031813128
"pc2001__02__12",1,"Kinnaur",TRUE,33858,12394,199,956,11498,491,4593,3727,8219,2011,0.366058243251226,0.00587748833362868,0.0282355720952212,0.339594778191269,0.014501742571918,0.13565479354953,0.110077382007207
"pc2001__03__03",1,"Kapurthala",TRUE,411079,41515,2350,1887,167292,22761,66225,109049,15378,2011,0.100990320595311,0.00571666273392706,0.00459035854422143,0.406958273227287,0.0553689193561335,0.161100421086944,0.265275044456175
"pc2001__03__04",1,"Jalandhar",TRUE,1079124,123276,5546,7333,384853,82719,210796,264601,48484,2011,0.114237103428336,0.00513935377213369,0.00679532657970724,0.356634640690041,0.0766538414491754,0.195339923864171,0.245199810216435
"pc2001__03__08",1,"Fatehgarh Sahib",TRUE,353009,33843,1539,714,134741,49171,49118,83883,15579,2011,0.0958700769668762,0.00435966221824373,0.00202261132152438,0.381692818030135,0.139291066233439,0.139140928418256,0.237622836811526
"pc2001__03__10",1,"Moga",TRUE,557354,29393,1515,1307,212202,75153,49915,187869,9385,2011,0.0527366808168597,0.00271820064088533,0.00234500873771427,0.380731097291847,0.134838899514492,0.0895570858018423,0.33707302719636
"pc2001__03__12",1,"Muktsar",TRUE,390879,28227,858,732,209061,33809,38485,79707,9556,2011,0.0722141634623502,0.00219505268893954,0.00187270229406031,0.534848380189266,0.0864947976227938,0.0984575789438675,0.203917324798723
"pc2001__03__13",1,"Faridkot",TRUE,304868,18734,973,1299,138791,35288,31574,78209,5893,2011,0.0614495453770156,0.00319154519332957,0.00426086043796004,0.455249485023026,0.115748455069079,0.103566133539761,0.256533975359828
"pc2001__03__14",1,"Bathinda",TRUE,746639,75104,2494,2097,306948,110426,94473,155097,36365,2011,0.100589441483769,0.00334030234155998,0.00280858621100693,0.411106304385386,0.147897444414235,0.126531027712188,0.207726893451856
"pc2001__03__15",1,"Mansa",TRUE,401427,18291,1270,812,184768,76191,30778,89317,7429,2011,0.0455649470513942,0.00316371345225907,0.00202278371908217,0.460277958383467,0.189800387118953,0.0766714745146689,0.222498735760176
"pc2001__04__01",1,"Chandigarh",TRUE,678188,206642,8540,23114,110477,37108,198558,93749,75750,2011,0.304697222599043,0.0125923785145122,0.0340819949630486,0.16290025774564,0.0547163913251193,0.29277722401458,0.138234530838057
"pc2001__05__08",1,"Bageshwar",TRUE,93524,6106,274,1175,66375,392,8837,10365,2670,2011,0.0652880544031479,0.00292972926735383,0.0125636200333604,0.709710876352594,0.00419143749198067,0.094489115093452,0.110827167358111
"pc2001__05__09",1,"Almora",TRUE,236692,16724,725,4751,161050,1387,28001,24054,8261,2011,0.0706572254237575,0.00306305240565799,0.020072499281767,0.68042012404306,0.00585993611951397,0.118301421256316,0.101625741469927
"pc2001__05__13",1,"Hardwar",TRUE,673506,90435,2731,10300,320420,10651,145810,93159,47391,2011,0.134274973051465,0.0040549007729701,0.0152931080049769,0.475749288053856,0.0158142614913601,0.21649398817531,0.138319480450063
"pc2001__06__01",1,"Panchkula",TRUE,345592,61575,3159,2371,85448,20813,118315,53911,27227,2011,0.178172527141832,0.00914083659343966,0.00686069121970416,0.247251093775319,0.060224195004514,0.342354568392787,0.155996087872404
"pc2001__06__02",1,"Ambala",TRUE,499726,47953,2576,2128,229781,26585,101034,89669,18206,2011,0.095958585304747,0.00515482484401452,0.0042583335667946,0.459813978059977,0.0531991531359185,0.202178793979101,0.179436331109448
"pc2001__06__03",1,"Yamunanagar",TRUE,498307,62252,2367,2664,255474,21308,98718,55524,25020,2011,0.124927002831588,0.00475008378369158,0.00534610190103691,0.512683947847411,0.0427607880282637,0.19810678958955,0.111425286018458
"pc2001__06__04",1,"Kurukshetra",TRUE,420787,46185,1202,11351,214675,27567,84652,35155,20149,2011,0.109758618968742,0.00285655212732333,0.026975643258941,0.510174981641543,0.0655129554857921,0.20117541654091,0.0835458319767483
"pc2001__06__05",1,"Kaithal",TRUE,398147,31639,1147,2154,249261,12491,49179,52276,11980,2011,0.0794656245055218,0.00288084551685684,0.00541006211273726,0.626052689082173,0.0313728346565465,0.123519705033568,0.131298239092596
"pc2001__06__06",1,"Karnal",TRUE,604177,67116,2550,2589,315502,23901,101980,90539,28691,2011,0.111086651759335,0.00422061746805986,0.0042851680881596,0.522201275454047,0.0395595992565093,0.168791595840292,0.149855092133597
"pc2001__06__07",1,"Panipat",TRUE,554577,97877,2764,2009,212481,15510,142870,81066,42423,2011,0.176489468549904,0.00498397878022349,0.00362258081384551,0.383140663965509,0.0279672615344668,0.257619771465459,0.146176274890592
"pc2001__06__08",1,"Sonipat",TRUE,588030,72524,1799,7231,310687,8974,114885,71930,32254,2011,0.123333843511385,0.00305936771933405,0.0122969916500859,0.528352294950938,0.0152611261330204,0.195372685067088,0.122323690968148
"pc2001__06__09",1,"Jind",TRUE,490182,39843,1477,2178,314792,12168,72263,47461,15872,2011,0.081282054420603,0.00301316653814298,0.00444324761007136,0.642194123815236,0.0248234329289937,0.147420753924053,0.0968232207629003
"pc2001__06__10",1,"Fatehabad",TRUE,377867,39578,1135,1001,211488,24871,67773,32021,13524,2011,0.1047405568626,0.00300370236088359,0.00264908023193346,0.559688991100043,0.0658194549934236,0.179356757801025,0.0847414566500912
"pc2001__06__11",1,"Sirsa",TRUE,570094,55845,1895,3935,284199,59725,94030,70465,20570,2011,0.0979575298108733,0.00332401323290545,0.00690237048627068,0.498512526004483,0.104763424979039,0.164937712026438,0.123602423459991
"pc2001__06__14",1,"Rohtak",TRUE,395123,44671,1137,4655,229104,4532,76938,34086,15971,2011,0.113055934481162,0.00287758495455845,0.0117811415685748,0.579829572057309,0.0114698460985567,0.194719112782602,0.0862668080572379
"pc2001__06__15",1,"Jhajjar",TRUE,366378,34088,1010,3444,228937,6545,51500,40854,15673,2011,0.093040520991981,0.00275671574166571,0.00940012773692744,0.624865575989825,0.0178640638902991,0.140565208609687,0.111507787039615
"pc2001__06__16",1,"Mahendragarh",TRUE,335147,13891,556,1488,246500,14962,29571,28179,6985,2011,0.0414474842382596,0.0016589735250502,0.00443984281524227,0.735498154541142,0.0446430969097142,0.0882329246569416,0.0840795233136504
"pc2001__06__17",1,"Rewari",TRUE,359654,44581,725,2078,204214,8020,57654,42382,22097,2011,0.123955245875202,0.002015826321965,0.00577777530626658,0.567806836570704,0.0222992097960818,0.160304070022855,0.117841036106925
"pc2001__08__02",1,"Hanumangarh",TRUE,725683,80695,2156,1883,364479,59192,128702,88576,27011,2011,0.111198691439651,0.002970994221995,0.00259479690167745,0.502256494915824,0.0815672959129537,0.177352921316884,0.122058805291015
"pc2001__08__05",1,"Jhunjhunun",TRUE,715173,30945,1846,9729,524999,16584,60340,70730,13915,2011,0.0432692509364867,0.00258119364125883,0.013603701482019,0.734086717479547,0.0231887948790013,0.0843711941026856,0.0988991474790016
"pc2001__08__17",1,"Barmer",TRUE,663717,22249,1745,1122,502931,18941,42861,73868,8349,2011,0.0335218172805578,0.00262913259717621,0.00169047952666573,0.757749161163568,0.028537765342759,0.0645772219183779,0.111294422170895
"pc2001__08__18",1,"Jalor",TRUE,520975,19461,1334,1961,388782,34723,33244,41470,9405,2011,0.0373549594510293,0.00256058352128221,0.00376409616584289,0.746258457699506,0.0666500311915159,0.0638111233744422,0.0796007485963818
"pc2001__08__19",1,"Sirohi",TRUE,321506,24855,1028,1642,206061,27273,37711,22936,13061,2011,0.077308044017841,0.0031974519915647,0.00510721417329692,0.640924275130169,0.084828898994109,0.117294856083557,0.071339259609463
"pc2001__08__20",1,"Pali",TRUE,676970,47218,2402,3714,434942,49493,64522,74679,18312,2011,0.0697490287605064,0.00354816313869152,0.00548621061494601,0.642483418763018,0.073109591266969,0.0953099841942774,0.110313603261592
"pc2001__08__23",1,"Bundi",TRUE,400307,35173,707,2759,238916,31215,48605,42932,14723,2011,0.0878650635637148,0.00176614448410845,0.00689221022864951,0.596831931492579,0.0779776521519734,0.121419310679054,0.107247687399921
"pc2001__08__27",1,"Dungarpur",TRUE,453175,10847,1239,2872,307953,45395,16506,68363,5185,2011,0.023935565730678,0.0027340431400673,0.00633750758536989,0.679545429469852,0.10017101561207,0.0364230153914051,0.150853423070558
"pc2001__08__32",1,"Jhalawar",TRUE,485497,29949,836,2503,334418,26407,40252,51132,12751,2011,0.0616873018782814,0.00172194678854864,0.00515554164083403,0.68881579082878,0.0543916852215359,0.0829088542256698,0.105318879416351
"pc2001__09__01",1,"Saharanpur",TRUE,930988,55699,3376,10802,612761,10311,100791,137248,19881,2011,0.0598278388121007,0.00362625511821849,0.0116027274250581,0.658183564127572,0.0110753307239191,0.108262405100818,0.147421878692314
"pc2001__09__03",1,"Bijnor",TRUE,865866,37704,4177,3395,637321,4411,71229,107629,13068,2011,0.0435448441213767,0.00482407208505704,0.00392093002843396,0.736050381929767,0.00509432175417443,0.0822633063314647,0.124302143749726
"pc2001__09__05",1,"Rampur",TRUE,490595,23001,1502,1658,344527,2168,48247,69492,8713,2011,0.0468838858936597,0.00306158847929555,0.00337956970617312,0.702263577900305,0.00441912371711901,0.0983438477766793,0.141648406526769
"pc2001__09__08",1,"Baghpat",TRUE,352917,23098,1038,1689,259131,1798,34080,32083,12274,2011,0.0654488165772689,0.00294120147230085,0.0047858278292063,0.734254796453557,0.00509468231907219,0.0965666148131147,0.09090806053548
"pc2001__09__10",1,"Gautam Buddha Nagar",TRUE,848470,183627,9157,8555,223463,23130,272107,128431,114405,2011,0.21642132308744,0.0107923674378587,0.0100828550213914,0.26337171614789,0.0272608342074558,0.320703148019376,0.151367756078589
"pc2001__09__11",1,"Bulandshahr",TRUE,961176,52511,4016,4653,713102,4836,88226,93832,21926,2011,0.0546320340915712,0.00417821501993391,0.00484094484256785,0.741905748791064,0.0050313366126495,0.0917896410230801,0.0976220796191332
"pc2001__09__12",1,"Aligarh",TRUE,1119225,90809,10129,17678,636417,18602,150273,195317,31861,2011,0.081135607228216,0.00905001228528669,0.0157948580490965,0.568622931046036,0.0166204293149277,0.134265228171279,0.174510933905158
"pc2001__09__14",1,"Mathura",TRUE,823035,52451,5418,7387,459394,10902,96883,190600,20134,2011,0.0637287600162812,0.00658295212232773,0.00897531696707916,0.558170673179148,0.0132460952450382,0.117714313486061,0.231581888984065
"pc2001__09__15",1,"Agra",TRUE,1324168,84986,12271,8167,669320,29289,155174,364961,26523,2011,0.0641806779804375,0.00926695102132056,0.00616764640136297,0.505464563408873,0.0221187945940394,0.117186036817081,0.275615329776886
"pc2001__09__16",1,"Firozabad",TRUE,746651,53711,5203,5533,441824,17148,84509,138723,15074,2011,0.0719358843690024,0.00696844978443744,0.00741042334370409,0.591740987422504,0.022966553316074,0.113184071272924,0.185793630491354
"pc2001__09__18",1,"Mainpuri",TRUE,501121,18529,2084,3001,378800,3645,36344,58718,7212,2011,0.0369751018217157,0.00415867624785232,0.00598857361794856,0.755905260406169,0.00727369238168027,0.072525398057555,0.117173297467079
"pc2001__09__20",1,"Bareilly",TRUE,1154125,67520,7256,6987,646352,13425,142611,269974,23343,2011,0.0585031950611935,0.00628701397162352,0.0060539369652334,0.560036391205459,0.0116321888876855,0.123566338134951,0.233920935773855
"pc2001__09__21",1,"Pilibhit",TRUE,507796,26149,1740,1797,361899,3880,49475,62856,6684,2011,0.0514950885788781,0.00342657287572175,0.00353882267682298,0.712685802960244,0.00764086365390826,0.0974308580611112,0.123781991193314
"pc2001__09__22",1,"Shahjahanpur",TRUE,748473,35203,4040,2494,509203,4252,58077,135204,11239,2011,0.0470330927100911,0.00539765629488305,0.00333211752461345,0.680322469882013,0.00568089964501058,0.0775939813460205,0.180639782597368
"pc2001__09__24",1,"Sitapur",TRUE,1182024,38558,3917,4167,854036,6077,59383,215886,13296,2011,0.0326203190459754,0.00331380750306254,0.00352530913077907,0.722520016514047,0.00514118156653334,0.0502384046347621,0.18264096160484
"pc2001__09__25",1,"Hardoi",TRUE,925804,23251,3216,3315,723826,5779,43489,122928,7840,2011,0.0251143870624884,0.0034737374217437,0.00358067150282349,0.781835032037019,0.00624214196525398,0.0469743055765583,0.132779724434113
"pc2001__09__26",1,"Unnao",TRUE,906396,41865,4789,2720,603389,7606,71313,174714,13543,2011,0.0461884209550792,0.00528356259295054,0.00300089585567456,0.665701304948389,0.00839147569053703,0.0786775316748971,0.192756808282473
"pc2001__09__27",1,"Lucknow",TRUE,1851848,279808,16586,34381,558600,66001,469651,426821,103821,2011,0.151096634280999,0.00895645862943395,0.0185657786168195,0.301644627420825,0.0356406141324774,0.2536120675131,0.230483819406344
"pc2001__09__28",1,"Rae Bareli",TRUE,946486,33488,2791,3605,663937,12262,52079,178324,10603,2011,0.0353814002531469,0.00294880220098343,0.00380882548711761,0.701475774602054,0.0129552893545177,0.0550235291383074,0.188406378963873
"pc2001__09__29",1,"Farrukhabad",TRUE,489438,17954,1892,2868,354975,2705,33606,75438,7456,2011,0.0366828893547293,0.00386565816303597,0.0058597820357226,0.72527061650301,0.00552674700370629,0.0686624250671178,0.154131881872678
"pc2001__09__30",1,"Kannauj",TRUE,412480,14130,1282,1930,327114,1791,23281,42952,5433,2011,0.0342562063615206,0.00310802948021722,0.00467901474010861,0.793042086889061,0.00434202870442203,0.0564415244375485,0.104131109387122
"pc2001__09__31",1,"Etawah",TRUE,492784,26454,1809,4451,317309,5403,55565,81793,10956,2011,0.0536827494399169,0.003670979577259,0.00903235494658917,0.643910922432547,0.0109642358518134,0.112757313549141,0.165981444202734
"pc2001__09__32",1,"Auraiya",TRUE,405514,19357,1501,3435,285785,2134,39057,54245,7104,2011,0.047734480190573,0.00370147516485251,0.00847073097352989,0.704747554954946,0.00526245702984361,0.096314800475446,0.133768501210809
"pc2001__09__33",1,"Kanpur Dehat",TRUE,495926,17105,2016,3541,369206,3574,31713,68771,5716,2011,0.0344910329363655,0.00406512261910043,0.00714017817174336,0.744478006799402,0.00720672035747269,0.063947040485879,0.138671898630038
"pc2001__09__34",1,"Kanpur Nagar",TRUE,1338424,195270,14992,16055,545904,44247,233753,288203,66000,2011,0.145895471091373,0.0112012336897724,0.011995451366682,0.407870749478491,0.0330590306210887,0.174647944149238,0.215330119603354
"pc2001__09__35",1,"Jalaun",TRUE,537240,28358,1818,3945,365446,3778,49403,84492,7924,2011,0.0527846027846028,0.00338396247487157,0.00734308688854143,0.680228575683121,0.00703223885042067,0.0919570396843124,0.15727049363413
"pc2001__09__36",1,"Jhansi",TRUE,661711,42323,3158,4668,399835,12495,67098,132134,14773,2011,0.0639599462605276,0.00477247620184643,0.00705443917359693,0.604244148880705,0.0188828657827964,0.101400762568553,0.199685361131975
"pc2001__09__37",1,"Lalitpur",TRUE,357670,14703,999,1343,271854,2896,21762,44113,4855,2011,0.0411077249979031,0.00279307741773143,0.00375485782984315,0.760069337657617,0.00809684905080102,0.0608437945592306,0.123334358486873
"pc2001__09__38",1,"Hamirpur",TRUE,315374,14023,1292,1585,232457,1745,19497,44775,4110,2011,0.04446466734734,0.00409672325556324,0.00502577891646109,0.737083589642773,0.00553311306575685,0.0618218369301211,0.141974290841984
"pc2001__09__39",1,"Mahoba",TRUE,260698,10991,1112,1634,185182,1964,17443,42372,3824,2011,0.0421598938235046,0.00426547192536958,0.00626778878242257,0.710331494679668,0.00753362127826067,0.0669088370451634,0.162532892465612
"pc2001__09__40",1,"Banda",TRUE,477181,18970,1462,3442,370243,3958,29753,49353,5631,2011,0.0397543070658723,0.00306382693359543,0.00721319583135121,0.775896357985754,0.00829454651379665,0.0623516024317817,0.103426163237849
"pc2001__09__41",1,"Chitrakoot",TRUE,251141,9049,790,657,200540,868,15461,23776,2879,2011,0.0360315519966871,0.00314564328405159,0.00261606030078721,0.798515574916083,0.00345622578551491,0.0615630263477489,0.0946719173691273
"pc2001__09__42",1,"Fatehpur",TRUE,687436,21673,2496,2666,519206,4109,39425,97861,7373,2011,0.031527298541246,0.00363088345678725,0.003878179205046,0.755279036884888,0.00597728370350113,0.0573507933829476,0.142356524825584
"pc2001__09__43",1,"Pratapgarh",TRUE,859280,18008,3262,2592,645178,4658,24378,161204,5709,2011,0.0209570803463365,0.00379620147099898,0.00301647891257797,0.750835583279024,0.00542081742854483,0.0283702634763988,0.187603575086119
"pc2001__09__48",1,"Ambedkar Nagar",TRUE,614103,13174,2191,1986,473366,3220,19105,101061,4862,2011,0.0214524273615338,0.00356780540072268,0.00323398517838213,0.770825089602233,0.0052434200777394,0.031110416330811,0.164566856048578
"pc2001__09__50",1,"Bahraich",TRUE,841353,21533,2563,2081,634545,1975,41892,136764,5639,2011,0.0255933003150877,0.00304628378338224,0.00247339701647228,0.754195920142913,0.00234740947022237,0.0497912291273698,0.162552460144553
"pc2001__09__52",1,"Balrampur",TRUE,505036,8897,1321,1571,411511,1311,16012,64413,3247,2011,0.017616565947774,0.00261565512161509,0.0031106693384234,0.814815181492012,0.00259585455294276,0.0317046705581384,0.127541402989094
"pc2001__09__53",1,"Gonda",TRUE,914351,20916,2563,3638,675101,6017,35451,170665,7018,2011,0.022875241564782,0.00280308109249074,0.00397877839035556,0.738338996731015,0.00658062385232804,0.0387717627038194,0.18665151566521
"pc2001__09__55",1,"Basti",TRUE,640186,16656,2624,2986,500475,3422,26066,87957,6321,2011,0.0260174386818831,0.00409880878369724,0.00466426944669206,0.781764987050638,0.00534532151593443,0.0407162918276876,0.137392882693467
"pc2001__09__60",1,"Deoria",TRUE,862517,18134,3658,4623,671384,6987,37215,120516,6776,2011,0.0210245131400309,0.00424107582807064,0.00535989435570545,0.778400889489714,0.00810070989905127,0.0431469756538132,0.139725941633614
"pc2001__09__61",1,"Azamgarh",TRUE,1219687,19873,2872,4819,964336,6667,38155,182965,6998,2011,0.0162935244862001,0.00235470247694695,0.00395101366170173,0.790642189348579,0.00546615648113,0.0312826159498297,0.150009797595613
"pc2001__09__62",1,"Mau",TRUE,545733,12543,2312,3815,406396,2480,21708,96479,3775,2011,0.0229837667870552,0.00423650393140968,0.00699059796640482,0.744679174614693,0.00454434677763668,0.0397776934874746,0.176787916435326
"pc2001__09__63",1,"Ballia",TRUE,927433,16508,4221,3796,647690,6604,35503,213111,4052,2011,0.0177996685474854,0.0045512721673695,0.00409301804011718,0.698368507482481,0.00712073001499839,0.0382809324231508,0.229785871324398
"pc2001__09__64",1,"Jaunpur",TRUE,1258743,20903,5453,3727,944642,8372,33067,242579,7290,2011,0.0166062492502441,0.00433209956281783,0.00296089034854613,0.75046455074626,0.00665107968822865,0.0262698581044741,0.192715272299429
"pc2001__09__65",1,"Ghazipur",TRUE,968892,17266,2748,3111,735617,5375,33079,171696,5357,2011,0.0178203556227113,0.00283622942495139,0.00321088418523427,0.759235291446312,0.00554757392980848,0.0341410600975134,0.177208605293469
"pc2001__09__66",1,"Chandauli",TRUE,561809,15516,1458,1458,415158,4552,35749,87918,4666,2011,0.0276179270890997,0.00259518804433535,0.00259518804433535,0.738966445891753,0.00810239778999624,0.0636319460884393,0.156490907052041
"pc2001__09__67",1,"Varanasi",TRUE,1200983,68744,9277,17234,639312,30175,154055,282186,24924,2011,0.0572397777487275,0.00772450567576727,0.0143499116973346,0.532323937974143,0.0251252515647599,0.128274088808917,0.234962526530351
"pc2001__09__69",1,"Mirzapur",TRUE,676304,17297,2450,1322,510155,6059,30315,108706,5226,2011,0.0255757765738484,0.00362263124275474,0.00195474224609052,0.754327935366344,0.00895898885708202,0.044824516785351,0.160735408928529
"pc2001__09__70",1,"Sonbhadra",TRUE,592083,60311,2966,2579,342103,9902,90888,83334,13588,2011,0.101862407804311,0.00500943279911769,0.00435580822283362,0.577795680673149,0.016724006600426,0.153505505140327,0.140747158759836
"pc2001__10__01",1,"Pashchim Champaran",TRUE,992018,18795,2265,3093,763048,7786,45701,151330,4922,2011,0.0189462287982678,0.00228322469955182,0.00311788697382507,0.769187655869148,0.00784864790759845,0.0460687205272485,0.152547635224361
"pc2001__10__02",1,"Purba Champaran",TRUE,1249887,18735,3689,3547,1034951,8101,28829,152035,5848,2011,0.0149893550376954,0.00295146681259986,0.00283785654223142,0.82803565442316,0.00648138591728692,0.0230652851017732,0.121638996165253
"pc2001__10__03",1,"Sheohar",TRUE,84994,920,220,406,69678,356,1538,11876,366,2011,0.0108242934795397,0.00258841800597689,0.00477680777466645,0.819799044638445,0.00418853095512624,0.0180953949690566,0.139727510177189
"pc2001__10__04",1,"Sitamarhi",TRUE,852953,13650,1874,2748,691377,7827,20531,114946,4082,2011,0.0160032264380335,0.00219707299229852,0.00322174844334916,0.810568694875333,0.00917635555534713,0.0240704939193602,0.134762407776278
"pc2001__10__05",1,"Madhubani",TRUE,1143850,12556,2894,2660,919944,6211,23057,176528,4117,2011,0.0109769637627311,0.00253005201730996,0.00232547973947633,0.804252305809328,0.00542990776762687,0.0201573632906413,0.154327927612886
"pc2001__10__06",1,"Supaul",TRUE,575469,10631,1194,1607,453533,3238,19125,86141,3023,2011,0.0184736275976638,0.00207482940001981,0.00279250489600656,0.788110219664309,0.00562671490558136,0.0332337623746892,0.149688341161731
"pc2001__10__08",1,"Kishanganj",TRUE,352376,17048,1007,2170,257099,4016,22800,48236,5242,2011,0.0483801393965537,0.00285774286557541,0.00615819465570867,0.729615524326288,0.0113969169296433,0.064703612050764,0.136887869775467
"pc2001__10__09",1,"Purnia",TRUE,763104,30165,2809,3209,529926,8862,45339,142794,7595,2011,0.0395293433136244,0.00368101857676018,0.00420519352539103,0.694434834570386,0.0116130959869166,0.0594139199899358,0.187122594036986
"pc2001__10__11",1,"Madhepura",TRUE,490529,6065,1033,983,418895,3012,9165,51376,1748,2011,0.0123642027280752,0.00210588976390794,0.00200395899121153,0.853965820573299,0.00614030974723207,0.018683910635253,0.104735907561021
"pc2001__10__12",1,"Saharsa",TRUE,488683,12367,1128,1719,384469,3570,20398,65032,3595,2011,0.0253067939748262,0.0023082448130997,0.00351761776038864,0.78674519064506,0.00730534927550171,0.0417407603702196,0.133076043160904
"pc2001__10__14",1,"Muzaffarpur",TRUE,1326190,41551,4929,8210,976293,16028,64442,214737,12752,2011,0.0313311064025517,0.00371666201675476,0.00619066649575099,0.736163747276031,0.0120857494024235,0.0485918307331529,0.161920237673335
"pc2001__10__15",1,"Gopalganj",TRUE,693775,13571,2006,2694,549737,4820,27975,92972,4563,2011,0.0195610968974091,0.00289142733595186,0.00388310331159237,0.79238513927426,0.00694749738748153,0.040322871247883,0.134008864545422
"pc2001__10__16",1,"Siwan",TRUE,853521,13684,2362,3812,729135,2913,21658,79957,4939,2011,0.0160324116219753,0.00276736014696768,0.00446620528375986,0.854267206079288,0.00341292129894871,0.0253748882569966,0.0936790073120638
"pc2001__10__17",1,"Saran",TRUE,1038596,13328,1922,2142,862211,7886,28465,122642,4910,2011,0.0128327087722271,0.00185057519959638,0.00206239962410793,0.830169767647863,0.00759294278044591,0.0274071920169151,0.118084413958844
"pc2001__10__19",1,"Samastipur",TRUE,1102714,15175,1782,2799,927468,16408,29645,109437,5303,2011,0.0137615011689341,0.00161601285555457,0.00253828281857308,0.841077559548532,0.0148796514780804,0.0268836706525899,0.0992433214777358
"pc2001__10__20",1,"Begusarai",TRUE,834026,20517,2337,3117,594587,9603,41140,162725,6995,2011,0.0245999525194658,0.00280207091865242,0.0037372935615916,0.712911827688825,0.0115140295386475,0.0493269993981003,0.195107826374717
"pc2001__10__21",1,"Khagaria",TRUE,426316,6542,976,1156,334219,2914,12082,68427,2036,2011,0.015345424520778,0.00228938158549057,0.0027116035992081,0.783970106681429,0.00683530526651592,0.0283404798318618,0.160507698514717
"pc2001__10__23",1,"Banka",TRUE,542079,7469,959,983,436656,4162,13788,78062,2553,2011,0.0137784345086233,0.00176911483381574,0.00181338882340028,0.805520966501193,0.00767784769378633,0.0254354070163205,0.144004840622861
"pc2001__10__24",1,"Munger",TRUE,370054,11210,887,1828,272138,3732,17789,62470,3468,2011,0.0302928761748285,0.00239694747253104,0.00493981959389711,0.735400779345717,0.010085014619488,0.048071362557897,0.168813200235641
"pc2001__10__25",1,"Lakhisarai",TRUE,264355,6612,654,974,204859,1657,12026,37573,2493,2011,0.0250118212252464,0.00247394601955704,0.00368443948478372,0.774939002477729,0.00626808647462692,0.0454918575400503,0.142130846778007
"pc2001__10__26",1,"Sheikhpura",TRUE,172236,4102,489,891,122649,1431,9315,33359,1608,2011,0.0238161592233912,0.002839127708493,0.00517313453633387,0.712098515989689,0.00830836758865742,0.0540827701525813,0.193681924800855
"pc2001__10__27",1,"Nalanda",TRUE,811986,21993,2520,4582,586498,10301,38549,147543,7001,2011,0.0270854423598436,0.00310350178451353,0.00564295443517499,0.722300630799053,0.0126861793183626,0.0474749564647666,0.181706334838285
"pc2001__10__28",1,"Patna",TRUE,1936192,155807,14052,22228,953908,55111,283853,451233,50855,2011,0.080470841734704,0.00725754470631012,0.0114802664198592,0.492672214325852,0.0284636027831951,0.146603745909497,0.233051784120583
"pc2001__10__30",1,"Buxar",TRUE,465802,10699,1115,3695,368643,2646,24530,54474,3951,2011,0.0229689868227273,0.00239372093722225,0.00793255503411321,0.791415665883788,0.00568052520169514,0.0526618606188896,0.116946685501565
"pc2001__10__31",1,"Kaimur (Bhabua)",TRUE,445699,7465,1927,1831,344528,5446,13732,70770,2359,2011,0.0167489718397394,0.0043235457113433,0.00410815370911759,0.773005997321062,0.0122190087929298,0.030810030985037,0.158784291640771
"pc2001__10__32",1,"Rohtas",TRUE,862875,26602,3366,4579,611819,17758,49686,149065,8018,2011,0.0308294944227148,0.00390091264667536,0.0053066782558308,0.709047080979284,0.0205800376647834,0.0575819209039548,0.172753875126756
"pc2001__10__35",1,"Gaya",TRUE,1186336,32303,5782,5907,778153,15686,53504,295001,8317,2011,0.0272292166806031,0.00487383001105926,0.00497919645024681,0.65592968602487,0.0132222237207671,0.0451002076983249,0.248665639414129
"pc2001__10__36",1,"Nawada",TRUE,555514,13676,1974,1879,428758,4193,24920,80114,4254,2011,0.0246186414743823,0.00355346579924178,0.00338245300748496,0.771822132295496,0.00754796458775116,0.0448593554797899,0.144215987355854
"pc2001__10__37",1,"Jamui",TRUE,427378,7278,858,677,357224,3929,12659,44753,2783,2011,0.0170294212617402,0.00200759047026286,0.00158407779530065,0.8358502309431,0.00919326685042281,0.0296201489079925,0.104715263771181
"pc2001__11__03",1,"South District",TRUE,50948,9250,1097,1370,18731,1144,10598,8758,5097,2011,0.181557666640496,0.0215317578707702,0.0268901625186465,0.367649367983042,0.0224542670958624,0.208016016330376,0.171900761560807
"pc2001__11__04",1,"East District",TRUE,144928,29834,3134,4915,33228,3977,28727,41113,14564,2011,0.205853941267388,0.0216245308015014,0.0339133914771473,0.229272466328108,0.027441212188121,0.19821566570987,0.283678792227865
"pc2001__12__01",1,"Tawang",TRUE,20168,7319,556,750,2295,230,2751,6267,5610,2011,0.362901626338754,0.0275684252280841,0.0371876239587465,0.113794129313764,0.0114042046806823,0.136404204680682,0.310739785799286
"pc2001__12__09",1,"Upper Siang",TRUE,12813,2836,371,421,739,99,3047,5300,1472,2011,0.221337703894482,0.0289549676110201,0.0328572543510497,0.0576757980176383,0.00772652774525872,0.237805353937407,0.413642394443144
"pc2001__12__10",2,"Dibang Valley;Lower Dibang Valley",TRUE,33812,8840,1114,1404,3914,448,9126,8966,4758,2011,0.26144564060097,0.0329468827635159,0.0415237193895658,0.115757719152963,0.0132497338223116,0.269904176032178,0.265172128238495
"pc2001__12__12",1,"Changlang",TRUE,58512,10893,1781,1127,8013,730,20948,15020,5619,2011,0.186166940114848,0.0304382007109653,0.0192610062893082,0.136946267432322,0.0124760732841127,0.358012031719989,0.256699480448455
"pc2001__12__13",1,"Tirap",TRUE,35950,5202,1031,2109,3002,372,9328,14906,2413,2011,0.144700973574409,0.0286787204450626,0.0586648122392211,0.0835048678720445,0.0103477051460362,0.259471488178025,0.414631432545202
"pc2001__13__01",1,"Mon",TRUE,42972,6200,1492,4515,6574,227,8082,15882,2546,2011,0.144279996276645,0.0347202829749604,0.105068416643396,0.152983337987527,0.00528250954109653,0.18807595643675,0.369589500139626
"pc2001__13__03",1,"Mokokchung",TRUE,48282,13540,1551,4310,4944,292,11325,12320,6129,2011,0.280435773165983,0.0321237728345967,0.0892672217389503,0.102398409345098,0.00604780249368295,0.23455946315397,0.255167557267719
"pc2001__13__04",1,"Zunheboto",TRUE,33150,5744,1077,3453,5228,242,4598,12808,2248,2011,0.173273001508296,0.0324886877828054,0.104162895927602,0.157707390648567,0.00730015082956259,0.138702865761689,0.386365007541478
"pc2001__13__05",1,"Wokha",TRUE,34512,7106,1315,2156,5736,136,8716,9347,3029,2011,0.20589939731108,0.038102688919796,0.0624710245711637,0.166203059805285,0.00394065832174316,0.252549837737599,0.270833333333333
"pc2001__14__04",1,"Bishnupur",TRUE,40497,908,250,72,23623,3638,2904,9102,437,2011,0.0224214139318962,0.00617329678741635,0.00177790947477591,0.583327160036546,0.0898338148504828,0.0717090154826283,0.224757389436255
"pc2001__14__05",1,"Thoubal",TRUE,69253,869,305,102,46621,751,3317,17288,292,2011,0.0125481928580711,0.00440414133683739,0.00147286038149972,0.673198272999004,0.0108442955539832,0.0478968420140644,0.249635394856541
"pc2001__14__06",1,"Imphal West",TRUE,169803,5943,2992,2390,78669,8680,24001,47128,2263,2011,0.0349993816363669,0.0176204189560844,0.0140751341260166,0.463295701489373,0.0511180603405122,0.141346148183483,0.277545155268164
"pc2001__14__08",1,"Ukhrul",TRUE,42983,3306,1042,3902,5258,538,5616,23321,1634,2011,0.0769141288416351,0.0242421422422818,0.0907800758439383,0.122327431775353,0.012516576320871,0.130656305981435,0.542563338994486
"pc2001__15__01",1,"Mamit",TRUE,23274,3076,201,369,2437,455,9705,7031,1883,2011,0.132164647245854,0.00863624645527198,0.0158546017014695,0.104709117470138,0.0195497121251182,0.416988914668729,0.302096760333419
"pc2001__15__02",1,"Kolasib",TRUE,37402,4447,251,465,3133,1181,13259,14666,1986,2011,0.118897385166569,0.00671087107641303,0.0124324902411636,0.0837655740334741,0.0315758515587402,0.354499759371157,0.392118068552484
"pc2001__15__07",1,"Lawngtlai",TRUE,29568,3605,507,1494,3378,801,10494,9289,1683,2011,0.121922348484848,0.0171469155844156,0.0505275974025974,0.11424512987013,0.0270900974025974,0.354910714285714,0.314157196969697
"pc2001__16__01",1,"West Tripura",TRUE,662870,46814,6933,5945,257728,4513,138168,202769,19977,2011,0.0706231991189826,0.0104590643715962,0.00896857604055094,0.388806251602878,0.00680827311539216,0.208439060449259,0.305895575301341
"pc2001__16__02",1,"South Tripura",TRUE,292750,18293,2170,2977,131707,2223,65190,70190,8480,2011,0.0624867634500427,0.00741246797608881,0.0101690862510675,0.449895815542272,0.0075935098206661,0.22268146883006,0.239760888129804
"pc2001__16__03",1,"Dhalai",TRUE,113100,9992,1467,1078,37355,1071,24933,37204,4401,2011,0.0883465959328028,0.0129708222811671,0.00953138815207781,0.330282935455349,0.00946949602122016,0.220450928381963,0.32894783377542
"pc2001__16__04",1,"North Tripura",TRUE,230903,16998,2447,2294,87368,1859,49884,70053,6928,2011,0.0736153276484065,0.010597523635466,0.00993490773181812,0.378375335097422,0.00805099977046639,0.216038769526598,0.303387136589823
"pc2001__17__03",1,"South Garo Hills",TRUE,31970,1285,642,653,9787,180,4081,15342,640,2011,0.0401939318110729,0.0200813262433531,0.0204253988113857,0.306130747575852,0.00563027838598686,0.127650922740069,0.47988739443228
"pc2001__17__05",1,"Ribhoi",TRUE,60209,5757,800,528,11928,1820,14817,24559,1729,2011,0.0956169343453637,0.0132870501087877,0.0087694530717999,0.198109917122025,0.0302280389974921,0.246092776827385,0.407895829527147
"pc2001__17__06",1,"East Khasi Hills",TRUE,221486,30561,3499,13835,42198,15760,46312,69321,11347,2011,0.137981633150628,0.0157978382380828,0.0624644447053087,0.190522200048762,0.071155738963185,0.209096737491309,0.312981407402725
"pc2001__18__03",1,"Goalpara",TRUE,347643,8990,4338,1366,148199,2636,82749,99365,2733,2011,0.0258598619848523,0.0124783182747819,0.00392931829491749,0.426296516829046,0.0075824912338232,0.238028667339771,0.285824826042808
"pc2001__18__13",1,"Dhemaji",TRUE,246602,10294,5222,1237,94111,3289,62880,69569,3232,2011,0.0417433759661317,0.0211758217694909,0.00501617991743781,0.381631130323355,0.0133372803140283,0.254985766538795,0.282110445170761
"pc2001__18__14",1,"Tinsukia",TRUE,433963,40292,16333,2670,160087,6138,77756,130687,12957,2011,0.0928466251731138,0.037636849224473,0.00615259826298555,0.368895504916318,0.0141440629731106,0.179176565744084,0.301147793705915
"pc2001__18__15",1,"Dibrugarh",TRUE,487837,35989,12648,3627,203387,4247,46614,181325,11993,2011,0.0737725920748119,0.0259266927272839,0.00743486041444171,0.416915896088243,0.00870577672460269,0.0955524078739415,0.371691774096676
"pc2001__19__07",1,"Murshidabad",TRUE,2235468,41971,13851,9653,1218019,180750,181746,589478,14870,2011,0.0187750394995589,0.00619601801501967,0.0043181114648029,0.544860852403166,0.080855552394398,0.0813010966831107,0.263693329539944
"pc2001__19__08",1,"Birbhum",TRUE,1192589,37232,10691,4585,714283,92597,87243,245958,10563,2011,0.0312194729282259,0.00896453011054102,0.00384457679888042,0.598934754555006,0.07764368110053,0.0731542886945964,0.20623869581222
"pc2001__19__13",1,"Bankura",TRUE,1334084,25644,6557,3913,891706,142943,64800,198521,9269,2011,0.0192221779138345,0.0049149828646472,0.00293309866545135,0.66840318900459,0.107146926280504,0.0485726535960254,0.148806971674947
"pc2001__19__14",1,"Puruliya",TRUE,921486,16172,3682,4214,678957,15545,36188,166728,5408,2011,0.017549913943348,0.00399571995667867,0.00457304831543832,0.736806636237555,0.0168694912348099,0.0392713508398391,0.180933839472331
"pc2001__19__16",1,"Haora",TRUE,1845731,122255,28938,7395,844803,143340,226846,472154,34458,2011,0.0662366292812983,0.0156783409933517,0.00400654266520961,0.457706458850179,0.0776602874416694,0.122903066589877,0.255808674178415
"pc2001__19__17",1,"Kolkata",TRUE,837138,175582,28266,16099,149299,22806,186521,258565,45470,2011,0.209740807369872,0.0337650423227712,0.0192309989511885,0.178344550121963,0.0272428201801853,0.222807948032463,0.308867833021557
"pc2001__20__01",1,"Garhwa",TRUE,347021,10090,892,1866,276728,3826,20866,32753,4291,2011,0.0290760501525844,0.00257044962696782,0.00537719619273762,0.797438771716985,0.0110252693641019,0.0601289259151463,0.0943833370314765
"pc2001__20__02",2,"Latehar;Palamu",TRUE,715123,28601,2056,6695,546261,8535,39767,83208,11433,2011,0.0399945184255016,0.00287502988996299,0.00936202583331818,0.763869991595851,0.0119350097815341,0.0556086155808162,0.116354808893016
"pc2001__20__03",1,"Chatra",TRUE,268520,5979,484,2173,217346,1045,11432,30061,2165,2011,0.0222664978400119,0.0018024728139431,0.00809250707582303,0.809422016981975,0.00389170266646805,0.0425741099359452,0.111950692685833
"pc2001__20__04",2,"Hazaribagh;Ramgarh",TRUE,800509,65505,3076,7120,546495,11326,105248,61739,20013,2011,0.0818291861802928,0.00384255517427037,0.0088943409755543,0.682684392055555,0.014148498018136,0.131476348173475,0.0771246794227173
"pc2001__20__05",1,"Kodarma",TRUE,200807,6410,696,1281,153588,1083,15570,22179,2432,2011,0.0319211979662064,0.00346601463096406,0.0063792596871623,0.764853814857052,0.00539323828352597,0.0775371376495839,0.110449336925506
"pc2001__20__06",1,"Giridih",TRUE,647405,15127,1567,3329,557241,2366,24815,42960,5550,2011,0.0233655903182706,0.00242043234142461,0.00514206717587909,0.860730145735668,0.00365459024876237,0.0383299480232621,0.0663572261567334
"pc2001__20__07",1,"Deoghar",TRUE,417110,19036,1523,3330,323724,3064,34723,31710,6607,2011,0.0456378413368176,0.00365131500083911,0.0079835055500947,0.776111817026684,0.00734578408573278,0.0832466255903718,0.0760231114094603
"pc2001__20__08",1,"Godda",TRUE,343740,11120,684,3320,280478,1680,20481,25977,3673,2011,0.0323500320009309,0.00198987606912201,0.00965846279164485,0.815959737010531,0.00488741490661547,0.0595828242276139,0.0755716529935416
"pc2001__20__09",1,"Sahibganj",TRUE,273226,12169,648,1053,202950,4846,23642,27918,3695,2011,0.0445382211063369,0.00237166301889278,0.00385395240570078,0.74279168161156,0.0177362330085717,0.0865291004516408,0.102179148397297
"pc2001__20__10",1,"Pakur",TRUE,222685,10518,545,1574,166362,2958,20858,19870,4151,2011,0.0472326380312998,0.00244740328266385,0.00706828030626221,0.74707322001931,0.0132833374497609,0.093665940678537,0.0892291802321665
"pc2001__20__11",2,"Dumka;Jamtara",TRUE,604789,23360,2150,4207,464289,6954,35870,67959,8221,2011,0.038625041130047,0.00355495883688361,0.00695614503570667,0.767687573682722,0.0114982250007854,0.0593099411530302,0.112368115160825
"pc2001__20__12",1,"Dhanbad",TRUE,908132,134921,7746,5985,454541,23253,169788,111898,27996,2011,0.148569811437104,0.00852959701893557,0.00659045160835649,0.500523051714949,0.0256053084793841,0.186964009637365,0.123217770103906
"pc2001__20__13",1,"Bokaro",TRUE,729514,107041,5111,5806,394337,15732,130626,70861,21309,2011,0.146729192311594,0.00700603415424516,0.00795872320476372,0.54054754261056,0.021565041932026,0.179058935126673,0.0971345306601381
"pc2001__20__14",2,"Khunti;Ranchi",TRUE,1153364,149252,7359,26134,559720,24874,205107,180918,56589,2011,0.129405807706847,0.00638046618413614,0.0226589350803389,0.485293454624906,0.0215664785791823,0.177833710779945,0.156861147044645
"pc2001__20__15",1,"Lohardaga",TRUE,122325,6761,294,2941,87592,2199,10824,11714,3310,2011,0.0552707950132843,0.00240343347639485,0.0240425097077458,0.71605967708972,0.0179767014101778,0.0884855916615573,0.09576129164112
"pc2001__20__16",2,"Gumla;Simdega",TRUE,426189,23581,1228,11711,299353,3378,37869,49069,10900,2011,0.0553299123158974,0.00288135076222052,0.0274784191989939,0.702394946842833,0.00792606097294862,0.0888549446372384,0.115134365269869
"pc2001__20__17",2,"Pashchimi Singhbhum;Saraikela-Kharsawan",TRUE,712624,66263,2792,6465,472650,7999,94017,62438,27061,2011,0.092984519185433,0.00391791463661061,0.00907210534587665,0.66325299176003,0.011224713172725,0.131930723635466,0.0876170322638586
"pc2001__20__18",1,"Purbi Singhbhum",TRUE,766619,128525,4975,6011,368136,22034,166777,70161,42239,2011,0.167651727911779,0.0064895339144999,0.00784092228342893,0.480207247668007,0.028741786989365,0.21754874324795,0.0915200379849704
"pc2001__21__02",1,"Jharsuguda",TRUE,266325,30117,5853,3919,106840,10264,45941,63391,14294,2011,0.113083638411715,0.0219769079132639,0.0147151037266498,0.401163991363935,0.0385393785788041,0.172499765324322,0.23802121468131
"pc2001__21__03",1,"Sambalpur",TRUE,463438,34446,9243,8847,191600,16176,67696,135430,14251,2011,0.0743270944549217,0.0199444154342113,0.0190899322023658,0.41343178591311,0.034904345349324,0.146073476926795,0.292228949719272
"pc2001__21__07",1,"Mayurbhanj",TRUE,876743,26091,7806,30665,530260,20417,75880,185624,11184,2011,0.0297590057747823,0.00890340726986129,0.0349760420100303,0.604806653717224,0.0232873259324568,0.0865475971864047,0.211719968109241
"pc2001__21__09",1,"Bhadrak",TRUE,471862,9020,2916,1847,331275,4306,33672,88826,3644,2011,0.0191157584208942,0.00617977289970373,0.00391428002254897,0.702059076594428,0.00912554941910983,0.0713598467348504,0.188245715908465
"pc2001__21__14",1,"Dhenkanal",TRUE,417229,15701,3197,4570,252372,7916,40556,92917,8553,2011,0.0376316123759374,0.00766245874567683,0.0109532175376112,0.604876458731296,0.0189727943167901,0.0972032145416546,0.222700243751034
"pc2001__21__17",1,"Khordha",TRUE,1155564,167470,35052,42889,373149,24195,269112,243697,71534,2011,0.144924902471867,0.0303332398724779,0.0371152095426995,0.32291504408237,0.0209378277620279,0.232883682773087,0.210890093495471
"pc2001__21__18",1,"Puri",TRUE,571191,19537,8056,5789,372264,15688,47968,101889,8301,2011,0.0342039703006525,0.0141038636813255,0.0101349636111213,0.651732957977279,0.0274654187478444,0.0839789142335926,0.178379911448185
"pc2001__21__19",1,"Ganjam",TRUE,1337233,51001,17971,21331,635035,100629,151166,360100,26267,2011,0.0381392023678746,0.013438944447228,0.0159515955708541,0.474887323301175,0.0752516577141007,0.113043874926808,0.26928740167196
"pc2001__21__20",1,"Gajapati",TRUE,213758,6296,2230,6333,80973,6914,18239,92773,2924,2011,0.0294538683932297,0.0104323580871827,0.0296269613301023,0.378806875064325,0.0323449882577494,0.0853254615031952,0.434009487364216
"pc2001__21__22",1,"Baudh",TRUE,165957,3892,1340,1568,92872,4475,14144,47666,1741,2011,0.0234518580114126,0.00807438071307628,0.00944823056574896,0.559614839988672,0.0269648161873256,0.0852268961236947,0.28721897841007
"pc2001__21__24",1,"Balangir",TRUE,605269,18898,5223,4877,341359,17611,47424,169877,6487,2011,0.0312224812438767,0.00862922105708371,0.00805757440080361,0.563978991159303,0.0290961539414707,0.0783519393856285,0.280663638811834
"pc2001__21__25",1,"Nuapada",TRUE,223761,5881,1558,2885,134960,5688,17176,55613,2837,2011,0.0262825067817895,0.00696278618704779,0.0128932208919338,0.603143532608453,0.0254199793529704,0.0767604721108683,0.248537502066938
"pc2001__21__26",1,"Kalahandi",TRUE,556514,16423,4348,7241,334930,9962,47845,135765,6828,2011,0.0295104885052308,0.00781292114843472,0.0130113528141251,0.601835713027884,0.0179007176818553,0.0859726799325803,0.24395612688989
"pc2001__21__28",1,"Nabarangapur",TRUE,432446,12687,4980,9685,222731,4472,45050,132841,4501,2011,0.0293377670275595,0.0115158886889924,0.0223958598298978,0.515049277828908,0.0103411755456173,0.104174856513877,0.307185174565148
"pc2001__21__30",1,"Malkangiri",TRUE,223089,11626,2423,8061,93776,2565,40861,63777,4198,2011,0.0521137303945959,0.0108611361384918,0.0361335610451434,0.420352415403718,0.011497653402902,0.183160084091999,0.28588141952315
"pc2001__22__03",1,"Jashpur",TRUE,263268,20622,863,13422,176739,5769,27490,18363,11053,2011,0.0783308263822417,0.00327802847288694,0.0509822690186426,0.671327316650713,0.0219130315875838,0.104418311378519,0.0697502165094125
"pc2001__22__05",1,"Korba",TRUE,460499,82532,2156,4796,210166,15452,111392,34005,28707,2011,0.17922297333979,0.00468187770223171,0.0104147891743522,0.456387527443056,0.0335549045709111,0.241894119205471,0.073843808564188
"pc2001__22__10",1,"Durg",TRUE,1336789,193043,4186,12042,681948,73946,249796,121828,60441,2011,0.144407980616238,0.00313138423490917,0.00900815311915343,0.510138847641625,0.0553161344086464,0.186862698600901,0.0911348013785272
"pc2001__22__11",1,"Raipur",TRUE,1560026,231775,8575,15573,744620,65258,305873,188352,101285,2011,0.148571241761355,0.00549670326007387,0.0099825259322601,0.477312557611219,0.0418313540928164,0.196069168077968,0.120736449264307
"pc2001__22__12",1,"Mahasamund",TRUE,366427,30108,1444,3900,237629,14118,49813,29415,11110,2011,0.0821664342420182,0.00394075764067604,0.0106433204976707,0.648502976036155,0.0385288202015681,0.135942493320634,0.0802751980612782
"pc2001__22__13",1,"Dhamtari",TRUE,283181,21403,582,2943,181984,17024,35302,23943,8324,2011,0.0755806357064916,0.00205522263146186,0.0103926463992994,0.642641985161434,0.060117027625441,0.124662318446506,0.0845501640293664
"pc2001__23__01",1,"Sheopur",TRUE,199335,13085,443,1217,138064,5796,19956,20774,4824,2011,0.0656432638523089,0.00222238944490431,0.00610530012290867,0.692622971379838,0.0290766799608699,0.100112875310407,0.104216519928763
"pc2001__23__02",1,"Morena",TRUE,618833,40190,1673,5132,405264,13197,86319,67058,12333,2011,0.0649448235630614,0.00270347573578009,0.00829302897550712,0.654884274109493,0.0213256241990973,0.139486743596415,0.108362029820646
"pc2001__23__03",1,"Bhind",TRUE,528592,31523,1927,5070,362179,4375,66090,57428,9251,2011,0.0596357871477434,0.00364553379544147,0.00959151860035718,0.685176847171353,0.00827670490661985,0.12503026909223,0.108643339286255
"pc2001__23__04",1,"Gwalior",TRUE,677657,91520,4940,15537,285463,9034,155636,115527,30764,2011,0.135053574300863,0.00728982361283068,0.0229275282333098,0.421249983398681,0.0133312280401442,0.229667811296866,0.170480051117306
"pc2001__23__07",2,"Ashoknagar;Guna",TRUE,650176,56942,2631,6380,423665,12396,73441,74721,19498,2011,0.087579363126292,0.00404659661383994,0.00981272763067231,0.651615870164386,0.019065606851068,0.112955568953637,0.114924266660104
"pc2001__23__09",1,"Chhatarpur",TRUE,537861,37989,2281,6846,361756,11606,60847,56536,13267,2011,0.0706297723761344,0.00424087264181638,0.0127281955746931,0.672582693298083,0.0215780657084265,0.113127741182201,0.105112659218646
"pc2001__23__10",1,"Panna",TRUE,298851,15989,779,2733,209409,7460,22366,40115,5063,2011,0.0535015777092933,0.00260665013669019,0.00914502544746379,0.700713733599687,0.0249622721690742,0.0748399704200421,0.13423077051775
"pc2001__23__11",1,"Sagar",TRUE,753370,69335,2578,8669,468862,15009,101331,87586,27037,2011,0.0920331311307857,0.00342195733835964,0.0115069620505197,0.622352894328152,0.0199224816491233,0.134503630354275,0.116258943148785
"pc2001__23__12",1,"Damoh",TRUE,410298,30936,1235,3960,274034,8749,42218,49166,10499,2011,0.0753988564409283,0.00301000736050383,0.00965152157700013,0.667890167634256,0.0213235258275692,0.102895943923685,0.119829977236058
"pc2001__23__15",1,"Umaria",TRUE,211972,16212,618,2251,131766,3572,24234,33319,6120,2011,0.0764817994829506,0.00291547940294001,0.0106193270809352,0.62161983658219,0.0168512822448248,0.114326420470628,0.157185854735531
"pc2001__23__16",2,"Anuppur;Shahdol",TRUE,604831,61297,3522,8160,352060,11161,86873,81758,17392,2011,0.101345665152745,0.00582311422529599,0.0134913719700214,0.582079952912467,0.018453088548702,0.143631857494077,0.135174949696692
"pc2001__23__18",1,"Neemuch",TRUE,317344,25982,1098,2741,186616,30782,33410,36715,11129,2011,0.0818732983765252,0.00345996773217707,0.00863731471211052,0.588055863668448,0.0969988403751134,0.105280074619341,0.115694640516285
"pc2001__23__19",1,"Mandsaur",TRUE,506307,29451,1582,1952,319525,49452,39328,65017,10207,2011,0.0581682654989957,0.00312458646631392,0.00385536838321414,0.631089437831197,0.0976719658231073,0.0776761925077078,0.128414183489464
"pc2001__23__20",1,"Ratlam",TRUE,523922,33619,1523,5130,311853,57604,41421,72772,11467,2011,0.0641679486641141,0.00290692125927142,0.00979153385427602,0.595227915605758,0.109947663965247,0.0790594783192918,0.138898538332042
"pc2001__23__21",1,"Ujjain",TRUE,800500,66628,2460,4550,414269,107172,87906,117515,21714,2011,0.0832329793878826,0.00307307932542161,0.005683947532792,0.517512804497189,0.133881324172392,0.109813866333542,0.146801998750781
"pc2001__23__23",1,"Dewas",TRUE,626496,62980,1615,4878,327632,72730,85951,70710,21959,2011,0.100527377668812,0.00257782970681377,0.0077861630401471,0.522959444274185,0.116090126672796,0.137193214322198,0.112865844315048
"pc2001__23__24",2,"Alirajpur;Jhabua",TRUE,499280,21580,1536,11481,347338,44716,30027,42602,11412,2011,0.0432222400256369,0.00307643005928537,0.0229951129626662,0.695677775997436,0.0895609677936228,0.0601406024675533,0.0853268706937991
"pc2001__23__25",1,"Dhar",TRUE,796594,80761,2703,10645,434553,62711,93490,111731,42374,2011,0.101382887644145,0.00339319653424455,0.0133631435838081,0.545513774896622,0.0787239170769551,0.117362169436375,0.14026091082785
"pc2001__23__26",1,"Indore",TRUE,1417889,270807,15261,28379,431082,101581,332343,238436,112211,2011,0.190993089021778,0.0107631838599495,0.0200149659105896,0.304030851498248,0.0716424205279821,0.234392819184012,0.16816266999744
"pc2001__23__28",1,"Barwani",TRUE,419251,35699,1617,6247,263831,32959,44715,34183,15603,2011,0.0851494689338845,0.00385687809927704,0.0149003818714803,0.62929128374172,0.0786140044984985,0.106654486214702,0.0815334966404374
"pc2001__23__30",1,"Rajgarh",TRUE,487030,26871,1410,2923,355499,17174,31937,51216,10585,2011,0.0551731926164713,0.00289509886454633,0.00600168367451697,0.729932447693161,0.0352627148224955,0.0655750159127775,0.105159846416032
"pc2001__23__31",1,"Vidisha",TRUE,467440,46998,1625,6351,285524,17117,64769,45056,16382,2011,0.100543385247304,0.00347638199555023,0.0135867704946089,0.610824918706144,0.0366186034571282,0.138561098750642,0.0963888413486223
"pc2001__23__32",1,"Bhopal",TRUE,1069428,222677,10731,28073,253013,40679,266471,247784,72627,2011,0.208220656276065,0.0100343361123891,0.0262504815658464,0.236587222328198,0.0380380913909118,0.249171519728303,0.231697692598286
"pc2001__23__33",1,"Sehore",TRUE,456474,43332,1377,6627,271619,32804,56323,44392,17392,2011,0.0949276410047451,0.00301660116457892,0.0145178038617753,0.595037176268528,0.071863895862634,0.123387093240798,0.0972497885969409
"pc2001__23__34",1,"Raisen",TRUE,462577,63420,1713,5212,245280,15560,83982,47410,24915,2011,0.137101498777501,0.00370316725647838,0.0112673133337801,0.530246856199076,0.0336376430302415,0.181552476668749,0.102491044734174
"pc2001__23__35",1,"Betul",TRUE,524159,58610,1980,9946,283577,28915,79746,61385,19465,2011,0.111817215768498,0.00377747973420279,0.0189751583012025,0.54101331847779,0.0551645588456938,0.152140858022089,0.117111410850524
"pc2001__23__36",1,"Harda",TRUE,233150,27588,906,2991,105312,16414,43664,36275,11035,2011,0.118327257130603,0.00388591035813854,0.0128286510829938,0.45169204374866,0.0704010293802273,0.187278576024019,0.155586532275359
"pc2001__23__38",1,"Katni",TRUE,431926,34424,2679,3730,266740,11181,53906,59266,11702,2011,0.0796988373008339,0.00620245134583239,0.00863573852928511,0.617559489356973,0.0258863786852378,0.124803785833684,0.137213318948153
"pc2001__23__39",1,"Jabalpur",TRUE,812736,110350,7538,14892,359069,27080,152168,141639,34374,2011,0.135775946924955,0.00927484447594299,0.0183232931726908,0.441802750216552,0.0333195527206867,0.187229309394441,0.174274303094732
"pc2001__23__41",1,"Dindori",TRUE,204077,10259,732,3759,131928,4663,15396,37340,4091,2011,0.0502702411344738,0.00358688142220828,0.0184195181230614,0.646461874684555,0.022849218677264,0.0754421125359546,0.182970153422483
"pc2001__23__42",1,"Mandla",TRUE,333784,23882,1154,5434,200171,10587,36147,56409,8584,2011,0.0715492653931884,0.00345732569565947,0.0162799894542578,0.599702202622055,0.0317181171056731,0.108294585720106,0.16899851400906
"pc2001__23__44",1,"Seoni",TRUE,471388,40474,1465,5036,278822,23090,63275,59226,14636,2011,0.0858613286719221,0.00310784322044685,0.0106833436574542,0.591491510178452,0.0489830033857459,0.134231248992338,0.125641721893642
"pc2001__23__45",1,"Balaghat",TRUE,567509,47206,1916,6783,363806,20336,67576,59886,16218,2011,0.083181059683635,0.00337615791115207,0.0119522333566516,0.641057674856258,0.0358337929442529,0.119074763572031,0.105524317676019
"pc2001__24__01",1,"Kachchh",TRUE,998173,172890,18322,8125,281688,87936,267945,161267,113495,2011,0.173206448180826,0.0183555355634745,0.00813987154531329,0.282203585951533,0.0880969531333747,0.268435431533412,0.161562174092066
"pc2001__24__03",1,"Patan",TRUE,494942,22723,5538,3633,280035,47791,48864,86358,11006,2011,0.045910429908959,0.0111891898444666,0.00734025400956072,0.565793567731169,0.0965587887065555,0.0987267194944054,0.174481050304884
"pc2001__24__04",1,"Mahesana",TRUE,904561,59349,15459,8288,450766,84429,136693,149577,26370,2011,0.0656108322158483,0.0170900580502586,0.00916245560000929,0.498325707166239,0.0933369888818996,0.151115292390452,0.165358665695293
"pc2001__24__07",1,"Ahmadabad",TRUE,3246537,490619,99908,29507,786295,230991,671159,938058,164750,2011,0.151120717244251,0.0307737136524241,0.00908876134786081,0.242194991155191,0.0711499668723936,0.20673074109428,0.288941108633599
"pc2001__24__08",1,"Surendranagar",TRUE,682657,42071,7988,7243,371528,66050,90978,96799,16840,2011,0.0616283140728067,0.0117013375677683,0.0106100135206993,0.544238175247599,0.0967542997435022,0.13327044181778,0.141797418029845
"pc2001__24__09",1,"Rajkot",TRUE,1828255,214864,71694,19817,594694,146690,428211,352285,90104,2011,0.117524087176023,0.0392144421866753,0.0108392975815737,0.325279569863066,0.0802349781622367,0.234218421390889,0.192689203639536
"pc2001__24__11",1,"Porbandar",TRUE,255749,20497,3873,870,96609,35525,51969,46406,9074,2011,0.0801449859041482,0.015143754227778,0.00340177283195633,0.377749277612034,0.13890572397155,0.20320314057924,0.181451344873294
"pc2001__24__13",1,"Amreli",TRUE,649912,35181,7678,9485,322199,96531,77868,100970,16532,2011,0.0541319440170362,0.0118139071135785,0.0145942835337707,0.495757887221655,0.148529339356713,0.119813143933333,0.155359494823915
"pc2001__24__14",1,"Bhavnagar",TRUE,1121025,104509,20190,6940,507411,112735,174618,194622,49545,2011,0.0932262884413818,0.0180103030708503,0.00619076291786535,0.452631297250284,0.100564215784661,0.155766374523316,0.173610758011641
"pc2001__24__15",1,"Anand",TRUE,1048550,43026,14679,6481,457299,196042,113262,217761,17376,2011,0.0410338085928187,0.0139993324114253,0.00618091650374326,0.436125125172858,0.186964856230032,0.108017738782128,0.207678222306995
"pc2001__24__17",1,"Panch Mahals",TRUE,742287,32714,7520,2892,512674,30543,56131,99813,12900,2011,0.0440719021079448,0.0101308523522573,0.00389606715461809,0.690668164739515,0.0411471573663556,0.0756189991202864,0.134466857159023
"pc2001__24__18",1,"Dohad",TRUE,560837,16466,3876,5984,436807,10799,17017,69888,9316,2011,0.0293596891788523,0.0069110989467528,0.0106697667949868,0.778848399802438,0.0192551490005117,0.0303421493232437,0.124613746953215
"pc2001__24__20",1,"Narmada",TRUE,208822,10041,2060,8150,113969,14909,19957,39736,4807,2011,0.0480840141364416,0.00986486098208043,0.0390284548562891,0.545771039449866,0.0713957341659404,0.0955694323395045,0.190286464069878
"pc2001__24__21",1,"Bharuch",TRUE,818847,89890,14837,8254,248545,117177,164166,175978,45796,2011,0.109776307417625,0.0181193800551263,0.010080027160141,0.303530451964775,0.143099993038993,0.200484339565267,0.214909500798073
"pc2001__24__23",1,"The Dangs",TRUE,72420,2774,730,6875,40368,854,4391,16428,1203,2011,0.0383043358188346,0.0100800883733775,0.0949323391328362,0.557415078707539,0.0117923225628279,0.0606324219828777,0.226843413421707
"pc2001__24__24",1,"Navsari",TRUE,688321,53993,14865,7820,249697,127402,120595,113949,24542,2011,0.0784415991957241,0.0215960285971226,0.0113609783807264,0.362762432062947,0.185090967731625,0.175201686422469,0.165546307609386
"pc2001__24__25",1,"Valsad",TRUE,820773,106203,23887,5071,270764,67221,156072,191555,62166,2011,0.12939387626055,0.0291030528538341,0.00617832214266307,0.329889019253801,0.0818996238911368,0.190152453845338,0.233383651752677
"pc2001__25__01",1,"Diu",TRUE,5066,701,259,51,1776,286,1351,642,415,2011,0.138373470193447,0.0511251480457955,0.0100671140939597,0.350572443742598,0.0564547966837742,0.266679826292933,0.126727200947493
"pc2001__25__02",1,"Daman",TRUE,143526,73081,1686,628,15233,12213,29318,11367,61625,2011,0.509183005169795,0.0117470005434555,0.00437551384418154,0.106134080236333,0.0850925964633586,0.204269609687443,0.0791981940554325
"pc2001__26__01",1,"Dadra & Nagar Haveli",TRUE,188057,63779,4099,2430,39216,4676,47763,26094,48310,2011,0.339147173463365,0.0217965829509138,0.012921614191442,0.208532519395715,0.0248648016292932,0.253981505607342,0.138755802761929
"pc2001__27__01",1,"Nandurbar",TRUE,658747,36038,2719,22865,252633,69465,63621,211406,15614,2011,0.0547068905057632,0.00412753302861341,0.0347098354907119,0.383505351827029,0.105450195598614,0.0965788079490305,0.320921385600238
"pc2001__27__02",1,"Dhule",TRUE,1055137,69985,4900,20062,365188,212162,110932,271908,26008,2011,0.0663278796971389,0.00464394671023763,0.0190136446736301,0.346104818615971,0.201075310599477,0.105135162542874,0.257699237160672
"pc2001__27__04",1,"Buldana",TRUE,1187626,66534,3156,9351,545694,220795,127832,214264,25040,2011,0.056022687276971,0.00265740224616167,0.00787369087574708,0.459483035905243,0.185912905241212,0.107636579192439,0.180413699262226
"pc2001__27__05",1,"Akola",TRUE,793721,67059,3693,7855,335153,125193,108723,146045,20813,2011,0.0844868662918078,0.00465276841610591,0.00989642456228322,0.422255427284902,0.157729227272555,0.136978862849792,0.184000423322553
"pc2001__27__06",1,"Washim",TRUE,493898,23361,1672,5114,247543,62479,40972,112757,9065,2011,0.0472992399240329,0.00338531437665267,0.0103543646663886,0.501202677475916,0.126501828312729,0.0829563999044337,0.228300175339848
"pc2001__27__07",1,"Amravati",TRUE,1263301,105083,4149,18391,525266,185743,150146,274523,33699,2011,0.083181284586967,0.00328425292151277,0.0145578923787759,0.415788477963684,0.147029884406013,0.118852118378755,0.217306089364292
"pc2001__27__08",1,"Wardha",TRUE,781501,84446,1612,12745,265572,137917,127329,151880,32497,2011,0.108056163715721,0.00206269729661254,0.0163083604499546,0.339822981672448,0.176477061449697,0.162928774243411,0.194343961172155
"pc2001__27__09",1,"Nagpur",TRUE,2114895,392188,15999,43758,632083,148145,448393,434329,148322,2011,0.185440884772057,0.00756491457022689,0.0206903888845546,0.298872048021297,0.0700483948375688,0.212016672222498,0.205366696691798
"pc2001__27__10",1,"Bhandara",TRUE,521793,45477,1743,6875,263345,33410,75726,95217,16969,2011,0.0871552512203115,0.0033404051031731,0.0131757229399398,0.50469247383541,0.0640292223161292,0.145126515687255,0.182480408897781
"pc2001__27__11",1,"Gondiya",TRUE,526833,36224,2235,9862,297519,15562,66279,99152,14103,2011,0.0687580314824622,0.00424233106126609,0.0187194044412556,0.56473113870999,0.0295387722485114,0.125806469981949,0.188203852074566
"pc2001__27__12",1,"Gadchiroli",TRUE,520849,42312,1675,16490,181035,39002,68594,171741,18105,2011,0.0812365964031802,0.00321590326562977,0.031659847671782,0.347576744891514,0.0748815875618461,0.131696518568721,0.329732801637327
"pc2001__27__13",1,"Chandrapur",TRUE,1173917,160035,5019,15791,419204,157134,188702,228032,54024,2011,0.136325651643174,0.00427543003466173,0.0134515472558963,0.3570985001495,0.133854437749858,0.160745606375919,0.194248826790991
"pc2001__27__14",1,"Yavatmal",TRUE,1240500,114775,3859,21489,527525,145516,172391,254945,41880,2011,0.0925231761386538,0.00311084240225715,0.017322853688029,0.425251914550584,0.117304312777106,0.138968964127368,0.205517936316002
"pc2001__27__15",1,"Nanded",TRUE,1180040,92548,7261,19661,637875,46401,135495,240799,32123,2011,0.0784278499033931,0.00615318124809329,0.0166612996169621,0.540553710043727,0.0393215484220874,0.11482237890241,0.204060031863327
"pc2001__27__16",1,"Hingoli",TRUE,405335,21623,1223,4160,253512,20027,34230,70560,9976,2011,0.0533459977549434,0.00301725733035637,0.0102631156944256,0.625438217770486,0.0494085139452552,0.0844486659183145,0.174078231586219
"pc2001__27__17",1,"Parbhani",TRUE,669619,47362,4076,6889,365771,32358,65817,147346,14575,2011,0.0707297731993865,0.00608704352773741,0.0102879398583374,0.546237487287547,0.0483230015874699,0.098290221752967,0.220044532786555
"pc2001__27__20",1,"Nashik",TRUE,3434553,376417,14476,51719,1023039,735156,540030,693716,171848,2011,0.109597085850764,0.00421481339784246,0.0150584370076688,0.297866709292301,0.214047068133757,0.157234434874058,0.201981451443609
"pc2001__27__22",1,"Mumbai Suburban",TRUE,4271562,1280211,48031,62108,833001,386228,730959,931024,422043,2011,0.299705587792007,0.0112443644736984,0.0145398802592588,0.195010864878,0.0904184464605688,0.171122179661679,0.217958676474788
"pc2001__27__23",1,"Mumbai",TRUE,1233320,391332,18204,19306,235793,110835,178466,279384,157831,2011,0.317299646482665,0.0147601595692926,0.0156536827425161,0.191185580384653,0.0898671877533811,0.144703726526773,0.226530016540719
"pc2001__27__24",1,"Raigarh",TRUE,1479878,229331,12163,16333,373184,139896,352732,356239,139958,2011,0.154966152615283,0.00821892074887254,0.0110367205945355,0.252172138514121,0.0945321168366582,0.238352080374193,0.240721870316337
"pc2001__27__25",1,"Pune",TRUE,6094325,1205275,48283,123162,1329531,809804,1281117,1297153,673709,2011,0.197770056569021,0.00792261653259385,0.0202092930718332,0.218158860907484,0.132878374553375,0.210214748967277,0.212846049398416
"pc2001__27__27",1,"Bid",TRUE,896928,52980,3143,7726,530683,66279,88742,147375,20375,2011,0.0590682864176389,0.00350418316743373,0.00861384637339898,0.591667335616683,0.0738955635234935,0.0989399372078918,0.16431084769346
"pc2001__27__31",1,"Satara",TRUE,1924434,129588,7902,17433,666509,448981,224435,429586,65455,2011,0.0673382407502674,0.00410614237744708,0.00905876740901481,0.346340274595024,0.233305480988176,0.116623900845651,0.223227193034419
"pc2001__27__32",1,"Ratnagiri",TRUE,831042,68135,2625,9595,344801,132411,109857,163618,36666,2011,0.0819874326448001,0.00315868512060762,0.0115457461837067,0.414902014579287,0.159331297335153,0.132191874778892,0.196882949357554
"pc2001__27__33",1,"Sindhudurg",TRUE,524613,35119,2057,4134,193929,110033,64166,115175,19956,2011,0.0669426796514764,0.00392098556459714,0.00788009446963762,0.369661064441789,0.209741275950081,0.122311113144356,0.219542786778063
"pc2001__27__34",1,"Kolhapur",TRUE,2291809,173131,12138,16987,792477,561679,276160,459237,75390,2011,0.0755433807965672,0.00529625287273067,0.00741204873530037,0.345786668958888,0.245081069146687,0.120498697753609,0.200381881736218
"pc2001__27__35",1,"Sangli",TRUE,1665083,115859,8567,11167,580794,410731,166924,371041,49385,2011,0.0695815163568423,0.00514508886343804,0.00670657258527052,0.348807837206914,0.246672988673838,0.100249657224295,0.222836339089403
"pc2001__28__01",1,"Adilabad",TRUE,1227496,104352,9044,12164,396843,30899,135410,538784,33508,2011,0.0850120896524306,0.00736784478320092,0.00990960459341619,0.323294739860659,0.0251723834537954,0.110314005096554,0.438929332559943
"pc2001__28__02",1,"Nizamabad",TRUE,1077145,64846,8790,15948,434235,67111,88788,397427,22457,2011,0.060201736999197,0.00816046121924161,0.0148058060892452,0.403135139651579,0.0623045179618343,0.0824290137353838,0.368963324343519
"pc2001__28__03",1,"Karimnagar",TRUE,1615095,140737,13133,16901,649953,91321,184694,518356,48075,2011,0.0871385274550413,0.00813141022664302,0.0104643999269393,0.402424006018222,0.0565421848250413,0.114354883149288,0.320944588398825
"pc2001__28__04",1,"Medak",TRUE,1373113,115885,9033,18874,607335,97528,160699,363759,56862,2011,0.0843958217568401,0.00657848261577889,0.0137454091542357,0.44230518537076,0.0710269293204565,0.117032611300017,0.264915560481912
"pc2001__28__05",1,"Hyderabad",TRUE,2110198,282769,51024,48633,153496,81573,311447,1181256,96992,2011,0.134001169558496,0.0241797215237622,0.0230466524942209,0.0727400935836353,0.0386565620856432,0.147591363464471,0.559784437289771
"pc2001__28__06",1,"Rangareddy",TRUE,3546914,670249,68327,83138,588175,205182,779074,1152769,308359,2011,0.188966803254886,0.0192637881831925,0.0234395308146744,0.165827251520618,0.0578480335299925,0.219648404218428,0.32500618847821
"pc2001__28__07",1,"Mahbubnagar",TRUE,1666317,59340,10150,29391,740983,52955,82004,691494,24333,2011,0.0356114712866759,0.00609127795011393,0.0176383005154481,0.444683094513229,0.0317796673742151,0.0492127248296693,0.414983463530649
"pc2001__28__08",1,"Nalgonda",TRUE,1540904,124869,12044,33656,676463,116881,170553,406438,51958,2011,0.081036196933748,0.00781619101514436,0.0218417240788524,0.43900398726981,0.0758522270044078,0.110683728512613,0.263765945185424
"pc2001__28__09",1,"Warangal",TRUE,1478737,114553,11880,40975,622204,88124,167617,433384,44389,2011,0.0774667841543155,0.00803388296904723,0.0277094574626861,0.420767181723322,0.0595940995592861,0.11335146141606,0.293077132715283
"pc2001__28__10",1,"Khammam",TRUE,1277314,144043,11871,30758,453755,97141,213432,326314,56980,2011,0.112770235040092,0.00929372104275065,0.0240802183331585,0.355241545931541,0.0760509945087895,0.167094387127989,0.25546889801568
"pc2001__28__11",1,"Srikakulam",TRUE,851656,48666,6875,28697,427319,81246,99694,159159,22561,2011,0.0571427900466855,0.00807250814883004,0.0336955296504692,0.501750706858168,0.0953976722996139,0.117059000347558,0.186881792648675
"pc2001__28__12",1,"Vizianagaram",TRUE,941835,57840,6972,28972,367286,106886,101925,271954,23916,2011,0.0614120307697208,0.00740257051394353,0.0307612267541555,0.389968518901931,0.113486969585968,0.1082195926038,0.288749090870482
"pc2001__28__13",1,"Visakhapatnam",TRUE,2033960,246022,25901,59845,503691,184724,333378,680399,89237,2011,0.120957147633188,0.0127342720604142,0.0294228991720584,0.247640563236249,0.0908198784636866,0.163905878188362,0.334519361246042
"pc2001__28__14",1,"East Godavari",TRUE,2501379,181043,17381,38037,862150,431802,328665,642301,71734,2011,0.0723772766941755,0.00694856717034884,0.0152064121430619,0.34466988009414,0.172625579730221,0.13139352333253,0.256778760835523
"pc2001__28__15",1,"West Godavari",TRUE,1944000,158174,12767,35384,721402,397738,271696,346839,60407,2011,0.0813652263374486,0.00656738683127572,0.018201646090535,0.371091563786008,0.204597736625514,0.139761316872428,0.17841512345679
"pc2001__28__16",1,"Krishna",TRUE,2318200,259982,24916,72332,670537,295969,371366,623098,94554,2011,0.112148218445346,0.0107479941333793,0.0312017944957294,0.289248986282461,0.127671900612544,0.160195841601242,0.268785264429299
"pc2001__28__17",1,"Guntur",TRUE,2253509,222499,19360,70303,731853,241020,320266,648208,95145,2011,0.0987344625648267,0.00859104623056753,0.0311971241295242,0.32476151637291,0.10695320054191,0.142118802276805,0.287643847883456
"pc2001__28__18",1,"Prakasam",TRUE,1251646,108319,10891,31090,542829,89729,171672,297116,48947,2011,0.0865412424918867,0.00870134207275859,0.0248392916207937,0.43369211422399,0.0716888001879126,0.137156991673365,0.237380217729294
"pc2001__28__19",1,"Sri Potti Sriramulu Nellore",TRUE,1310523,120718,11802,75341,450783,131343,216814,303722,50867,2011,0.092114369606638,0.00900556495383904,0.0574892619206225,0.343971834145604,0.100221819838339,0.165440820191633,0.231756329343323
"pc2001__28__20",1,"Y.S.R.",TRUE,1198150,106205,10980,25556,438759,63852,201347,351451,44669,2011,0.0886408212661186,0.00916412803071402,0.0213295497224888,0.366197053791262,0.0532921587447315,0.168048241038267,0.293328047406418
"pc2001__28__21",1,"Kurnool",TRUE,1593260,103243,14782,42746,636209,78792,147727,569761,39121,2011,0.0647998443443004,0.00927783287096896,0.0268292682926829,0.399312729874597,0.0494533221194281,0.0927199578223265,0.357607044675696
"pc2001__28__22",1,"Anantapur",TRUE,1622352,135407,17054,39922,689337,104919,190795,444918,52843,2011,0.0834633914218369,0.0105118987741255,0.024607483456118,0.424899775141276,0.0646709222166336,0.117603947848556,0.274242581141454
"pc2001__28__23",1,"Chittoor",TRUE,1626941,167555,20167,54691,672947,97755,282048,331778,73122,2011,0.102987754319302,0.0123956554048364,0.0336158471634804,0.413627169024568,0.0600851536718295,0.173360927040378,0.203927493375605
"pc2001__29__02",1,"Bagalkot",TRUE,834572,45350,3952,9935,304119,136173,89170,245873,19732,2011,0.0543392301682779,0.00473536135887617,0.0119043054403934,0.364401154124509,0.163165071437815,0.106845185316545,0.294609692153583
"pc2001__29__05",1,"Bidar",TRUE,560462,28260,2620,8704,307929,11262,43517,158170,12461,2011,0.0504226869975128,0.00467471478887061,0.0155300448558511,0.549419942832877,0.0200941366230003,0.0776448715523978,0.28221360234949
"pc2001__29__06",1,"Raichur",TRUE,662263,52935,5128,11657,269102,35732,66407,221302,19229,2011,0.079930480790864,0.00774314735988573,0.0176017684817059,0.406337059446172,0.0539543957612006,0.10027285232604,0.334160295834132
"pc2001__29__07",1,"Koppal",TRUE,533941,43497,4281,7633,224669,49880,58535,145446,18003,2011,0.0814640568901808,0.00801773978772936,0.0142955869656011,0.420774954536175,0.0934185612268022,0.109628217349857,0.272400883243654
"pc2001__29__08",1,"Gadag",TRUE,495567,23510,2138,6909,182841,98964,39263,141942,9776,2011,0.0474406084343792,0.00431425014175682,0.0139416062812899,0.368953138526173,0.199698527141638,0.079228439343217,0.286423430131546
"pc2001__29__09",1,"Dharwad",TRUE,866022,77223,5972,13686,264391,170412,104945,229393,29013,2011,0.0891697901438993,0.00689589871850831,0.015803293680761,0.305293629953973,0.19677560154361,0.121180524282293,0.264881261676955
"pc2001__29__11",1,"Haveri",TRUE,690579,31554,2771,11125,287782,139454,55805,162088,14157,2011,0.0456920931566121,0.00401257495521874,0.0161096702911615,0.41672567512189,0.201937794227742,0.0808090023009677,0.234713189946407
"pc2001__29__13",1,"Chitradurga",TRUE,609033,35617,5888,11017,280893,33427,55950,186241,15083,2011,0.0584812317230758,0.00966778483267738,0.0180893317767674,0.461211461447902,0.054885367459563,0.0918669431705671,0.305797879589448
"pc2001__29__16",1,"Udupi",TRUE,557952,36628,2551,10405,159642,143301,103533,101892,19796,2011,0.0656472241339757,0.00457207788483597,0.0186485575820142,0.28612138678596,0.256833921197522,0.185558972814866,0.182617859600826
"pc2001__29__20",1,"Bangalore",TRUE,5140755,1434948,88232,137351,762122,210657,1090409,1417036,826973,2011,0.279131761774292,0.0171632376956303,0.0267180598958713,0.148250986479612,0.0409778330225813,0.21211067245959,0.275647448672423
"pc2001__29__22",1,"Mandya",TRUE,717189,30579,5409,13689,366349,31054,58336,211773,13577,2011,0.0426372964448702,0.00754194501031109,0.019087018902967,0.510812352113599,0.0432996044278426,0.0813397863045864,0.295281996795824
"pc2001__29__23",1,"Hassan",TRUE,764073,51963,8582,11386,376125,27228,89023,199766,25820,2011,0.0680078997687394,0.0112319110870296,0.0149017175060498,0.492263173806691,0.0356353385082315,0.116511118702009,0.26144884062125
"pc2001__29__24",1,"Dakshina Kannada",TRUE,1062515,80080,5940,32662,315215,210992,223581,194045,43178,2011,0.0753683477409731,0.00559050931045679,0.0307402719020437,0.296668752911724,0.198577902429613,0.210426205747684,0.182628009957506
"pc2001__29__25",1,"Kodagu",TRUE,268606,41305,2380,6078,85176,33532,57353,42782,23340,2011,0.153775418270627,0.00886056156601118,0.0226279383185781,0.317103862162424,0.124837122030037,0.213520919115731,0.159274178536593
"pc2001__30__01",1,"North Goa",TRUE,660094,61123,8838,4160,141775,165858,127847,150493,35782,2011,0.092597417943505,0.0133890021724179,0.00630213272655107,0.214780016179514,0.251264213884689,0.19367999103158,0.227987226061743
"pc2001__31__01",1,"Lakshadweep",TRUE,20401,6135,57,1026,338,1113,7738,3994,4974,2011,0.300720552914073,0.00279398068722121,0.0502916523699819,0.0165678153031714,0.0545561492083721,0.37929513259154,0.195774716925641
"pc2001__32__01",1,"Kasaragod",TRUE,690774,26221,1315,2842,169026,183081,131245,177044,12760,2011,0.037958869326292,0.0019036616896409,0.00411422549198435,0.244690738215393,0.265037479696688,0.189997017837961,0.25629800774204
"pc2001__32__02",1,"Kannur",TRUE,1335216,44607,2866,4863,315964,432668,323143,211105,22668,2011,0.0334080777941547,0.00214646918551006,0.00364210734442967,0.236638865921319,0.324043450647685,0.242015524079999,0.158105505026902
"pc2001__32__03",1,"Wayanad",TRUE,494943,27061,1123,3552,117778,134419,123575,87435,9456,2011,0.0546749827757944,0.00226894814150316,0.00717658397027536,0.237962755307177,0.271584808755756,0.249675215125782,0.176656705923712
"pc2001__32__04",1,"Kozhikode",TRUE,1799910,51214,3763,12100,481753,535839,316107,399134,22739,2011,0.0284536449044674,0.00209066008855998,0.00672255835013973,0.267653938252468,0.297703218494258,0.175623781189059,0.221752198721047
"pc2001__32__05",1,"Malappuram",TRUE,1862730,54694,2854,4278,678510,515387,202576,404431,25474,2011,0.0293622800942702,0.00153215978697933,0.00229662914109935,0.364255689230323,0.276683684699339,0.108752207781053,0.217117349266936
"pc2001__32__06",1,"Palakkad",TRUE,1389287,57806,4087,4349,475859,328704,198466,320016,23215,2011,0.0416083933701244,0.00294179676337575,0.00313038270710084,0.342520299981213,0.236599061245085,0.142854572165435,0.230345493767666
"pc2001__32__07",1,"Thrissur",TRUE,1821649,62668,4513,8601,592828,445043,342744,365252,30481,2011,0.0344017974922721,0.00247742567311266,0.00472154624738355,0.325434812085094,0.244307767303141,0.188150406582168,0.200506244616828
"pc2001__32__08",1,"Ernakulam",TRUE,1837383,126566,8776,10041,540748,386310,381423,383519,66076,2011,0.0688838418555086,0.00477635854908857,0.00546483776109826,0.294303365166653,0.210250122048588,0.20759036085563,0.208731113763434
"pc2001__32__09",1,"Idukki",TRUE,677458,59613,1871,2484,151549,124232,190350,147359,18719,2011,0.087995122944891,0.0027617948271332,0.00366664796932061,0.223702428785253,0.183379633866601,0.280976828083807,0.217517543522993
"pc2001__32__10",1,"Kottayam",TRUE,1299170,51846,3414,7798,378955,338695,241900,276562,26402,2011,0.0399070175573635,0.00262783161556994,0.00600229377217762,0.291690079050471,0.260701062986368,0.186195801935082,0.212875913082968
"pc2001__32__11",1,"Alappuzha",TRUE,1154093,22887,2271,3326,395494,275974,143304,310837,11003,2011,0.0198311574543819,0.0019677790264736,0.00288191679526693,0.342688154247535,0.239126309578171,0.124170235847544,0.269334447050628
"pc2001__32__12",1,"Pathanamthitta",TRUE,719060,25424,1587,2768,247856,151689,106054,183682,12333,2011,0.0353572719939922,0.00220704809056268,0.00384947014157372,0.344694462214558,0.21095457959002,0.147489778321698,0.255447389647595
"pc2001__32__13",1,"Kollam",TRUE,1230997,32979,2799,4537,419309,278828,175185,317360,14533,2011,0.0267904795868715,0.00227376671104804,0.00368563042801891,0.340625525488689,0.226505832264417,0.142311475982476,0.25780728953848
"pc2001__32__14",1,"Thiruvananthapuram",TRUE,1550749,70348,4885,10717,394082,301465,273641,495611,29959,2011,0.0453638854514818,0.00315009069810782,0.00691085404536775,0.254123652505983,0.194399609479032,0.176457311918305,0.319594595901722
"pc2001__33__02",1,"Chennai",TRUE,1370604,244095,14930,32756,191894,83192,244808,558929,88603,2011,0.178093015925825,0.0108930077542456,0.0238989525785712,0.140006887474427,0.0606973276015538,0.178613224534585,0.407797584130792
"pc2001__33__05",2,"Dharmapuri;Krishnagiri",TRUE,1229175,117079,6103,18704,504552,144556,180048,258133,50053,2011,0.0952500661012468,0.00496511888054996,0.0152167103951838,0.410480200134236,0.117604084040108,0.146478735737385,0.21000508471129
"pc2001__33__06",1,"Tiruvannamalai",TRUE,825047,44563,3546,7978,384094,100274,86733,197859,15889,2011,0.0540126804897176,0.00429793696601527,0.00966975214745342,0.465541963063922,0.121537318480038,0.105124920156064,0.239815428696789
"pc2001__33__08",1,"Salem",TRUE,1111989,110483,5784,17097,431456,142280,177293,227596,44435,2011,0.0993561986674329,0.00520149030251199,0.0153751520923318,0.388003838167464,0.127950905989178,0.159437728250909,0.204674686530173
"pc2001__33__09",1,"Namakkal",TRUE,828782,108280,3290,56392,252647,107654,162802,137717,47089,2011,0.130649555612936,0.00396968080870482,0.0680420182870767,0.304841321360744,0.129894230328361,0.196435250765581,0.166167942836596
"pc2001__33__11",1,"The Nilgiris",TRUE,368187,39201,1524,4128,85658,35861,80496,121319,10883,2011,0.106470353380212,0.00413920100383772,0.0112116940576392,0.232648083718328,0.0973988761145831,0.218628034123964,0.329503757601436
"pc2001__33__13",1,"Dindigul",TRUE,761754,68945,3743,10029,265440,83359,107238,223000,25400,2011,0.0905082218143915,0.00491365979043103,0.0131656676564875,0.348458951314991,0.109430341028731,0.1407777313936,0.292745427001368
"pc2001__33__14",1,"Karur",TRUE,535716,62341,2134,6910,170064,93319,103262,97686,27684,2011,0.116369494284285,0.00398345391961412,0.0128986253910654,0.317451784154291,0.174194909242957,0.19275511651696,0.182346616490827
"pc2001__33__15",1,"Tiruchirappalli",TRUE,1249669,128985,6636,37607,365710,167998,235633,307100,49959,2011,0.10321533141976,0.00531020614258656,0.0300935687770122,0.292645492526421,0.134433998122703,0.188556329716109,0.245745073295409
"pc2001__33__16",1,"Perambalur",TRUE,228531,14864,959,12457,88134,42489,24488,45140,5578,2011,0.0650415042160582,0.00419636723245424,0.0545090162822549,0.385654462633078,0.185922259999737,0.107153952855411,0.197522436781006
"pc2001__33__17",1,"Ariyalur",TRUE,324838,13872,1181,1735,129242,64841,29332,84635,4868,2011,0.0427043634057592,0.00363565838972041,0.00534112388328952,0.39786601321274,0.199610267271686,0.0902973174320738,0.260545256404731
"pc2001__33__18",1,"Cuddalore",TRUE,1150284,77677,6039,17447,409442,119792,138917,380970,26515,2011,0.0675285407777558,0.00525000782415473,0.0151675586203059,0.355948617906534,0.104141238163793,0.120767566966071,0.331196469741386
"pc2001__33__20",1,"Thiruvarur",TRUE,602538,25756,2517,5446,229857,97899,64697,176366,9609,2011,0.0427458517139168,0.00417732989454607,0.009038434090464,0.38148133395736,0.162477719247583,0.107374140718096,0.292705190378034
"pc2001__33__21",1,"Thanjavur",TRUE,1157271,69710,5259,27158,397273,298326,160226,199319,26499,2011,0.0602365392375684,0.00454431157438491,0.0234672777594876,0.34328433011801,0.257784045396454,0.138451581349572,0.172231914564523
"pc2001__33__22",1,"Pudukkottai",TRUE,702796,35984,1974,8659,275805,163327,74231,142816,12506,2011,0.0512012020557886,0.00280878092647084,0.0123207872554767,0.392439626861849,0.232396029573304,0.105622399672167,0.203211173654944
"pc2001__33__23",1,"Sivaganga",TRUE,600537,49905,2714,16039,200880,75087,87736,168176,20003,2011,0.0831006249406781,0.00451928857006313,0.026707763218586,0.334500621943361,0.125033095379635,0.146095910826477,0.2800426951212
"pc2001__33__24",1,"Madurai",TRUE,1207276,148803,7355,16415,322350,111594,233626,367133,57858,2011,0.12325516286251,0.00609222746082917,0.0135967251896004,0.267006053296843,0.0924345385810701,0.193514987459371,0.304100305149775
"pc2001__33__25",1,"Theni",TRUE,400674,38512,2355,10022,136974,44461,61404,106946,15747,2011,0.0961180411007452,0.00587759625031821,0.0250128533421185,0.341858967639527,0.110965523093587,0.153251770766259,0.266915247807444
"pc2001__33__26",1,"Virudhunagar",TRUE,739970,92287,2752,14714,225129,89627,132877,182584,36112,2011,0.124717218265605,0.00371906969201454,0.0198845899158074,0.304240712461316,0.121122477938295,0.179570793410544,0.246745138316418
"pc2001__33__27",1,"Ramanathapuram",TRUE,416291,31228,2250,10107,121375,34339,48359,168633,11219,2011,0.0750148333737698,0.00540487303352703,0.0242786896666034,0.291562873086375,0.0824879711547932,0.116166335568148,0.405084424116784
"pc2001__33__30",1,"Kanniyakumari",TRUE,734919,38656,2691,6084,292542,78644,112923,203379,16130,2011,0.0525989939027294,0.00366162801614872,0.00827846334085797,0.398060194388769,0.107010432442215,0.153653667955244,0.276736619954036
"pc2001__34__01",1,"Yanam",TRUE,29980,5525,311,304,5899,1758,10645,5538,2414,2011,0.184289526350901,0.0103735823882588,0.0101400933955971,0.196764509673115,0.0586390927284857,0.355070046697799,0.184723148765844
"pc2001__34__03",1,"Mahe",TRUE,19964,888,92,261,5022,5193,4681,3827,462,2011,0.0444800641154077,0.00460829493087558,0.0130735323582448,0.251552795031056,0.260118212783009,0.234472049689441,0.191695051091966
"pc2001__34__04",1,"Karaikal",TRUE,101877,7927,715,1299,31009,18422,20433,22072,3626,2011,0.0778095153960168,0.00701826712604415,0.0127506699254984,0.304376846589515,0.180825897896483,0.200565387673371,0.216653415393072
"pc2001__35__01",2,"North  & Middle Andaman;South Andaman",TRUE,197763,48204,2977,3820,38342,12772,61025,30623,20899,2011,0.243746302392257,0.0150533719654334,0.0193160500194677,0.193878531373412,0.064582353625299,0.308576427339796,0.154846963284335
"pc2001__35__02",1,"Nicobars",TRUE,18578,3925,81,252,898,718,6248,6456,2805,2011,0.211271396275164,0.00435999569383141,0.0135644310474755,0.0483367423834643,0.038647863063839,0.336311766605663,0.347507804930563
