"state","district","source"
"01","01","panel"
"01","02","panel"
"01","03","panel"
"01","04","panel"
"01","05","panel"
"01","06","panel"
"01","09","panel"
"01","10","panel"
"01","12","panel"
"01","13","panel"
"01","14","panel"
"02","01","panel"
"02","02","panel"
"02","03","panel"
"02","04","panel"
"02","05","panel"
"02","06","panel"
"02","07","panel"
"02","08","panel"
"02","09","panel"
"02","10","panel"
"02","11","panel"
"02","12","panel"
"03","01","panel"
"03","02","panel"
"03","03","panel"
"03","04","panel"
"03","06","panel"
"03","07","panel"
"03","08","panel"
"03","09","panel"
"03","10","panel"
"03","11","panel"
"03","12","panel"
"03","13","panel"
"03","14","panel"
"03","15","panel"
"03","16","panel"
"03","17","panel"
"04","01","panel"
"05","01","panel"
"05","02","panel"
"05","03","panel"
"05","04","panel"
"05","05","panel"
"05","06","panel"
"05","07","panel"
"05","08","panel"
"05","09","panel"
"05","10","panel"
"05","11","panel"
"05","13","panel"
"06","01","panel"
"06","02","panel"
"06","03","panel"
"06","04","panel"
"06","05","panel"
"06","06","panel"
"06","07","panel"
"06","08","panel"
"06","09","panel"
"06","10","panel"
"06","11","panel"
"06","12","panel"
"06","13","panel"
"06","14","panel"
"06","15","panel"
"06","16","panel"
"06","17","panel"
"06","18","panel"
"06","19","panel"
"07","01","panel"
"07","02","panel"
"07","03","panel"
"07","04","panel"
"07","07","panel"
"07","08","panel"
"07","09","panel"
"08","01","panel"
"08","02","panel"
"08","04","panel"
"08","05","panel"
"08","07","panel"
"08","08","panel"
"08","09","panel"
"08","10","panel"
"08","11","panel"
"08","12","panel"
"08","13","panel"
"08","14","panel"
"08","15","panel"
"08","16","panel"
"08","17","panel"
"08","18","panel"
"08","19","panel"
"08","20","panel"
"08","21","panel"
"08","22","panel"
"08","23","panel"
"08","25","panel"
"08","27","panel"
"08","28","panel"
"08","29","panel"
"08","31","panel"
"08","32","panel"
"09","01","panel"
"09","02","panel"
"09","03","panel"
"09","04","panel"
"09","05","panel"
"09","06","panel"
"09","07","panel"
"09","08","panel"
"09","10","panel"
"09","11","panel"
"09","12","panel"
"09","13","panel"
"09","14","panel"
"09","15","panel"
"09","16","panel"
"09","17","panel"
"09","18","panel"
"09","19","panel"
"09","20","panel"
"09","21","panel"
"09","22","panel"
"09","23","panel"
"09","24","panel"
"09","25","panel"
"09","26","panel"
"09","27","panel"
"09","28","panel"
"09","29","panel"
"09","30","panel"
"09","31","panel"
"09","32","panel"
"09","33","panel"
"09","34","panel"
"09","35","panel"
"09","36","panel"
"09","37","panel"
"09","38","panel"
"09","39","panel"
"09","40","panel"
"09","41","panel"
"09","42","panel"
"09","43","panel"
"09","44","panel"
"09","46","panel"
"09","47","panel"
"09","48","panel"
"09","49","panel"
"09","50","panel"
"09","51","panel"
"09","52","panel"
"09","53","panel"
"09","54","panel"
"09","55","panel"
"09","56","panel"
"09","57","panel"
"09","58","panel"
"09","59","panel"
"09","60","panel"
"09","61","panel"
"09","62","panel"
"09","63","panel"
"09","64","panel"
"09","65","panel"
"09","66","panel"
"09","67","panel"
"09","68","panel"
"09","69","panel"
"09","70","panel"
"10","01","panel"
"10","02","panel"
"10","03","panel"
"10","04","panel"
"10","05","panel"
"10","06","panel"
"10","07","panel"
"10","08","panel"
"10","09","panel"
"10","10","panel"
"10","11","panel"
"10","12","panel"
"10","13","panel"
"10","14","panel"
"10","15","panel"
"10","16","panel"
"10","17","panel"
"10","18","panel"
"10","19","panel"
"10","20","panel"
"10","21","panel"
"10","22","panel"
"10","23","panel"
"10","24","panel"
"10","25","panel"
"10","26","panel"
"10","27","panel"
"10","28","panel"
"10","29","panel"
"10","30","panel"
"10","31","panel"
"10","32","panel"
"10","33","panel"
"10","34","panel"
"10","35","panel"
"10","36","panel"
"10","37","panel"
"11","01","panel"
"11","02","panel"
"11","03","panel"
"11","04","panel"
"12","01","panel"
"12","02","panel"
"12","03","panel"
"12","04","panel"
"12","05","panel"
"12","06","panel"
"12","07","panel"
"12","08","panel"
"12","09","panel"
"12","10","panel"
"12","11","panel"
"12","12","panel"
"12","13","panel"
"13","01","panel"
"13","02","panel"
"13","03","panel"
"13","04","panel"
"13","05","panel"
"13","06","panel"
"13","07","panel"
"13","08","panel"
"14","01","panel"
"14","02","panel"
"14","03","panel"
"14","04","panel"
"14","05","panel"
"14","06","panel"
"14","07","panel"
"14","08","panel"
"14","09","panel"
"15","01","panel"
"15","02","panel"
"15","03","panel"
"15","04","panel"
"15","05","panel"
"15","06","panel"
"15","07","panel"
"15","08","panel"
"16","01","panel"
"16","02","panel"
"16","03","panel"
"16","04","panel"
"17","01","panel"
"17","02","panel"
"17","03","panel"
"17","04","panel"
"17","05","panel"
"17","06","panel"
"17","07","panel"
"18","01","panel"
"18","03","panel"
"18","04","panel"
"18","05","panel"
"18","06","panel"
"18","07","panel"
"18","08","panel"
"18","09","panel"
"18","10","panel"
"18","11","panel"
"18","12","panel"
"18","13","panel"
"18","14","panel"
"18","15","panel"
"18","16","panel"
"18","17","panel"
"18","18","panel"
"18","19","panel"
"18","20","panel"
"18","21","panel"
"18","22","panel"
"18","23","panel"
"19","01","panel"
"19","02","panel"
"19","03","panel"
"19","04","panel"
"19","05","panel"
"19","06","panel"
"19","07","panel"
"19","08","panel"
"19","09","panel"
"19","10","panel"
"19","11","panel"
"19","12","panel"
"19","13","panel"
"19","14","panel"
"19","15","panel"
"19","16","panel"
"19","17","panel"
"19","18","panel"
"20","01","panel"
"20","02","panel"
"20","03","panel"
"20","04","panel"
"20","05","panel"
"20","06","panel"
"20","07","panel"
"20","08","panel"
"20","09","panel"
"20","10","panel"
"20","11","panel"
"20","12","panel"
"20","13","panel"
"20","14","panel"
"20","15","panel"
"20","16","panel"
"20","17","panel"
"20","18","panel"
"21","01","panel"
"21","02","panel"
"21","03","panel"
"21","04","panel"
"21","05","panel"
"21","06","panel"
"21","07","panel"
"21","08","panel"
"21","09","panel"
"21","10","panel"
"21","12","panel"
"21","13","panel"
"21","14","panel"
"21","15","panel"
"21","16","panel"
"21","17","panel"
"21","18","panel"
"21","19","panel"
"21","20","panel"
"21","21","panel"
"21","22","panel"
"21","23","panel"
"21","24","panel"
"21","25","panel"
"21","26","panel"
"21","27","panel"
"21","28","panel"
"21","29","panel"
"21","30","panel"
"22","01","panel"
"22","02","panel"
"22","03","panel"
"22","04","panel"
"22","05","panel"
"22","06","panel"
"22","07","panel"
"22","08","panel"
"22","09","panel"
"22","10","panel"
"22","11","panel"
"22","12","panel"
"22","13","panel"
"22","14","panel"
"22","15","panel"
"22","16","panel"
"23","01","panel"
"23","02","panel"
"23","03","panel"
"23","04","panel"
"23","06","panel"
"23","07","panel"
"23","08","panel"
"23","09","panel"
"23","10","panel"
"23","11","panel"
"23","12","panel"
"23","13","panel"
"23","14","panel"
"23","15","panel"
"23","16","panel"
"23","17","panel"
"23","18","panel"
"23","19","panel"
"23","20","panel"
"23","21","panel"
"23","22","panel"
"23","23","panel"
"23","24","panel"
"23","25","panel"
"23","26","panel"
"23","27","panel"
"23","28","panel"
"23","29","panel"
"23","30","panel"
"23","31","panel"
"23","32","panel"
"23","33","panel"
"23","34","panel"
"23","35","panel"
"23","36","panel"
"23","37","panel"
"23","38","panel"
"23","39","panel"
"23","40","panel"
"23","41","panel"
"23","42","panel"
"23","43","panel"
"23","44","panel"
"23","45","panel"
"24","01","panel"
"24","02","panel"
"24","03","panel"
"24","04","panel"
"24","05","panel"
"24","06","panel"
"24","07","panel"
"24","08","panel"
"24","09","panel"
"24","10","panel"
"24","11","panel"
"24","12","panel"
"24","13","panel"
"24","14","panel"
"24","15","panel"
"24","16","panel"
"24","17","panel"
"24","18","panel"
"24","19","panel"
"24","20","panel"
"24","21","panel"
"24","22","panel"
"24","23","panel"
"24","24","panel"
"24","25","panel"
"25","01","panel"
"25","02","panel"
"26","01","panel"
"27","01","panel"
"27","02","panel"
"27","03","panel"
"27","04","panel"
"27","05","panel"
"27","06","panel"
"27","07","panel"
"27","08","panel"
"27","09","panel"
"27","10","panel"
"27","11","panel"
"27","12","panel"
"27","13","panel"
"27","14","panel"
"27","15","panel"
"27","16","panel"
"27","17","panel"
"27","18","panel"
"27","20","panel"
"27","21","panel"
"27","22","panel"
"27","24","panel"
"27","25","panel"
"27","26","panel"
"27","27","panel"
"27","28","panel"
"27","29","panel"
"27","30","panel"
"27","31","panel"
"27","32","panel"
"27","33","panel"
"27","34","panel"
"27","35","panel"
"28","01","panel"
"28","02","panel"
"28","03","panel"
"28","04","panel"
"28","05","panel"
"28","06","panel"
"28","07","panel"
"28","08","panel"
"28","09","panel"
"28","10","panel"
"28","11","panel"
"28","12","panel"
"28","13","panel"
"28","14","panel"
"28","15","panel"
"28","16","panel"
"28","17","panel"
"28","18","panel"
"28","19","panel"
"28","20","panel"
"28","21","panel"
"28","22","panel"
"28","23","panel"
"29","01","panel"
"29","02","panel"
"29","03","panel"
"29","04","panel"
"29","05","panel"
"29","06","panel"
"29","07","panel"
"29","08","panel"
"29","09","panel"
"29","10","panel"
"29","11","panel"
"29","12","panel"
"29","13","panel"
"29","14","panel"
"29","15","panel"
"29","16","panel"
"29","17","panel"
"29","18","panel"
"29","19","panel"
"29","20","panel"
"29","21","panel"
"29","22","panel"
"29","23","panel"
"29","24","panel"
"29","25","panel"
"29","26","panel"
"29","27","panel"
"30","01","panel"
"30","02","panel"
"31","01","panel"
"32","01","panel"
"32","02","panel"
"32","03","panel"
"32","04","panel"
"32","05","panel"
"32","06","panel"
"32","07","panel"
"32","08","panel"
"32","09","panel"
"32","10","panel"
"32","11","panel"
"32","12","panel"
"32","13","panel"
"32","14","panel"
"33","01","panel"
"33","02","panel"
"33","03","panel"
"33","04","panel"
"33","05","panel"
"33","06","panel"
"33","07","panel"
"33","08","panel"
"33","09","panel"
"33","10","panel"
"33","11","panel"
"33","12","panel"
"33","13","panel"
"33","14","panel"
"33","15","panel"
"33","16","panel"
"33","17","panel"
"33","18","panel"
"33","19","panel"
"33","20","panel"
"33","21","panel"
"33","22","panel"
"33","23","panel"
"33","24","panel"
"33","25","panel"
"33","26","panel"
"33","27","panel"
"33","29","panel"
"33","30","panel"
"34","01","panel"
"34","02","panel"
"34","03","panel"
"34","04","panel"
"35","01","panel"
"35","02","panel"
"Andaman and Nicobar Islands","Nicobars","join_map"
"Andaman and Nicobar Islands","Andaman Islands","join_map"
"Andaman and Nicobar Islands","Andaman Islands","join_map"
"Andhra Pradesh","Anantapur","join_map"
"Andhra Pradesh","Chittoor","join_map"
"Andhra Pradesh","East Godavari","join_map"
"Andhra Pradesh","Guntur","join_map"
"Andhra Pradesh","Krishna","join_map"
"Andhra Pradesh","Kurnool","join_map"
"Andhra Pradesh","Prakasam","join_map"
"Andhra Pradesh","Nellore","join_map"
"Andhra Pradesh","Srikakulam","join_map"
"Andhra Pradesh","Visakhapatnam","join_map"
"Andhra Pradesh","Vizianagaram","join_map"
"Andhra Pradesh","West Godavari","join_map"
"Andhra Pradesh","Cuddapah","join_map"
"Arunachal Pradesh","Lohit","join_map"
"Arunachal Pradesh","Changlang","join_map"
"Arunachal Pradesh","East Kameng","join_map"
"Arunachal Pradesh","East Siang","join_map"
"Arunachal Pradesh","Kamle","join_map"
"Arunachal Pradesh","Kurung Kumey","join_map"
"Arunachal Pradesh","Kurung Kumey","join_map"
"Arunachal Pradesh","Lepa Rada","join_map"
"Arunachal Pradesh","Lohit","join_map"
"Arunachal Pradesh","Tirap","join_map"
"Arunachal Pradesh","Dibang Valley","join_map"
"Arunachal Pradesh","Lower Siang","join_map"
"Arunachal Pradesh","Lower Subansiri","join_map"
"Arunachal Pradesh","Lohit","join_map"
"Arunachal Pradesh","Pakke Kessang","join_map"
"Arunachal Pradesh","Papum Pare","join_map"
"Arunachal Pradesh","Shi Yomi","join_map"
"Arunachal Pradesh","Siang","join_map"
"Arunachal Pradesh","Tawang","join_map"
"Arunachal Pradesh","Tirap","join_map"
"Arunachal Pradesh","Dibang Valley","join_map"
"Arunachal Pradesh","Upper Siang","join_map"
"Arunachal Pradesh","Upper Subansiri","join_map"
"Arunachal Pradesh","West Kameng","join_map"
"Arunachal Pradesh","West Siang","join_map"
"Assam","Kamrup","join_map"
"Assam","Barpeta","join_map"
"Assam","Darrang","join_map"
"Assam","Bongaigaon","join_map"
"Assam","Cachar","join_map"
"Assam","Sivasagar","join_map"
"Assam","Bongaigaon","join_map"
"Assam","Darrang","join_map"
"Assam","Dhemaji","join_map"
"Assam","Dhubri","join_map"
"Assam","Dibrugarh","join_map"
"Assam","Dima Hasao","join_map"
"Assam","Goalpara","join_map"
"Assam","Golaghat","join_map"
"Assam","Hailakandi","join_map"
"Assam","Nagaon","join_map"
"Assam","Jorhat","join_map"
"Assam","Kamrup","join_map"
"Assam","Kamrup","join_map"
"Assam","Karbi Anglong","join_map"
"Assam","Karimganj","join_map"
"Assam","Kokrajhar","join_map"
"Assam","Lakhimpur","join_map"
"Assam","Sivasagar","join_map"
"Assam","Morigaon","join_map"
"Assam","Nagaon","join_map"
"Assam","Nalbari","join_map"
"Assam","Sivasagar","join_map"
"Assam","Sonitpur","join_map"
"Assam","Goalpara","join_map"
"Assam","Tinsukia","join_map"
"Assam","Darrang","join_map"
"Assam","Karbi Anglong","join_map"
"Bihar","Araria","join_map"
"Bihar","Jehanabad","join_map"
"Bihar","Aurangabad","join_map"
"Bihar","Banka","join_map"
"Bihar","Begusarai","join_map"
"Bihar","Bhagalpur","join_map"
"Bihar","Bhojpur","join_map"
"Bihar","Buxar","join_map"
"Bihar","Darbhanga","join_map"
"Bihar","East Champaran","join_map"
"Bihar","Gaya","join_map"
"Bihar","Gopalganj","join_map"
"Bihar","Jamui","join_map"
"Bihar","Jehanabad","join_map"
"Bihar","Kaimur","join_map"
"Bihar","Katihar","join_map"
"Bihar","Khagaria","join_map"
"Bihar","Kishanganj","join_map"
"Bihar","Lakhisarai","join_map"
"Bihar","Madhepura","join_map"
"Bihar","Madhubani","join_map"
"Bihar","Munger","join_map"
"Bihar","Muzaffarpur","join_map"
"Bihar","Nalanda","join_map"
"Bihar","Nawada","join_map"
"Bihar","Patna","join_map"
"Bihar","Purnia","join_map"
"Bihar","Rohtas","join_map"
"Bihar","Saharsa","join_map"
"Bihar","Samastipur","join_map"
"Bihar","Saran","join_map"
"Bihar","Sheikhpura","join_map"
"Bihar","Sheohar","join_map"
"Bihar","Sitamarhi","join_map"
"Bihar","Siwan","join_map"
"Bihar","Supaul","join_map"
"Bihar","Vaishali","join_map"
"Bihar","West Champaran","join_map"
"Chandigarh","Chandigarh","join_map"
"Chhattisgarh","Durg","join_map"
"Chhattisgarh","Raipur","join_map"
"Chhattisgarh","Surguja","join_map"
"Chhattisgarh","Durg","join_map"
"Chhattisgarh","Bastar","join_map"
"Chhattisgarh","Dantewada","join_map"
"Chhattisgarh","Bilaspur","join_map"
"Chhattisgarh","Dantewada","join_map"
"Chhattisgarh","Dhamtari","join_map"
"Chhattisgarh","Durg","join_map"
"Chhattisgarh","Raipur","join_map"
"Chhattisgarh","Janjgir Champa","join_map"
"Chhattisgarh","Jashpur","join_map"
"Chhattisgarh","Kabeerdham","join_map"
"Chhattisgarh","Bastar","join_map"
"Chhattisgarh","Korba","join_map"
"Chhattisgarh","Koriya","join_map"
"Chhattisgarh","Mahasamund","join_map"
"Chhattisgarh","Bilaspur","join_map"
"Chhattisgarh","Bastar","join_map"
"Chhattisgarh","Raigarh","join_map"
"Chhattisgarh","Raipur","join_map"
"Chhattisgarh","Rajnandgaon","join_map"
"Chhattisgarh","Dantewada","join_map"
"Chhattisgarh","Surguja","join_map"
"Chhattisgarh","Surguja","join_map"
"Chhattisgarh","Uttar Bastar Kanker","join_map"
"Dadra and Nagar Haveli","Dadra and Nagar Haveli","join_map"
"Daman and Diu","Daman","join_map"
"Daman and Diu","Diu","join_map"
"Delhi","Central Delhi","join_map"
"Delhi","East Delhi","join_map"
"Delhi","New Delhi","join_map"
"Delhi","North Delhi","join_map"
"Delhi","North East Delhi","join_map"
"Delhi","North West Delhi","join_map"
"Delhi","East Delhi","join_map"
"Delhi","South Delhi","join_map"
"Delhi","South Delhi","join_map"
"Delhi","South West Delhi","join_map"
"Delhi","West Delhi","join_map"
"Goa","North Goa","join_map"
"Goa","South Goa","join_map"
"Gujarat","Ahmedabad","join_map"
"Gujarat","Amreli","join_map"
"Gujarat","Anand","join_map"
"Gujarat","Banaskantha","join_map"
"Gujarat","Banaskantha","join_map"
"Gujarat","Bharuch","join_map"
"Gujarat","Bhavnagar","join_map"
"Gujarat","Ahmedabad","join_map"
"Gujarat","Vadodara","join_map"
"Gujarat","Dahod","join_map"
"Gujarat","Dang","join_map"
"Gujarat","Devbhumi Dwarka","join_map"
"Gujarat","Gandhinagar","join_map"
"Gujarat","Junagadh","join_map"
"Gujarat","Jamnagar","join_map"
"Gujarat","Junagadh","join_map"
"Gujarat","Kheda","join_map"
"Gujarat","Kutch","join_map"
"Gujarat","Anand","join_map"
"Gujarat","Mehsana","join_map"
"Gujarat","Rajkot","join_map"
"Gujarat","Narmada","join_map"
"Gujarat","Navsari","join_map"
"Gujarat","Panchmahal","join_map"
"Gujarat","Patan","join_map"
"Gujarat","Dang","join_map"
"Gujarat","Rajkot","join_map"
"Gujarat","Sabarkantha","join_map"
"Gujarat","Surat","join_map"
"Gujarat","Surendranagar","join_map"
"Gujarat","Surat","join_map"
"Gujarat","Vadodara","join_map"
"Gujarat","Valsad","join_map"
"Haryana","Ambala","join_map"
"Haryana","Bhiwani","join_map"
"Haryana","Bhiwani","join_map"
"Haryana","Faridabad","join_map"
"Haryana","Fatehabad","join_map"
"Haryana","Gurgaon","join_map"
"Haryana","Hisar","join_map"
"Haryana","Jhajjar","join_map"
"Haryana","Jind","join_map"
"Haryana","Kaithal","join_map"
"Haryana","Karnal","join_map"
"Haryana","Kurukshetra","join_map"
"Haryana","Mahendragarh","join_map"
"Haryana","Gurgaon","join_map"
"Haryana","Gurgaon","join_map"
"Haryana","Panchkula","join_map"
"Haryana","Panipat","join_map"
"Haryana","Rewari","join_map"
"Haryana","Rohtak","join_map"
"Haryana","Sirsa","join_map"
"Haryana","Sonipat","join_map"
"Haryana","Yamunanagar","join_map"
"Himachal Pradesh","Bilaspur","join_map"
"Himachal Pradesh","Chamba","join_map"
"Himachal Pradesh","Hamirpur","join_map"
"Himachal Pradesh","Kangra","join_map"
"Himachal Pradesh","Kinnaur","join_map"
"Himachal Pradesh","Kullu","join_map"
"Himachal Pradesh","Lahaul and Spiti","join_map"
"Himachal Pradesh","Mandi","join_map"
"Himachal Pradesh","Shimla","join_map"
"Himachal Pradesh","Sirmaur","join_map"
"Himachal Pradesh","Solan","join_map"
"Himachal Pradesh","Una","join_map"
"Jammu and Kashmir","Anantnag","join_map"
"Jammu and Kashmir","Baramulla","join_map"
"Jammu and Kashmir","Baramulla","join_map"
"Jammu and Kashmir","Budgam","join_map"
"Jammu and Kashmir","Doda","join_map"
"Jammu and Kashmir","Srinagar","join_map"
"Jammu and Kashmir","Jammu","join_map"
"Jammu and Kashmir","Kathua","join_map"
"Jammu and Kashmir","Doda","join_map"
"Jammu and Kashmir","Anantnag","join_map"
"Jammu and Kashmir","Kupwara","join_map"
"Jammu and Kashmir","Mirpur","join_map"
"Jammu and Kashmir","Muzaffarabad","join_map"
"Jammu and Kashmir","Pulwama","join_map"
"Jammu and Kashmir","Punch","join_map"
"Jammu and Kashmir","Rajouri","join_map"
"Jammu and Kashmir","Doda","join_map"
"Jammu and Kashmir","Udhampur","join_map"
"Jammu and Kashmir","Jammu
","join_map"
"Jammu and Kashmir","Pulwama","join_map"
"Jammu and Kashmir","Srinagar","join_map"
"Jammu and Kashmir","Udhampur","join_map"
"Jammu and Kashmir","Kargil","join_map"
"Jammu and Kashmir","Leh","join_map"
"Jharkhand","Bokaro","join_map"
"Jharkhand","Chatra","join_map"
"Jharkhand","Deoghar","join_map"
"Jharkhand","Dhanbad","join_map"
"Jharkhand","Dumka","join_map"
"Jharkhand","East Singhbhum","join_map"
"Jharkhand","Garhwa","join_map"
"Jharkhand","Giridih","join_map"
"Jharkhand","Godda","join_map"
"Jharkhand","Gumla","join_map"
"Jharkhand","Hazaribagh","join_map"
"Jharkhand","Jamtara","join_map"
"Jharkhand","Ranchi","join_map"
"Jharkhand","Koderma","join_map"
"Jharkhand","Palamau","join_map"
"Jharkhand","Lohardaga","join_map"
"Jharkhand","Pakur","join_map"
"Jharkhand","Palamu","join_map"
"Jharkhand","Hazaribagh","join_map"
"Jharkhand","Ranchi","join_map"
"Jharkhand","Sahibganj","join_map"
"Jharkhand","West Singhbhum","join_map"
"Jharkhand","Gumla","join_map"
"Jharkhand","West Singhbhum","join_map"
"Karnataka","Bagalkote","join_map"
"Karnataka","Ballari","join_map"
"Karnataka","Belagavi","join_map"
"Karnataka","Bengaluru Rural","join_map"
"Karnataka","Bengaluru Urban","join_map"
"Karnataka","Bidar","join_map"
"Karnataka","Chamarajanagara","join_map"
"Karnataka","Kolar","join_map"
"Karnataka","Chikkamagaluru","join_map"
"Karnataka","Chitradurga","join_map"
"Karnataka","Dakshina Kannada","join_map"
"Karnataka","Davanagere","join_map"
"Karnataka","Dharwad","join_map"
"Karnataka","Gadag","join_map"
"Karnataka","Hassan","join_map"
"Karnataka","Haveri","join_map"
"Karnataka","Gulburga","join_map"
"Karnataka","Kodagu","join_map"
"Karnataka","Kolar","join_map"
"Karnataka","Koppal","join_map"
"Karnataka","Mandya","join_map"
"Karnataka","Mysuru","join_map"
"Karnataka","Raichur","join_map"
"Karnataka","Ramanagara","join_map"
"Karnataka","Shivamogga","join_map"
"Karnataka","Tumakuru","join_map"
"Karnataka","Udupi","join_map"
"Karnataka","Uttara Kannada","join_map"
"Karnataka","Bijapur","join_map"
"Karnataka","Gulburga","join_map"
"Kerala","Alappuzha","join_map"
"Kerala","Ernakulam","join_map"
"Kerala","Idukki","join_map"
"Kerala","Kannur","join_map"
"Kerala","Kasaragod","join_map"
"Kerala","Kollam","join_map"
"Kerala","Kottayam","join_map"
"Kerala","Kozhikode","join_map"
"Kerala","Malappuram","join_map"
"Kerala","Palakkad","join_map"
"Kerala","Pathanamthitta","join_map"
"Kerala","Thiruvananthapuram","join_map"
"Kerala","Thrissur","join_map"
"Kerala","Wayanad","join_map"
"Lakshadweep","Lakshadweep","join_map"
"Madhya Pradesh","Shajapur","join_map"
"Madhya Pradesh","Jhabua","join_map"
"Madhya Pradesh","Shahdol","join_map"
"Madhya Pradesh","Guna","join_map"
"Madhya Pradesh","Balaghat","join_map"
"Madhya Pradesh","Barwani","join_map"
"Madhya Pradesh","Betul","join_map"
"Madhya Pradesh","Bhind","join_map"
"Madhya Pradesh","Bhopal","join_map"
"Madhya Pradesh","Khandwa","join_map"
"Madhya Pradesh","Chhatarpur","join_map"
"Madhya Pradesh","Chhindwara","join_map"
"Madhya Pradesh","Damoh","join_map"
"Madhya Pradesh","Datia","join_map"
"Madhya Pradesh","Dewas","join_map"
"Madhya Pradesh","Dhar","join_map"
"Madhya Pradesh","Dindori","join_map"
"Madhya Pradesh","Guna","join_map"
"Madhya Pradesh","Gwalior","join_map"
"Madhya Pradesh","Harda","join_map"
"Madhya Pradesh","Hoshangabad","join_map"
"Madhya Pradesh","Indore","join_map"
"Madhya Pradesh","Jabalpur","join_map"
"Madhya Pradesh","Jhabua","join_map"
"Madhya Pradesh","Katni","join_map"
"Madhya Pradesh","Khandwa","join_map"
"Madhya Pradesh","Khargone","join_map"
"Madhya Pradesh","Mandla","join_map"
"Madhya Pradesh","Mandsaur","join_map"
"Madhya Pradesh","Morena","join_map"
"Madhya Pradesh","Narsinghpur","join_map"
"Madhya Pradesh","Neemuch","join_map"
"Madhya Pradesh","Tikamgarh","join_map"
"Madhya Pradesh","Panna","join_map"
"Madhya Pradesh","Raisen","join_map"
"Madhya Pradesh","Rajgarh","join_map"
"Madhya Pradesh","Ratlam","join_map"
"Madhya Pradesh","Rewa","join_map"
"Madhya Pradesh","Sagar","join_map"
"Madhya Pradesh","Satna","join_map"
"Madhya Pradesh","Sehore","join_map"
"Madhya Pradesh","Seoni","join_map"
"Madhya Pradesh","Shahdol","join_map"
"Madhya Pradesh","Shajapur","join_map"
"Madhya Pradesh","Sheopur","join_map"
"Madhya Pradesh","Shivpuri","join_map"
"Madhya Pradesh","Sidhi","join_map"
"Madhya Pradesh","Sidhi","join_map"
"Madhya Pradesh","Tikamgarh","join_map"
"Madhya Pradesh","Ujjain","join_map"
"Madhya Pradesh","Umaria","join_map"
"Madhya Pradesh","Vidisha","join_map"
"Maharashtra","Ahmednagar","join_map"
"Maharashtra","Akola","join_map"
"Maharashtra","Amravati","join_map"
"Maharashtra","Aurangabad","join_map"
"Maharashtra","Beed","join_map"
"Maharashtra","Bhandara","join_map"
"Maharashtra","Buldhana","join_map"
"Maharashtra","Chandrapur","join_map"
"Maharashtra","Dhule","join_map"
"Maharashtra","Gadchiroli","join_map"
"Maharashtra","Gondia","join_map"
"Maharashtra","Hingoli","join_map"
"Maharashtra","Jalgaon","join_map"
"Maharashtra","Jalna","join_map"
"Maharashtra","Kolhapur","join_map"
"Maharashtra","Latur","join_map"
"Maharashtra","Mumbai","join_map"
"Maharashtra","Mumbai Suburban","join_map"
"Maharashtra","Nagpur","join_map"
"Maharashtra","Nanded","join_map"
"Maharashtra","Nandurbar","join_map"
"Maharashtra","Nashik","join_map"
"Maharashtra","Osmanabad","join_map"
"Maharashtra","Thane","join_map"
"Maharashtra","Parbhani","join_map"
"Maharashtra","Pune","join_map"
"Maharashtra","Raigad","join_map"
"Maharashtra","Ratnagiri","join_map"
"Maharashtra","Sangli","join_map"
"Maharashtra","Satara","join_map"
"Maharashtra","Sindhudurg","join_map"
"Maharashtra","Solapur","join_map"
"Maharashtra","Thane","join_map"
"Maharashtra","Wardha","join_map"
"Maharashtra","Washim","join_map"
"Maharashtra","Yavatmal","join_map"
"Manipur","Bishnupur","join_map"
"Manipur","Chandel","join_map"
"Manipur","Churachandpur","join_map"
"Manipur","Imphal East","join_map"
"Manipur","Imphal West","join_map"
"Manipur","Imphal East","join_map"
"Manipur","Thoubal","join_map"
"Manipur","Ukhrul","join_map"
"Manipur","Senapati","join_map"
"Manipur","Tamenglong","join_map"
"Manipur","Churachandpur","join_map"
"Manipur","Senapati","join_map"
"Manipur","Tamenglong","join_map"
"Manipur","Chandel","join_map"
"Manipur","Thoubal","join_map"
"Manipur","Ukhrul","join_map"
"Meghalaya","East Garo Hills","join_map"
"Meghalaya","Jaintia Hills","join_map"
"Meghalaya","East Khasi Hills","join_map"
"Meghalaya","East Garo Hills","join_map"
"Meghalaya","Ribhoi","join_map"
"Meghalaya","South Garo Hills","join_map"
"Meghalaya","West Garo Hills","join_map"
"Meghalaya","West Khasi Hills","join_map"
"Meghalaya","West Garo Hills","join_map"
"Meghalaya","Jaintia Hills","join_map"
"Meghalaya","West Khasi Hills","join_map"
"Mizoram","Aizawl","join_map"
"Mizoram","Champhai","join_map"
"Mizoram","Lunglei","join_map"
"Mizoram","Champhai","join_map"
"Mizoram","Kolasib","join_map"
"Mizoram","Lawngtlai","join_map"
"Mizoram","Lunglei","join_map"
"Mizoram","Mamit","join_map"
"Mizoram","Saiha","join_map"
"Mizoram","Serchhip","join_map"
"Nagaland","Dimapur","join_map"
"Nagaland","Tuensang","join_map"
"Nagaland","Kohima","join_map"
"Nagaland","Tuensang","join_map"
"Nagaland","Mokokchung","join_map"
"Nagaland","Mon","join_map"
"Nagaland","Kohima","join_map"
"Nagaland","Phek","join_map"
"Nagaland","Tuensang","join_map"
"Nagaland","Wokha","join_map"
"Nagaland","Zunheboto","join_map"
"Orissa","Angul","join_map"
"Orissa","Balangir","join_map"
"Orissa","Balasore","join_map"
"Orissa","Bargarh","join_map"
"Orissa","Bhadrak","join_map"
"Orissa","Boudh","join_map"
"Orissa","Cuttack","join_map"
"Orissa","Deogarh","join_map"
"Orissa","Dhenkanal","join_map"
"Orissa","Gajapati","join_map"
"Orissa","Ganjam","join_map"
"Orissa","Jagatsinghpur","join_map"
"Orissa","Jajpur","join_map"
"Orissa","Jharsuguda","join_map"
"Orissa","Kalahandi","join_map"
"Orissa","Kandhamal","join_map"
"Orissa","Kendrapara","join_map"
"Orissa","Kendujhar","join_map"
"Orissa","Khordha","join_map"
"Orissa","Koraput","join_map"
"Orissa","Malkangiri","join_map"
"Orissa","Mayurbhanj","join_map"
"Orissa","Nabarangapur","join_map"
"Orissa","Nayagarh","join_map"
"Orissa","Nuapada","join_map"
"Orissa","Puri","join_map"
"Orissa","Rayagada","join_map"
"Orissa","Sambalpur","join_map"
"Orissa","Subarnapur","join_map"
"Orissa","Sundargarh","join_map"
"Pondicherry","Karaikal","join_map"
"Pondicherry","Mahe","join_map"
"Pondicherry","Pondicherry","join_map"
"Pondicherry","Yanam","join_map"
"Punjab","Amritsar","join_map"
"Punjab","Sangrur","join_map"
"Punjab","Bathinda","join_map"
"Punjab","Faridkot","join_map"
"Punjab","Fatehgarh Sahib","join_map"
"Punjab","Firozpur","join_map"
"Punjab","Firozpur","join_map"
"Punjab","Gurdaspur","join_map"
"Punjab","Hoshiarpur","join_map"
"Punjab","Jalandhar","join_map"
"Punjab","Kapurthala","join_map"
"Punjab","Ludhiana","join_map"
"Punjab","Mansa","join_map"
"Punjab","Moga","join_map"
"Punjab","Muktsar","join_map"
"Punjab","Nawanshahr","join_map"
"Punjab","Gurdaspur","join_map"
"Punjab","Patiala","join_map"
"Punjab","Rupnagar","join_map"
"Punjab","Rupnagar","join_map"
"Punjab","Sangrur","join_map"
"Punjab","Amritsar","join_map"
"Rajasthan","Ajmer","join_map"
"Rajasthan","Alwar","join_map"
"Rajasthan","Banswara","join_map"
"Rajasthan","Baran","join_map"
"Rajasthan","Barmer","join_map"
"Rajasthan","Bharatpur","join_map"
"Rajasthan","Bhilwara","join_map"
"Rajasthan","Bikaner","join_map"
"Rajasthan","Bundi","join_map"
"Rajasthan","Chittorgarh","join_map"
"Rajasthan","Churu","join_map"
"Rajasthan","Dausa","join_map"
"Rajasthan","Dholpur","join_map"
"Rajasthan","Dungarpur","join_map"
"Rajasthan","Hanumangarh","join_map"
"Rajasthan","Jaipur","join_map"
"Rajasthan","Jaisalmer","join_map"
"Rajasthan","Jalore","join_map"
"Rajasthan","Jhalawar","join_map"
"Rajasthan","Jhunjhunu","join_map"
"Rajasthan","Jodhpur","join_map"
"Rajasthan","Karauli","join_map"
"Rajasthan","Kota","join_map"
"Rajasthan","Nagaur","join_map"
"Rajasthan","Pali","join_map"
"Rajasthan","Chittorgarh","join_map"
"Rajasthan","Rajsamand","join_map"
"Rajasthan","Sawai Madhopur","join_map"
"Rajasthan","Sikar","join_map"
"Rajasthan","Sirohi","join_map"
"Rajasthan","Ganganagar","join_map"
"Rajasthan","Tonk","join_map"
"Rajasthan","Udaipur","join_map"
"Sikkim","East District","join_map"
"Sikkim","North District","join_map"
"Sikkim","South District","join_map"
"Sikkim","West District","join_map"
"Tamil Nadu","Ariyalur","join_map"
"Tamil Nadu","Kancheepuram","join_map"
"Tamil Nadu","Chennai","join_map"
"Tamil Nadu","Coimbatore","join_map"
"Tamil Nadu","Cuddalore","join_map"
"Tamil Nadu","Dharmapuri","join_map"
"Tamil Nadu","Dindigul","join_map"
"Tamil Nadu","Erode","join_map"
"Tamil Nadu","Viluppuram","join_map"
"Tamil Nadu","Kancheepuram","join_map"
"Tamil Nadu","Kanniyakumari","join_map"
"Tamil Nadu","Karur","join_map"
"Tamil Nadu","Dharmapuri","join_map"
"Tamil Nadu","Madurai","join_map"
"Tamil Nadu","Nagapattinam","join_map"
"Tamil Nadu","Namakkal","join_map"
"Tamil Nadu","Nilgiris","join_map"
"Tamil Nadu","Perambalur","join_map"
"Tamil Nadu","Pudukkottai","join_map"
"Tamil Nadu","Ramanathapuram","join_map"
"Tamil Nadu","Vellore","join_map"
"Tamil Nadu","Salem","join_map"
"Tamil Nadu","Sivaganga","join_map"
"Tamil Nadu","Tirunelveli","join_map"
"Tamil Nadu","Thanjavur","join_map"
"Tamil Nadu","Theni","join_map"
"Tamil Nadu","Thoothukkudi","join_map"
"Tamil Nadu","Tiruchirappalli","join_map"
"Tamil Nadu","Tirunelveli","join_map"
"Tamil Nadu","Vellore","join_map"
"Tamil Nadu","Tiruppur","join_map"
"Tamil Nadu","Thiruvallur","join_map"
"Tamil Nadu","Tiruvannamalai","join_map"
"Tamil Nadu","Thiruvarur","join_map"
"Tamil Nadu","Vellore","join_map"
"Tamil Nadu","Viluppuram","join_map"
"Tamil Nadu","Virudhunagar","join_map"
"Andhra Pradesh","Adilabad","join_map"
"Andhra Pradesh","Adilabad","join_map"
"Andhra Pradesh","Adilabad","join_map"
"Andhra Pradesh","Adilabad","join_map"
"Andhra Pradesh","Nizamabad","join_map"
"Andhra Pradesh","Nizamabad","join_map"
"Andhra Pradesh","Karimnagar","join_map"
"Andhra Pradesh","Karimnagar","join_map"
"Andhra Pradesh","Karimnagar","join_map"
"Andhra Pradesh","Karimnagar","join_map"
"Andhra Pradesh","Medak","join_map"
"Andhra Pradesh","Medak","join_map"
"Andhra Pradesh","Medak","join_map"
"Andhra Pradesh","Hyderabad","join_map"
"Andhra Pradesh","Rangareddi","join_map"
"Andhra Pradesh","Rangareddi","join_map"
"Andhra Pradesh","Rangareddi","join_map"
"Andhra Pradesh","Mahbubnagar","join_map"
"Andhra Pradesh","Mahbubnagar","join_map"
"Andhra Pradesh","Mahbubnagar","join_map"
"Andhra Pradesh","Mahbubnagar","join_map"
"Andhra Pradesh","Mahbubnagar","join_map"
"Andhra Pradesh","Nalgonda","join_map"
"Andhra Pradesh","Nalgonda","join_map"
"Andhra Pradesh","Nalgonda","join_map"
"Andhra Pradesh","Warangal","join_map"
"Andhra Pradesh","Warangal","join_map"
"Andhra Pradesh","Warangal","join_map"
"Andhra Pradesh","Warangal","join_map"
"Andhra Pradesh","Warangal","join_map"
"Andhra Pradesh","Warangal","join_map"
"Andhra Pradesh","Khammam","join_map"
"Andhra Pradesh","Khammam","join_map"
"Tripura","Dhalai","join_map"
"Tripura","South Tripura","join_map"
"Tripura","West Tripura","join_map"
"Tripura","North Tripura","join_map"
"Tripura","West Tripura","join_map"
"Tripura","South Tripura","join_map"
"Tripura","North Tripura","join_map"
"Tripura","West Tripura","join_map"
"Uttar Pradesh","Agra","join_map"
"Uttar Pradesh","Aligarh","join_map"
"Uttar Pradesh","Allahabad","join_map"
"Uttar Pradesh","Ambedkar Nagar","join_map"
"Uttar Pradesh","Sultanpur","join_map"
"Uttar Pradesh","Amroha","join_map"
"Uttar Pradesh","Auraiya","join_map"
"Uttar Pradesh","Azamgarh","join_map"
"Uttar Pradesh","Baghpat","join_map"
"Uttar Pradesh","Bahraich","join_map"
"Uttar Pradesh","Ballia","join_map"
"Uttar Pradesh","Balrampur","join_map"
"Uttar Pradesh","Banda","join_map"
"Uttar Pradesh","Barabanki","join_map"
"Uttar Pradesh","Bareilly","join_map"
"Uttar Pradesh","Basti","join_map"
"Uttar Pradesh","Bhadohi","join_map"
"Uttar Pradesh","Bijnor","join_map"
"Uttar Pradesh","Budaun","join_map"
"Uttar Pradesh","Bulandshahar","join_map"
"Uttar Pradesh","Chandauli","join_map"
"Uttar Pradesh","Chitrakoot","join_map"
"Uttar Pradesh","Deoria","join_map"
"Uttar Pradesh","Etah","join_map"
"Uttar Pradesh","Etawah","join_map"
"Uttar Pradesh","Faizabad","join_map"
"Uttar Pradesh","Farrukhabad","join_map"
"Uttar Pradesh","Fatehpur","join_map"
"Uttar Pradesh","Firozabad","join_map"
"Uttar Pradesh","Gautam Buddha Nagar","join_map"
"Uttar Pradesh","Ghaziabad","join_map"
"Uttar Pradesh","Ghazipur","join_map"
"Uttar Pradesh","Gonda","join_map"
"Uttar Pradesh","Gorakhpur","join_map"
"Uttar Pradesh","Hamirpur","join_map"
"Uttar Pradesh","Ghaziabad","join_map"
"Uttar Pradesh","Hardoi","join_map"
"Uttar Pradesh","Hathras","join_map"
"Uttar Pradesh","Jalaun","join_map"
"Uttar Pradesh","Jaunpur","join_map"
"Uttar Pradesh","Jhansi","join_map"
"Uttar Pradesh","Kannauj","join_map"
"Uttar Pradesh","Kanpur Dehat","join_map"
"Uttar Pradesh","Kanpur Nagar","join_map"
"Uttar Pradesh","Etah","join_map"
"Uttar Pradesh","Kaushambi","join_map"
"Uttar Pradesh","Kushinagar","join_map"
"Uttar Pradesh","Lakhimpur Kheri","join_map"
"Uttar Pradesh","Lalitpur","join_map"
"Uttar Pradesh","Lucknow","join_map"
"Uttar Pradesh","Maharajganj","join_map"
"Uttar Pradesh","Mahoba","join_map"
"Uttar Pradesh","Mainpuri","join_map"
"Uttar Pradesh","Mathura","join_map"
"Uttar Pradesh","Mau","join_map"
"Uttar Pradesh","Meerut","join_map"
"Uttar Pradesh","Mirzapur","join_map"
"Uttar Pradesh","Moradabad","join_map"
"Uttar Pradesh","Muzaffarnagar","join_map"
"Uttar Pradesh","Pilibhit","join_map"
"Uttar Pradesh","Pratapgarh","join_map"
"Uttar Pradesh","Rae Bareli","join_map"
"Uttar Pradesh","Rampur","join_map"
"Uttar Pradesh","Saharanpur","join_map"
"Uttar Pradesh","Moradabad","join_map"
"Uttar Pradesh","Sant Kabir Nagar","join_map"
"Uttar Pradesh","Shahjahanpur","join_map"
"Uttar Pradesh","Muzaffarnagar","join_map"
"Uttar Pradesh","Shrawasti","join_map"
"Uttar Pradesh","Siddharthnagar","join_map"
"Uttar Pradesh","Sitapur","join_map"
"Uttar Pradesh","Sonbhadra","join_map"
"Uttar Pradesh","Sultanpur","join_map"
"Uttar Pradesh","Unnao","join_map"
"Uttar Pradesh","Varanasi","join_map"
"Uttaranchal","Almora","join_map"
"Uttaranchal","Bageshwar","join_map"
"Uttaranchal","Chamoli","join_map"
"Uttaranchal","Champawat","join_map"
"Uttaranchal","Dehradun","join_map"
"Uttaranchal","Haridwar","join_map"
"Uttaranchal","Nainital","join_map"
"Uttaranchal","Pauri Garhwal","join_map"
"Uttaranchal","Pithoragarh","join_map"
"Uttaranchal","Rudraprayag","join_map"
"Uttaranchal","Tehri Garhwal","join_map"
"Uttaranchal","Udham Singh Nagar","join_map"
"Uttaranchal","Uttarkashi","join_map"
"West Bengal","Jalpaiguri","join_map"
"West Bengal","Bankura","join_map"
"West Bengal","Birbhum","join_map"
"West Bengal","Cooch Behar","join_map"
"West Bengal","Dakshin Dinajpur","join_map"
"West Bengal","Darjeeling","join_map"
"West Bengal","Hooghly","join_map"
"West Bengal","Howrah","join_map"
"West Bengal","Jalpaiguri","join_map"
"West Bengal","Medinipur","join_map"
"West Bengal","Darjeeling","join_map"
"West Bengal","Kolkata","join_map"
"West Bengal","Malda","join_map"
"West Bengal","Murshidabad","join_map"
"West Bengal","Nadia","join_map"
"West Bengal","North 24 Parganas","join_map"
"West Bengal","Medinipur","join_map"
"West Bengal","Bardhaman","join_map"
"West Bengal","Bardhaman","join_map"
"West Bengal","Medinipur","join_map"
"West Bengal","Purulia","join_map"
"West Bengal","South 24 Parganas","join_map"
"West Bengal","Uttar Dinajpur","join_map"
