"mother_tongue_code","mother_tongue","canonical_language","national_speakers","n_districts","match_term","term_source","language_glottocode","glottolog_name","family_id","countries","iso639P3code","alias_basis","provider","is_india_language","candidate_count","candidate_status","review_status","reviewed_glottocode"
"006118","Hindi","Hindi",257919635,593,"Hindi","mother_tongue","hind1269","Hindi","indo1319","BD;BT;IN;NP","hin","primary_name","glottolog",TRUE,1,"exact_unique","accepted_deterministic","hind1269"
"002004","Bengali","Bengali",82462437,593,"Bengali","mother_tongue","beng1280","Bengali","indo1319","BD;IN;NP","ben","primary_name","glottolog",TRUE,1,"exact_unique","accepted_deterministic","beng1280"
"021035","Telugu","Telugu",73817148,569,"Telugu","mother_tongue","telu1262","Telugu","drav1251","IN","tel","primary_name","glottolog",TRUE,1,"exact_unique","accepted_deterministic","telu1262"
"013048","Marathi","Marathi",71701478,585,"Marathi","mother_tongue","mara1378","Marathi","indo1319","IN","mar","primary_name","glottolog",TRUE,1,"exact_unique","accepted_deterministic","mara1378"
"020020","Tamil","Tamil",60655813,585,"Tamil","mother_tongue","tami1289","Tamil","drav1251","IN;LK","tam","primary_name","glottolog",TRUE,1,"exact_unique","accepted_deterministic","tami1289"
"022014","Urdu","Urdu",51533954,592,"Urdu","mother_tongue","urdu1245","Urdu","indo1319","AF;BD;IN;PK","urd","primary_name","glottolog",TRUE,1,"exact_unique","accepted_deterministic","urdu1245"
"005011","Gujarati","Gujarati",45715654,565,"Gujarati","mother_tongue","guja1252","Gujarati","indo1319","BD;IN;PK","guj","primary_name","glottolog",TRUE,1,"exact_unique","accepted_deterministic","guja1252"
"007013","Kannada","Kannada",37742232,533,"Kannada","mother_tongue","nucl1305","Kannada","drav1251","IN","kan","primary_name","glottolog",TRUE,1,"exact_unique","accepted_deterministic","nucl1305"
"006045","Bhojpuri","Hindi",33099497,551,"Bhojpuri","mother_tongue","bhoj1244","Bhojpuri","indo1319","IN;NP","bho","primary_name","glottolog",TRUE,1,"exact_unique","accepted_deterministic","bhoj1244"
"011013","Malayalam","Malayalam",33015420,591,"Malayalam","mother_tongue","mala1464","Malayalam","drav1251","IN","mal","primary_name","glottolog",TRUE,1,"exact_unique","accepted_deterministic","mala1464"
"015031","Oriya","Oriya",32110482,580,"Oriya","mother_tongue","adiv1239","Kotia-Adivasi Oriya-Desiya","indo1319","IN","ort","alternate_name","moseley & asher (1994)",TRUE,1,"exact_unique","accepted_manual","oriy1255"
"016018","Punjabi","Punjabi",28152794,574,"Punjabi","mother_tongue","panj1256","Eastern Panjabi","indo1319","BD;IN;PK","pan","alternate_name","lexvo",TRUE,1,"exact_unique","accepted_manual","panj1256"
"006242","Rajasthani","Hindi",18355613,564,"Rajasthani","mother_tongue","bagr1243","Bagri","indo1319","IN;PK","bgq","alternate_name","ruhlen (1987)",TRUE,4,"exact_ambiguous","unresolved",""
"006242","Rajasthani","Hindi",18355613,564,"Rajasthani","mother_tongue","marw1256","Marwari (Pakistan)","indo1319","IN;PK","mve","alternate_name","multitree",TRUE,4,"exact_ambiguous","unresolved",""
"006242","Rajasthani","Hindi",18355613,564,"Rajasthani","mother_tongue","marw1260","Marwari (India)","indo1319","IN;NP;PK","rwr","alternate_name","multitree",TRUE,4,"exact_ambiguous","unresolved",""
"006242","Rajasthani","Hindi",18355613,564,"Rajasthani","mother_tongue","shek1243","Shekhawati","indo1319","IN","swv","alternate_name","ruhlen (1987)",TRUE,4,"exact_ambiguous","unresolved",""
"006999","Others","Hindi",14777266,582,"Hindi","canonical_language","hind1269","Hindi","indo1319","BD;BT;IN;NP","hin","primary_name","glottolog",TRUE,1,"exact_unique","unresolved",""
"006179","Magadhi/Magahi","Hindi",13978565,298,"Magahi","mother_tongue_component","maga1260","Magahi","indo1319","IN","mag","primary_name","glottolog",TRUE,1,"exact_unique","accepted_deterministic","maga1260"
"006072","Chhattisgarhi","Hindi",13260186,343,"Chhattisgarhi","mother_tongue","chha1249","Chhattisgarhi","indo1319","IN","hne","primary_name","glottolog",TRUE,1,"exact_unique","accepted_deterministic","chha1249"
"001002","Assamese","Assamese",12778735,497,"Assamese","mother_tongue","assa1263","Assamese","indo1319","BD;BT;IN","asm","primary_name","glottolog",TRUE,1,"exact_unique","accepted_deterministic","assa1263"
"010006","Maithili","Maithili",12178673,498,"Maithili","mother_tongue","mait1250","Maithili","indo1319","IN;NP","mai","primary_name","glottolog",TRUE,1,"exact_unique","accepted_deterministic","mait1250"
"006117","Haryanvi","Hindi",7997192,419,"Haryanvi","mother_tongue","hary1238","Haryanvi","indo1319","IN","bgc","primary_name","glottolog",TRUE,1,"exact_unique","accepted_deterministic","hary1238"
"006192","Marwari","Hindi",7936183,528,"Marwari","mother_tongue","marw1256","Marwari (Pakistan)","indo1319","IN;PK","mve","alternate_name","lexvo",TRUE,3,"exact_ambiguous","accepted_manual","marw1260"
"006192","Marwari","Hindi",7936183,528,"Marwari","mother_tongue","marw1260","Marwari (India)","indo1319","IN;NP;PK","rwr","alternate_name","lexvo",TRUE,3,"exact_ambiguous","accepted_manual","marw1260"
"006192","Marwari","Hindi",7936183,528,"Marwari","mother_tongue","shek1243","Shekhawati","indo1319","IN","swv","alternate_name","moseley & asher (1994)",TRUE,3,"exact_ambiguous","accepted_manual","marw1260"
"018013","Santali","Santali",5943679,343,"Santali","mother_tongue","sant1410","Santali","aust1305","BD;BT;IN;NP","sat","primary_name","glottolog",TRUE,1,"exact_unique","accepted_deterministic","sant1410"
"006187","Malvi","Hindi",5565167,150,"Malvi","mother_tongue","malv1243","Malvi","indo1319","IN","mup","primary_name","glottolog",TRUE,1,"exact_unique","accepted_deterministic","malv1243"
"008002","Kashmiri","Kashmiri",5362349,395,"Kashmiri","mother_tongue","kash1277","Kashmiri","indo1319","IN;PK","kas","primary_name","glottolog",TRUE,1,"exact_unique","accepted_deterministic","kash1277"
"006195","Mewari","Hindi",5091697,308,"Mewari","mother_tongue","mewa1249","Mewari","indo1319","IN","mtr","primary_name","glottolog",TRUE,1,"exact_unique","accepted_deterministic","mewa1249"
"006153","Khortha/Khotta","Hindi",4725927,139,"Khotta","mother_tongue_component","mait1250","Maithili","indo1319","IN;NP","mai","alternate_name","multitree",TRUE,1,"exact_unique","unresolved",""
"030007","Bhili/Bhilodi","Bhili/Bhilodi",3313481,155,"Bhili","mother_tongue_component","bhil1251","Bhili","indo1319","IN","bhb","primary_name","glottolog",TRUE,1,"exact_unique","accepted_deterministic","bhil1251"
"006060","Bundeli/Bundelkhandi","Hindi",3072147,317,"Bundeli","mother_tongue_component","bund1253","Bundeli","indo1319","IN","bns","primary_name","glottolog",TRUE,1,"exact_unique","accepted_deterministic","bund1253"
"014009","Nepali","Nepali",2867922,588,"Nepali","mother_tongue","nepa1254","Nepali","indo1319","NP","npi","primary_name","glottolog",FALSE,1,"exact_unique","accepted_manual","nepa1254"
"006016","Bagheli/Baghel Khandi","Hindi",2865011,146,"Bagheli","mother_tongue_component","bagh1251","Bagheli","indo1319","IN;NP","bfy","primary_name","glottolog",TRUE,1,"exact_unique","accepted_deterministic","bagh1251"
"006213","Pahari","Hindi",2832825,367,"Pahari","mother_tongue","paha1251","Pahari Potwari","indo1319","IN;PK","phr","primary_name","glottolog",TRUE,1,"exact_unique","unresolved",""
"006171","Lamani/Lambadi","Hindi",2707562,125,"Lambadi","mother_tongue_component","lamb1269","Lambadi","indo1319","IN","lmn","primary_name","glottolog",TRUE,1,"exact_unique","accepted_deterministic","lamb1269"
"006008","Awadhi","Hindi",2529308,338,"Awadhi","mother_tongue","awad1243","Awadhi","indo1319","IN;NP","awa","primary_name","glottolog",TRUE,1,"exact_unique","accepted_deterministic","awad1243"
"030055","Wagdi","Bhili/Bhilodi",2510811,79,"Wagdi","mother_tongue","wagd1238","Wagdi","indo1319","IN","wbr","primary_name","glottolog",TRUE,1,"exact_unique","accepted_deterministic","wagd1238"
"044006","Gondi","Gondi",2505247,158,"Gondi","mother_tongue","nort2702","Northern Gondi","drav1251","IN","gno","alternate_name","multitree",TRUE,1,"exact_unique","unresolved",""
"006116","Harauti","Hindi",2462867,57,"Harauti","mother_tongue","hado1235","Hadothi","indo1319","IN","hoj","primary_name","glottolog",TRUE,1,"exact_unique","accepted_deterministic","hado1235"
"009010","Konkani","Konkani",2420140,367,"Konkani","mother_tongue","goan1235","Goan Konkani","indo1319","IN","gom","alternate_name","lexvo",TRUE,2,"exact_ambiguous","accepted_manual","goan1235"
"009010","Konkani","Konkani",2420140,367,"Konkani","mother_tongue","konk1267","Konkan Marathi","indo1319","IN","knn","alternate_name","lexvo",TRUE,2,"exact_ambiguous","accepted_manual","goan1235"
"004001","Dogri","Dogri",2282547,365,"Dogri","mother_tongue","dogr1250","Dogri","indo1319","IN;PK","dgo","primary_name","glottolog",TRUE,1,"exact_unique","accepted_deterministic","dogr1250"
"006095","Garhwali","Hindi",2267314,406,"Garhwali","mother_tongue","garh1243","Garhwali","indo1319","CN;IN","gbm","primary_name","glottolog",TRUE,1,"exact_unique","accepted_deterministic","garh1243"
"006210","Nimadi","Hindi",2148146,107,"Nimadi","mother_tongue","nima1243","Nimadi","indo1319","IN","noe","primary_name","glottolog",TRUE,1,"exact_unique","accepted_deterministic","nima1243"
"006251","Sadan/Sadri","Hindi",2044776,327,"Sadri","mother_tongue_component","sadr1248","Sadri","indo1319","BD;IN","sck","primary_name","glottolog",TRUE,1,"exact_unique","accepted_deterministic","sadr1248"
"006162","Kumauni","Hindi",2003783,330,"Kumauni","mother_tongue","kuma1273","Kumaoni","indo1319","IN;NP","kfy","alternate_name","moseley & asher (1994)",TRUE,1,"exact_unique","unresolved",""
"006084","Dhundhari","Hindi",1871130,40,"Hindi","canonical_language","hind1269","Hindi","indo1319","BD;BT;IN;NP","hin","primary_name","glottolog",TRUE,1,"exact_unique","unresolved",""
"053002","Ahirani","Khandeshi",1865813,54,"Ahirani","mother_tongue","khan1272","Khandesi","indo1319","IN","khn","alternate_name","multitree",TRUE,1,"exact_unique","unresolved",""
"072009","Kurukh/Oraon","Kurukh/Oraon",1737044,377,"Kurukh","mother_tongue_component","kuru1301","Kurukh","drav1251","IN","kru","primary_name","glottolog",TRUE,1,"exact_unique","accepted_deterministic","kuru1301"
"116009","Tulu","Tulu",1720422,181,"Tulu","mother_tongue","tulu1258","Tulu","drav1251","IN","tcy","primary_name","glottolog",TRUE,1,"exact_unique","accepted_deterministic","tulu1258"
"019013","Sindhi","Sindhi",1694061,444,"Sindhi","mother_tongue","sind1272","Sindhi","indo1319","IN;PK","snd","primary_name","glottolog",TRUE,1,"exact_unique","accepted_deterministic","sind1272"
"012002","Manipuri","Manipuri",1466497,363,"Manipuri","mother_tongue","mani1292","Manipuri","sino1245","BD;IN;MM","mni","primary_name","glottolog",TRUE,1,"exact_unique","accepted_deterministic","mani1292"
"006264","Surgujia","Hindi",1458533,78,"Surgujia","mother_tongue","chha1249","Chhattisgarhi","indo1319","IN","hne","primary_name","glottolog",TRUE,1,"exact_unique","accepted_deterministic","chha1249"
"006017","Bagri Rajasthani","Hindi",1434123,53,"Hindi","canonical_language","hind1269","Hindi","indo1319","BD;BT;IN;NP","hin","primary_name","glottolog",TRUE,1,"exact_unique","unresolved",""
"003001","Bodo","Bodo",1330775,223,"Bodo","mother_tongue","bodo1267","Bodo Gadaba","aust1305","IN","gbj","alternate_name","elcat",TRUE,6,"exact_ambiguous","accepted_manual","bodo1269"
"003001","Bodo","Bodo",1330775,223,"Bodo","mother_tongue","bodo1269","Bodo-Mech","sino1245","IN;NP","brx","alternate_name","lexvo",TRUE,6,"exact_ambiguous","accepted_manual","bodo1269"
"003001","Bodo","Bodo",1330775,223,"Bodo","mother_tongue","bodo1272","Bodo (Central African Republic)","atla1278","CF","boy","alternate_name","elcat",FALSE,6,"exact_ambiguous","accepted_manual","bodo1269"
"003001","Bodo","Bodo",1330775,223,"Bodo","mother_tongue","budu1250","Budu","atla1278","CD","buu","alternate_name","multitree",FALSE,6,"exact_ambiguous","accepted_manual","bodo1269"
"003001","Bodo","Bodo",1330775,223,"Bodo","mother_tongue","gorr1238","Gor","cent2225","CF;TD","gqr","alternate_name","multitree",FALSE,6,"exact_ambiguous","accepted_manual","bodo1269"
"003001","Bodo","Bodo",1330775,223,"Bodo","mother_tongue","naga1394","Naga Pidgin","indo1319","IN","nag","alternate_name","multitree",TRUE,6,"exact_ambiguous","accepted_manual","bodo1269"
"006026","Banjari","Hindi",1259821,203,"Banjari","mother_tongue","lamb1269","Lambadi","indo1319","IN","lmn","alternate_name","moseley & asher (1994)",TRUE,1,"exact_unique","unresolved",""
"006204","Nagpuria","Hindi",1242586,173,"Nagpuria","mother_tongue","sadr1248","Sadri","indo1319","BD;IN","sck","alternate_name","multitree",TRUE,1,"exact_unique","unresolved",""
"006265","Surjapuri","Hindi",1217019,74,"Surjapuri","mother_tongue","surj1235","Surjapuri","indo1319","IN","sjp","primary_name","glottolog",TRUE,1,"exact_unique","accepted_deterministic","surj1235"
"006138","Kangri","Hindi",1122843,119,"Kangri","mother_tongue","kang1280","Kangri","indo1319","IN","xnr","primary_name","glottolog",TRUE,1,"exact_unique","accepted_deterministic","kang1280"
"091004","Mundari","Mundari",1046951,302,"Mundari","mother_tongue","mund1320","Mundari","aust1305","BD;IN;NP","unr","primary_name","glottolog",TRUE,1,"exact_unique","accepted_deterministic","mund1320"
"048002","Ho","Ho",1037987,156,"Ho","mother_tongue","hooo1248","Ho","aust1305","IN","hoc","primary_name","glottolog",TRUE,1,"exact_unique","accepted_deterministic","hooo1248"
"070001","Kui","Kui",915392,44,"Kui","mother_tongue","kuii1253","Kui (Indonesia)","timo1261","ID","kvd","primary_name","glottolog",FALSE,1,"exact_unique","unresolved",""
"043005","Garo","Garo",885522,163,"Garo","mother_tongue","garo1247","Garo","sino1245","BD;IN","grt","primary_name","glottolog",TRUE,1,"exact_unique","accepted_deterministic","garo1247"
"055006","Khasi","Khasi",828545,174,"Khasi","mother_tongue","khas1269","Khasi","aust1305","BD;IN","kha","primary_name","glottolog",TRUE,1,"exact_unique","accepted_deterministic","khas1269"
"019008","Kachchhi","Sindhi",823058,184,"Kachchhi","mother_tongue","kach1277","Kachchi","indo1319","IN;PK","kfr","alternate_name","multitree",TRUE,1,"exact_unique","unresolved",""
"006103","Gojri","Hindi",762332,69,"Gojri","mother_tongue","guja1253","Gujari","indo1319","AF;IN;PK","gju","alternate_name","lexvo",TRUE,1,"exact_unique","unresolved",""
"115002","Kok Barak","Tripuri",761964,81,"Tripuri","canonical_language","kokb1239","Kok Borok","sino1245","BD;IN","trp","alternate_name","moseley & asher (1994)",TRUE,1,"exact_unique","unresolved",""
"030006","Bhilali","Bhili/Bhilodi",680689,62,"Bhilali","mother_tongue","bhil1253","Bhilali","indo1319","IN","bhi","primary_name","glottolog",TRUE,1,"exact_unique","accepted_deterministic","bhil1253"
"082003","Lushai/Mizo","Lushai/Mizo",671911,225,"Lushai/Mizo","mother_tongue","lush1249","Mizo","sino1245","BD;IN;MM","lus","alternate_name","ruhlen (1987)",TRUE,1,"exact_unique","accepted_manual","lush1249"
"016001","Bagri","Punjabi",646921,108,"Bagri","mother_tongue","bagr1243","Bagri","indo1319","IN;PK","bgq","primary_name","glottolog",TRUE,1,"exact_unique","accepted_deterministic","bagr1243"
"006196","Mewati","Hindi",645291,89,"Mewati","mother_tongue","mewa1250","Mewati","indo1319","IN","wtm","primary_name","glottolog",TRUE,1,"exact_unique","accepted_deterministic","mewa1250"
"030003","Barel","Bhili/Bhilodi",637751,57,"Barel","mother_tongue","rath1242","Rathwi Bareli","indo1319","IN","bgd","alternate_name","multitree",TRUE,1,"exact_unique","unresolved",""
"006188","Mandeali","Hindi",611930,61,"Mandeali","mother_tongue","mand1409","Mandeali","indo1319","IN","mjl","primary_name","glottolog",TRUE,1,"exact_unique","accepted_deterministic","mand1409"
"045001","Halabi","Halabi",592501,79,"Halabi","mother_tongue","halb1244","Halbi","indo1319","IN","hlb","alternate_name","multitree",TRUE,1,"exact_unique","accepted_manual","halb1244"
"002999","Others","Bengali",585116,161,"Bengali","canonical_language","beng1280","Bengali","indo1319","BD;IN;NP","ben","primary_name","glottolog",TRUE,1,"exact_unique","unresolved",""
"006059","Brajbhasha","Hindi",574245,290,"Hindi","canonical_language","hind1269","Hindi","indo1319","BD;BT;IN;NP","hin","primary_name","glottolog",TRUE,1,"exact_unique","unresolved",""
"086003","Miri/Mishing","Miri/Mishing",551182,61,"Miri","mother_tongue_component","katc1249","Katcha-Kadugli-Miri","kadu1256","SD","xtc","primary_name","glottolog",FALSE,1,"exact_unique","accepted_manual","misi1242"
"067001","Korku","Korku",541880,48,"Korku","mother_tongue","kork1243","Korku","aust1305","IN","kfq","primary_name","glottolog",TRUE,1,"exact_unique","accepted_deterministic","kork1243"
"015042","Sambalpuri","Oriya",518803,40,"Sambalpuri","mother_tongue","samb1325","Sambalpuri","indo1319","IN","spv","primary_name","glottolog",TRUE,1,"exact_unique","accepted_deterministic","samb1325"
"030052","Varli","Bhili/Bhilodi",475433,23,"Varli","mother_tongue","varl1238","Dungar Varli","indo1319","IN","vav","alternate_name","glottolog",TRUE,1,"exact_unique","unresolved",""
"090006","Munda","Munda",426820,282,"Munda","mother_tongue","mund1320","Mundari","aust1305","BD;IN;NP","unr","alternate_name","multitree",TRUE,1,"exact_unique","unresolved",""
"006165","Kurmali Thar","Hindi",425920,111,"Kurmali Thar","mother_tongue","kudm1238","Kudmali","indo1319","IN","kyw","alternate_name","multitree",TRUE,1,"exact_unique","unresolved",""
"006234","Pawari/Powari","Hindi",425745,64,"Pawari","mother_tongue_component","bund1253","Bundeli","indo1319","IN","bns","primary_name","glottolog",TRUE,2,"exact_ambiguous","unresolved",""
"006234","Pawari/Powari","Hindi",425745,64,"Powari","mother_tongue_component","powa1246","Powari","indo1319","IN","pwr","primary_name","glottolog",TRUE,2,"exact_ambiguous","unresolved",""
"052002","Karbi","Karbi / Mikir",419512,67,"Karbi","mother_tongue","kabi1260","Kabikabi","pama1250","AU","gbw","alternate_name","elcat",FALSE,2,"exact_ambiguous","accepted_manual","karb1241"
"052002","Karbi","Karbi / Mikir",419512,67,"Karbi","mother_tongue","karb1241","Hills Karbi","sino1245","IN","mjw","alternate_name","elcat",TRUE,2,"exact_ambiguous","accepted_manual","karb1241"
"030053","Vasava","Bhili/Bhilodi",417665,32,"Vasava","mother_tongue","vasa1239","Vasavi","indo1319","IN","vas","alternate_name","multitree",TRUE,1,"exact_unique","unresolved",""
"001999","Others","Assamese",389749,132,"Assamese","canonical_language","assa1263","Assamese","indo1319","BD;BT;IN","asm","primary_name","glottolog",TRUE,1,"exact_unique","unresolved",""
"018009","Karmali","Santali",368853,51,"Karmali","mother_tongue","sant1410","Santali","aust1305","BD;BT;IN;NP","sat","primary_name","glottolog",TRUE,1,"exact_unique","accepted_deterministic","sant1410"
"069001","Koya","Koya",362070,55,"Koya","mother_tongue","koya1251","Koya","drav1251","IN","kff","primary_name","glottolog",TRUE,1,"exact_unique","accepted_deterministic","koya1251"
"030018","Gamti/Gavit","Bhili/Bhilodi",283697,28,"Gamti","mother_tongue_component","mawc1242","Mawchi","indo1319","IN","mke","primary_name","glottolog",TRUE,1,"exact_unique","accepted_deterministic","mawc1242"
"027001","Ao","Ao",257404,80,"Ao","mother_tongue","aona1235","Ao Naga","sino1245","IN","njo","alternate_name","lexvo",TRUE,1,"exact_unique","unresolved",""
"105002","Savara","Savara",252487,91,"Savara","mother_tongue","sora1254","Sora","aust1305","IN","srb","alternate_name","elcat",TRUE,1,"exact_unique","unresolved",""
"066001","Konyak","Konyak",248109,23,"Konyak","mother_tongue","kony1248","Konyak Naga","sino1245","IN;MM","nbe","alternate_name","elcat",TRUE,1,"exact_unique","unresolved",""
"055008","Pnar/Synteng","Khasi",243441,23,"Pnar","mother_tongue_component","pnar1238","Pnar","aust1305","BD;IN","pbv","primary_name","glottolog",TRUE,1,"exact_unique","accepted_deterministic","pnar1238"
"054004","Kharia","Kharia",237479,196,"Kharia","mother_tongue","khar1287","Kharia","aust1305","IN;NP","khr","primary_name","glottolog",TRUE,1,"exact_unique","accepted_deterministic","khar1287"
"013999","Others","Marathi",235416,359,"Marathi","canonical_language","mara1378","Marathi","indo1319","IN","mar","primary_name","glottolog",TRUE,1,"exact_unique","unresolved",""
"040001","English","English",226449,580,"English","mother_tongue","stan1293","English","indo1319","AU;BM;BR;BZ;CA;CC;CK;CU;CX;DO;FK;GB;GG;GI;GP;GS;GT;GY;HN;IE;IM;IO;JE;KY;LR;MX;NF;PN;SH;SR;UM;US;VE;ZA","eng","primary_name","glottolog",FALSE,1,"exact_unique","unresolved",""
"015006","Bhatri","Oriya",216940,21,"Bhatri","mother_tongue","bhat1265","Bhatri","indo1319","IN","bgw","primary_name","glottolog",TRUE,1,"exact_unique","accepted_deterministic","bhat1265"
"030010","Chodhari","Bhili/Bhilodi",209363,28,"Chodhari","mother_tongue","chod1238","Chodri","indo1319","IN","cdi","alternate_name","multitree",TRUE,1,"exact_unique","unresolved",""
"006224","Panch Pargania","Hindi",193769,50,"Hindi","canonical_language","hind1269","Hindi","indo1319","BD;BT;IN;NP","hin","primary_name","glottolog",TRUE,1,"exact_unique","unresolved",""
"030999","Others","Bhili/Bhilodi",191262,237,"Bhili","canonical_language_component","bhil1251","Bhili","indo1319","IN","bhb","primary_name","glottolog",TRUE,1,"exact_unique","unresolved",""
"113015","Thado","Thado",186471,74,"Thado","mother_tongue","thad1238","Thado Chin","sino1245","IN;MM","tcz","alternate_name","elcat",TRUE,1,"exact_unique","unresolved",""
"005036","Saurashtra/Saurashtri","Gujarati",185420,148,"Saurashtra","mother_tongue_component","saur1248","Saurashtra","indo1319","IN","saz","primary_name","glottolog",TRUE,1,"exact_unique","accepted_deterministic","saur1248"
"016004","Bilaspuri  Kahluri","Punjabi",179511,16,"Punjabi","canonical_language","panj1256","Eastern Panjabi","indo1319","BD;IN;PK","pan","alternate_name","lexvo",TRUE,1,"exact_unique","unresolved",""
"002007","Chakma","Bengali",176458,79,"Chakma","mother_tongue","chak1266","Chakma","indo1319","BD;IN","ccp","primary_name","glottolog",TRUE,1,"exact_unique","accepted_deterministic","chak1266"
"021037","Vadari","Telugu",171725,63,"Vadari","mother_tongue","telu1262","Telugu","drav1251","IN","tel","primary_name","glottolog",TRUE,1,"exact_unique","accepted_deterministic","telu1262"
"006160","Kulvi","Hindi",170770,27,"Kulvi","mother_tongue","kull1236","Kullu Pahari","indo1319","IN","kfx","alternate_name","multitree",TRUE,1,"exact_unique","unresolved",""
"081001","Lotha","Lotha",170001,58,"Lotha","mother_tongue","loth1237","Lotha Naga","sino1245","IN","njh","alternate_name","elcat",TRUE,1,"exact_unique","unresolved",""
"030013","Dhodia","Bhili/Bhilodi",169290,28,"Dhodia","mother_tongue","dhod1238","Dhodia-Kukna","indo1319","IN","dho","alternate_name","lexvo",TRUE,1,"exact_unique","unresolved",""
"037001","Coorgi/Kodagu","Coorgi/Kodagu",166187,118,"Kodagu","mother_tongue_component","koda1255","Kodava","drav1251","IN","kfa","alternate_name","elcat",TRUE,1,"exact_unique","accepted_manual","koda1255"
"101002","Rabha","Rabha",164266,69,"Rabha","mother_tongue","rabh1238","Rabha","sino1245","IN","rah","primary_name","glottolog",TRUE,1,"exact_unique","accepted_deterministic","rabh1238"
"006262","Sugali","Hindi",160736,32,"Sugali","mother_tongue","lamb1269","Lambadi","indo1319","IN","lmn","alternate_name","multitree",TRUE,1,"exact_unique","unresolved",""
"018999","Others","Santali",157068,192,"Santali","canonical_language","sant1410","Santali","aust1305","BD;BT;IN;NP","sat","primary_name","glottolog",TRUE,1,"exact_unique","unresolved",""
"030046","Pawri","Bhili/Bhilodi",154918,41,"Pawri","mother_tongue","rath1242","Rathwi Bareli","indo1319","IN","bgd","alternate_name","multitree",TRUE,1,"exact_unique","unresolved",""
"005999","Others","Gujarati",147129,373,"Gujarati","canonical_language","guja1252","Gujarati","indo1319","BD;IN;PK","guj","primary_name","glottolog",TRUE,1,"exact_unique","unresolved",""
"111005","Tangkhul","Tangkhul",142023,83,"Tangkhul","mother_tongue","tang1336","East-Central Tangkhul Naga","sino1245","IN;MM","nmf","alternate_name","elcat",TRUE,1,"exact_unique","unresolved",""
"083999","Others","Malto",141876,49,"Malto","canonical_language","kuma1274","Kumarbhag Paharia","drav1251","IN","kmj","alternate_name","elcat",TRUE,3,"exact_ambiguous","unresolved",""
"083999","Others","Malto",141876,49,"Malto","canonical_language","malp1246","Mar Paharia of Dumka","indo1319","IN","mkb","alternate_name","elcat",TRUE,3,"exact_ambiguous","unresolved",""
"083999","Others","Malto",141876,49,"Malto","canonical_language","saur1249","Sauria Paharia","drav1251","BD;IN","mjt","alternate_name","elcat",TRUE,3,"exact_ambiguous","unresolved",""
"060001","Kisan","Kisan",141088,46,"Kisan","mother_tongue","sadr1248","Sadri","indo1319","BD;IN","sck","primary_name","glottolog",TRUE,1,"exact_unique","accepted_deterministic","sadr1248"
"006174","Lodhi","Hindi",139321,40,"Lodhi","mother_tongue","lodh1246","Lodhi","indo1319","IN","lbm","primary_name","glottolog",TRUE,1,"exact_unique","accepted_deterministic","lodh1246"
"053004","Dangi","Khandeshi",138756,31,"Dangi","mother_tongue","braj1242","Braj","indo1319","IN","bra","primary_name","glottolog",TRUE,1,"exact_unique","accepted_deterministic","braj1242"
"007002","Badaga","Kannada",134514,70,"Badaga","mother_tongue","bada1257","Badaga","drav1251","IN","bfq","primary_name","glottolog",TRUE,1,"exact_unique","accepted_deterministic","bada1257"
"006064","Chambeali","Hindi",126589,33,"Chambeali","mother_tongue","cham1307","Chambeali","indo1319","IN","cdh","primary_name","glottolog",TRUE,1,"exact_unique","accepted_deterministic","cham1307"
"016999","Others","Punjabi",123251,429,"Punjabi","canonical_language","panj1256","Eastern Panjabi","indo1319","BD;IN;PK","pan","alternate_name","lexvo",TRUE,1,"exact_unique","unresolved",""
"099001","Phom","Phom",122508,21,"Phom","mother_tongue","phom1236","Phom Naga","sino1245","IN","nph","alternate_name","elcat",TRUE,1,"exact_unique","unresolved",""
"063001","Kolami","Kolami",121855,26,"Kolami","mother_tongue","nort2699","Northwestern Kolami","drav1251","IN","kfb","alternate_name","lexvo",TRUE,2,"exact_ambiguous","unresolved",""
"063001","Kolami","Kolami",121855,26,"Kolami","mother_tongue","sout1549","Southeastern Kolami","drav1251","IN","nit","alternate_name","elcat",TRUE,2,"exact_ambiguous","unresolved",""
"093007","Nissi","Nissi/Dafla",118111,44,NA,NA,NA,NA,NA,NA,NA,NA,NA,NA,0,"no_exact_match","unresolved",""
"058001","Khond/Kondh","Khond/Kondh",115330,45,"Khond","mother_tongue_component","kuii1252","Kui (India)","drav1251","IN","kxu","alternate_name","elcat",TRUE,1,"exact_unique","unresolved",""
"006127","Jaunsari","Hindi",114733,96,"Jaunsari","mother_tongue","jaun1243","Jaunsari","indo1319","IN","jns","primary_name","glottolog",TRUE,1,"exact_unique","accepted_deterministic","jaun1243"
"039002","Dimasa","Dimasa",110671,49,"Dimasa","mother_tongue","dima1251","Dimasa","sino1245","IN","dis","primary_name","glottolog",TRUE,1,"exact_unique","accepted_deterministic","dima1251"
"030027","Kokna/Kokni/Kukna","Bhili/Bhilodi",110602,140,"Bhili","canonical_language_component","bhil1251","Bhili","indo1319","IN","bhb","primary_name","glottolog",TRUE,1,"exact_unique","unresolved",""
"073002","Ladakhi","Ladakhi",104502,90,"Ladakhi","mother_tongue","chan1309","Changthang","sino1245","IN","cna","alternate_name","multitree",TRUE,2,"exact_ambiguous","unresolved",""
"073002","Ladakhi","Ladakhi",104502,90,"Ladakhi","mother_tongue","lada1244","Leh Ladakhi","sino1245","CN;IN","lbj","alternate_name","elcat",TRUE,2,"exact_ambiguous","unresolved",""
"106001","Sema","Sema",103529,73,"Sema","mother_tongue","sumi1235","Sumi Naga","sino1245","IN","nsm","alternate_name","elcat",TRUE,1,"exact_unique","unresolved",""
"030048","Rathi","Bhili/Bhilodi",101458,38,"Rathi","mother_tongue","garh1243","Garhwali","indo1319","CN;IN","gbm","primary_name","glottolog",TRUE,1,"exact_unique","accepted_deterministic","garh1243"
"030032","Mawchi","Bhili/Bhilodi",99474,35,"Mawchi","mother_tongue","mawc1242","Mawchi","indo1319","IN","mke","primary_name","glottolog",TRUE,1,"exact_unique","accepted_deterministic","mawc1242"
"030050","Tadavi","Bhili/Bhilodi",99348,59,"Tadavi","mother_tongue","dhan1264","Dhanki","indo1319","IN","dhn","alternate_name","multitree",TRUE,1,"exact_unique","unresolved",""
"023002","Adi","Adi",97012,115,"Adi","mother_tongue","bori1243","Bori-Karko","sino1245","BT;CN;IN","adi","alternate_name","elcat",TRUE,4,"exact_ambiguous","unresolved",""
"023002","Adi","Adi",97012,115,"Adi","mother_tongue","damu1236","Damu","sino1245","BT;CN;IN","","alternate_name","glottolog",TRUE,4,"exact_ambiguous","unresolved",""
"023002","Adi","Adi",97012,115,"Adi","mother_tongue","galo1242","Galo","sino1245","IN","adl","alternate_name","elcat",TRUE,4,"exact_ambiguous","unresolved",""
"023002","Adi","Adi",97012,115,"Adi","mother_tongue","kowi1239","Kowiai","aust1307","ID","kwh","alternate_name","elcat",FALSE,4,"exact_ambiguous","unresolved",""
"015039","Proja","Oriya",92774,60,"Oriya","canonical_language","adiv1239","Kotia-Adivasi Oriya-Desiya","indo1319","IN","ort","alternate_name","moseley & asher (1994)",TRUE,1,"exact_unique","unresolved",""
"044016","Maria","Gondi",88984,35,"Maria","mother_tongue","mari1438","Maria (Papua New Guinea)","manu1261","PG","mds","primary_name","glottolog",FALSE,1,"exact_unique","unresolved",""
"008009","Siraji","Kashmiri",87179,17,"Siraji","mother_tongue","kull1236","Kullu Pahari","indo1319","IN","kfx","alternate_name","multitree",TRUE,1,"exact_unique","unresolved",""
"104003","Sangtam","Sangtam",84171,28,"Sangtam","mother_tongue","sang1321","Sangtam Naga","sino1245","IN","nsa","alternate_name","elcat",TRUE,1,"exact_unique","unresolved",""
"035001","Chakru/Chokri","Chakru/Chokri",83560,32,"Chokri","mother_tongue_component","anga1288","Angami Naga","sino1245","IN","njm","alternate_name","multitree",TRUE,2,"exact_ambiguous","unresolved",""
"035001","Chakru/Chokri","Chakru/Chokri",83560,32,"Chakru","mother_tongue_component","chok1243","Chokri Naga","sino1245","IN","nri","alternate_name","elcat",TRUE,2,"exact_ambiguous","unresolved",""
"047001","Hmar","Hmar",83404,60,"Hmar","mother_tongue","hmar1241","Hmar","sino1245","IN","hmr","primary_name","glottolog",TRUE,1,"exact_unique","accepted_deterministic","hmar1241"
"083002","Pahariya","Malto",83050,33,"Pahariya","mother_tongue","kuma1274","Kumarbhag Paharia","drav1251","IN","kmj","alternate_name","elcat",TRUE,1,"exact_unique","unresolved",""
"002023","Rajbangsi","Bengali",82570,60,"Rajbangsi","mother_tongue","rajb1243","Rajbanshi","indo1319","IN;NP","rjs","alternate_name","multitree",TRUE,2,"exact_ambiguous","unresolved",""
"002023","Rajbangsi","Bengali",82570,60,"Rajbangsi","mother_tongue","rang1265","Central-Eastern Kamta","indo1319","BD;IN","rkt","alternate_name","multitree",TRUE,2,"exact_ambiguous","unresolved",""
"026999","Others","Angami",82540,21,"Angami","canonical_language","anga1288","Angami Naga","sino1245","IN","njm","alternate_name","lexvo",TRUE,2,"exact_ambiguous","unresolved",""
"026999","Others","Angami",82540,21,"Angami","canonical_language","chok1243","Chokri Naga","sino1245","IN","nri","alternate_name","elcat",TRUE,2,"exact_ambiguous","unresolved",""
"114008","Tibetan","Tibetan",77305,161,"Tibetan","mother_tongue","tibe1272","Tibetan","sino1245","BT;CN;IN;NP","bod","primary_name","glottolog",TRUE,1,"exact_unique","accepted_deterministic","tibe1272"
"115005","Reang","Tripuri",76450,34,"Reang","mother_tongue","rian1262","Riang (India)","sino1245","BD;IN","ria","alternate_name","elcat",TRUE,1,"exact_unique","unresolved",""
"033001","Bishnupriya Manipuri/Manipuri Bishnupriya","Bishnupuriya",72899,65,"Bishnupriya Manipuri","mother_tongue_component","bish1244","Bishnupriya Manipuri","indo1319","BD;IN;MM","bpy","primary_name","glottolog",TRUE,1,"exact_unique","accepted_deterministic","bish1244"
"119004","Yimchungre","Yimchungre",72030,14,"Yimchungre","mother_tongue","yimc1240","Yimchungru Naga","sino1245","IN","yim","alternate_name","elcat",TRUE,1,"exact_unique","unresolved",""
"020022","Yerukala/Yerukula","Tamil",69533,30,"Yerukula","mother_tongue_component","yeru1240","Yerukula","drav1251","IN","yeu","primary_name","glottolog",TRUE,1,"exact_unique","accepted_deterministic","yeru1240"
"031001","Bhotia","Bhotia",68800,125,"Bhotia","mother_tongue","byan1241","Byangsi","sino1245","IN;NP","bee","alternate_name","elcat",TRUE,5,"exact_ambiguous","unresolved",""
"031001","Bhotia","Bhotia",68800,125,"Bhotia","mother_tongue","jadd1243","Jad","sino1245","IN;PK","jda","alternate_name","elcat",TRUE,5,"exact_ambiguous","unresolved",""
"031001","Bhotia","Bhotia",68800,125,"Bhotia","mother_tongue","sikk1242","Sikkimese","sino1245","IN","sip","alternate_name","ruhlen (1987)",TRUE,5,"exact_ambiguous","unresolved",""
"031001","Bhotia","Bhotia",68800,125,"Bhotia","mother_tongue","tibe1272","Tibetan","sino1245","BT;CN;IN;NP","bod","alternate_name","multitree",TRUE,5,"exact_ambiguous","unresolved",""
"031001","Bhotia","Bhotia",68800,125,"Bhotia","mother_tongue","west2415","Western Tamang","sino1245","CN;NP","tdg","alternate_name","multitree",FALSE,5,"exact_ambiguous","unresolved",""
"006172","Laria","Hindi",67697,30,"Laria","mother_tongue","chha1249","Chhattisgarhi","indo1319","IN","hne","alternate_name","multitree",TRUE,1,"exact_unique","unresolved",""
"006038","Bhadrawahi","Hindi",66918,52,"Bhadrawahi","mother_tongue","bhad1241","Bhadrawahi","indo1319","IN;PK","bhd","primary_name","glottolog",TRUE,1,"exact_unique","accepted_deterministic","bhad1241"
"006042","Bharmauri/Gaddi","Hindi",66246,35,"Bharmauri","mother_tongue_component","gadd1242","Gaddi","indo1319","IN","gbk","primary_name","glottolog",TRUE,1,"exact_unique","accepted_deterministic","gadd1242"
"059003","Kinnauri","Kinnauri",64817,47,"Kinnauri","mother_tongue","kinn1249","Kinnauri","sino1245","CN;IN","kfk","primary_name","glottolog",TRUE,1,"exact_unique","accepted_deterministic","kinn1249"
"095002","Paite","Paite",64065,100,"Paite","mother_tongue","pait1244","Paite Chin","sino1245","IN;MM","pck","alternate_name","elcat",TRUE,1,"exact_unique","unresolved",""
"002009","Haijong/Hajong","Bengali",63188,58,"Hajong","mother_tongue_component","hajo1238","Hajong","indo1319","BD;IN","haj","primary_name","glottolog",TRUE,1,"exact_unique","accepted_deterministic","hajo1238"
"036001","Chang","Chang",62408,22,"Chang","mother_tongue","kuyy1240","Kuy","aust1305","KH;LA;TH","kdt","primary_name","glottolog",FALSE,1,"exact_unique","unresolved",""
"023005","Adi Gallong/Gallong","Adi",61887,34,"Gallong","mother_tongue_component","damu1236","Damu","sino1245","BT;CN;IN","","alternate_name","multitree",TRUE,2,"exact_ambiguous","unresolved",""
"023005","Adi Gallong/Gallong","Adi",61887,34,"Adi Gallong","mother_tongue_component","galo1242","Galo","sino1245","IN","adl","alternate_name","elcat",TRUE,2,"exact_ambiguous","unresolved",""
"120001","Zeliang","Zeliang",61547,25,NA,NA,NA,NA,NA,NA,NA,NA,NA,NA,0,"no_exact_match","unresolved",""
"103001","Rengma","Rengma",61345,34,"Rengma","mother_tongue","nort2725","Northern Rengma Naga","sino1245","IN","nnl","alternate_name","elcat",TRUE,2,"exact_ambiguous","unresolved",""
"103001","Rengma","Rengma",61345,34,"Rengma","mother_tongue","sout2732","Southern Rengma Naga","sino1245","IN","nre","alternate_name","multitree",TRUE,2,"exact_ambiguous","unresolved",""
"006074","Churahi","Hindi",61199,22,"Churahi","mother_tongue","chur1258","Churahi","indo1319","IN","cdj","primary_name","glottolog",TRUE,1,"exact_unique","accepted_deterministic","chur1258"
"051004","Rongmei","Kabui",61197,51,"Rongmei","mother_tongue","rong1266","Rongmei Naga","sino1245","IN","nbu","alternate_name","elcat",TRUE,1,"exact_unique","unresolved",""
"006260","Sondwari","Hindi",59221,13,"Hindi","canonical_language","hind1269","Hindi","indo1319","BD;BT;IN;NP","hin","primary_name","glottolog",TRUE,1,"exact_unique","unresolved",""
"015999","Others","Oriya",56482,272,"Oriya","canonical_language","adiv1239","Kotia-Adivasi Oriya-Desiya","indo1319","IN","ort","alternate_name","moseley & asher (1994)",TRUE,1,"exact_unique","unresolved",""
"075012","Multani","Lahnda",56096,115,"Multani","mother_tongue","sera1259","Saraiki","indo1319","IN;PK","skr","primary_name","glottolog",TRUE,1,"exact_unique","accepted_deterministic","sera1259"
"028001","Arabic/Arbi","Arabic/Arbi",51715,469,"Arabic","mother_tongue_component","alge1239","Algerian Arabic","afro1255","DZ;MA;TN","arq","alternate_name","multitree",FALSE,31,"exact_ambiguous","unresolved",""
"028001","Arabic/Arbi","Arabic/Arbi",51715,469,"Arabic","mother_tongue_component","alge1240","Algerian Saharan Arabic","afro1255","DZ;EH;LY;MA;NE","aao","alternate_name","multitree",FALSE,31,"exact_ambiguous","unresolved",""
"028001","Arabic/Arbi","Arabic/Arbi",51715,469,"Arabic","mother_tongue_component","baha1259","Baharna Arabic","afro1255","BH;OM","abv","alternate_name","multitree",FALSE,31,"exact_ambiguous","unresolved",""
"028001","Arabic/Arbi","Arabic/Arbi",51715,469,"Arabic","mother_tongue_component","chad1249","Chadian Arabic","afro1255","CM;NE;NG;TD","shu","alternate_name","multitree",FALSE,31,"exact_ambiguous","unresolved",""
"028001","Arabic/Arbi","Arabic/Arbi",51715,469,"Arabic","mother_tongue_component","cypr1248","Cypriot Arabic","afro1255","CY","acy","alternate_name","elcat",FALSE,31,"exact_ambiguous","unresolved",""
"028001","Arabic/Arbi","Arabic/Arbi",51715,469,"Arabic","mother_tongue_component","dhof1235","Dhofari Arabic","afro1255","OM","adf","alternate_name","multitree",FALSE,31,"exact_ambiguous","unresolved",""
"028001","Arabic/Arbi","Arabic/Arbi",51715,469,"Arabic","mother_tongue_component","east2690","Eastern Egyptian Bedawi Arabic","afro1255","EG;IL;JO;PS;SA","avl","alternate_name","multitree",FALSE,31,"exact_ambiguous","unresolved",""
"028001","Arabic/Arbi","Arabic/Arbi",51715,469,"Arabic","mother_tongue_component","egyp1253","Egyptian Arabic","afro1255","EG;IL;LY","arz","alternate_name","multitree",FALSE,31,"exact_ambiguous","unresolved",""
"028001","Arabic/Arbi","Arabic/Arbi",51715,469,"Arabic","mother_tongue_component","gulf1241","Gulf Arabic","afro1255","AE;BH;IQ;IR;KW;OM;QA;SA;YE","afb","alternate_name","multitree",FALSE,31,"exact_ambiguous","unresolved",""
"028001","Arabic/Arbi","Arabic/Arbi",51715,469,"Arabic","mother_tongue_component","hadr1236","Hadrami Arabic","afro1255","SA;YE","ayh","alternate_name","multitree",FALSE,31,"exact_ambiguous","unresolved",""
"028001","Arabic/Arbi","Arabic/Arbi",51715,469,"Arabic","mother_tongue_component","hass1238","Hassaniyya","afro1255","DZ;EH;MA;ML;MR;NE;SN","mey","alternate_name","multitree",FALSE,31,"exact_ambiguous","unresolved",""
"028001","Arabic/Arbi","Arabic/Arbi",51715,469,"Arabic","mother_tongue_component","hija1235","Hijazi Arabic","afro1255","SA;YE","acw","alternate_name","multitree",FALSE,31,"exact_ambiguous","unresolved",""
"028001","Arabic/Arbi","Arabic/Arbi",51715,469,"Arabic","mother_tongue_component","jude1264","Judeo-Tripolitanian Arabic","afro1255","IL;IT;LY","yud","alternate_name","multitree",FALSE,31,"exact_ambiguous","unresolved",""
"028001","Arabic/Arbi","Arabic/Arbi",51715,469,"Arabic","mother_tongue_component","jude1267","Judeo-Yemeni Arabic","afro1255","IL;YE","jye","alternate_name","multitree",FALSE,31,"exact_ambiguous","unresolved",""
"028001","Arabic/Arbi","Arabic/Arbi",51715,469,"Arabic","mother_tongue_component","liby1240","Libyan Arabic","afro1255","EG;LY;NE","ayl","alternate_name","multitree",FALSE,31,"exact_ambiguous","unresolved",""
"028001","Arabic/Arbi","Arabic/Arbi",51715,469,"Arabic","mother_tongue_component","malt1254","Maltese","afro1255","MT","mlt","alternate_name","multitree",FALSE,31,"exact_ambiguous","unresolved",""
"028001","Arabic/Arbi","Arabic/Arbi",51715,469,"Arabic","mother_tongue_component","meso1252","Gilit Mesopotamian Arabic","afro1255","IQ;IR;JO;SY;TR","acm","alternate_name","multitree",FALSE,31,"exact_ambiguous","unresolved",""
"028001","Arabic/Arbi","Arabic/Arbi",51715,469,"Arabic","mother_tongue_component","moro1292","Moroccan Arabic","afro1255","DZ;EH;MA","ary","alternate_name","multitree",FALSE,31,"exact_ambiguous","unresolved",""
"028001","Arabic/Arbi","Arabic/Arbi",51715,469,"Arabic","mother_tongue_component","najd1235","Najdi Arabic","afro1255","AE;IL;IQ;JO;KW;LB;SA;SY;TR;YE","ars","alternate_name","multitree",FALSE,31,"exact_ambiguous","unresolved",""
"028001","Arabic/Arbi","Arabic/Arbi",51715,469,"Arabic","mother_tongue_component","nort3139","Levantine Arabic","afro1255","IL;LB;SY;TR","apc","alternate_name","multitree",FALSE,31,"exact_ambiguous","unresolved",""
"028001","Arabic/Arbi","Arabic/Arbi",51715,469,"Arabic","mother_tongue_component","nort3142","North Mesopotamian Arabic","afro1255","IQ;JO;SY;TR","ayp","alternate_name","multitree",FALSE,31,"exact_ambiguous","unresolved",""
"028001","Arabic/Arbi","Arabic/Arbi",51715,469,"Arabic","mother_tongue_component","oman1239","Omani Arabic","afro1255","AE;OM","acx","alternate_name","multitree",FALSE,31,"exact_ambiguous","unresolved",""
"028001","Arabic/Arbi","Arabic/Arbi",51715,469,"Arabic","mother_tongue_component","said1239","Saidi Arabic","afro1255","EG;SD","aec","alternate_name","multitree",FALSE,31,"exact_ambiguous","unresolved",""
"028001","Arabic/Arbi","Arabic/Arbi",51715,469,"Arabic","mother_tongue_component","sana1295","Sanaani Arabic","afro1255","SA;YE","ayn","alternate_name","multitree",FALSE,31,"exact_ambiguous","unresolved",""
"028001","Arabic/Arbi","Arabic/Arbi",51715,469,"Arabic","mother_tongue_component","shih1239","Ru'us al-Jibal","afro1255","AE;OM","ssh","alternate_name","multitree",FALSE,31,"exact_ambiguous","unresolved",""
"028001","Arabic/Arbi","Arabic/Arbi",51715,469,"Arabic","mother_tongue_component","stan1318","Standard Arabic","afro1255","AE;BH;DJ;DZ;EG;ER;IL;IQ;JO;KM;KW;LB;LY;MA;OM;PS;QA;SA;SD;SO;SY;TD;TN;TZ;YE","arb","alternate_name","multitree",FALSE,31,"exact_ambiguous","unresolved",""
"028001","Arabic/Arbi","Arabic/Arbi",51715,469,"Arabic","mother_tongue_component","suda1236","Sudanese Arabic","afro1255","CF;EG;ER;ET;LY;SD;TD","apd","alternate_name","multitree",FALSE,31,"exact_ambiguous","unresolved",""
"028001","Arabic/Arbi","Arabic/Arbi",51715,469,"Arabic","mother_tongue_component","taiz1242","Ta'izzi-Adeni Arabic","afro1255","ER;SA;YE","acq","alternate_name","multitree",FALSE,31,"exact_ambiguous","unresolved",""
"028001","Arabic/Arbi","Arabic/Arbi",51715,469,"Arabic","mother_tongue_component","taji1248","Tajiki Arabic","afro1255","AF;TJ;UZ","abh","alternate_name","elcat",FALSE,31,"exact_ambiguous","unresolved",""
"028001","Arabic/Arbi","Arabic/Arbi",51715,469,"Arabic","mother_tongue_component","tuni1259","Tunisian Arabic","afro1255","DZ;LY;TN","aeb","alternate_name","elcat",FALSE,31,"exact_ambiguous","unresolved",""
"028001","Arabic/Arbi","Arabic/Arbi",51715,469,"Arabic","mother_tongue_component","uzbe1248","Qashqa-Darya Arabic","afro1255","UZ","auz","alternate_name","multitree",FALSE,31,"exact_ambiguous","unresolved",""
"030019","Garasia","Bhili/Bhilodi",51183,23,"Bhili","canonical_language_component","bhil1251","Bhili","indo1319","IN","bhb","primary_name","glottolog",TRUE,1,"exact_unique","unresolved",""
"089003","Monpa","Monpa",51035,47,"Monpa","mother_tongue","chug1252","Duhumbi","sino1245","IN","cvg","alternate_name","multitree",TRUE,7,"exact_ambiguous","unresolved",""
"089003","Monpa","Monpa",51035,47,"Monpa","mother_tongue","kala1376","Kalaktang Monpa","sino1245","BT;IN","kkf","alternate_name","multitree",TRUE,7,"exact_ambiguous","unresolved",""
"089003","Monpa","Monpa",51035,47,"Monpa","mother_tongue","limb1266","Limbu","sino1245","IN;NP","lif","alternate_name","elcat",TRUE,7,"exact_ambiguous","unresolved",""
"089003","Monpa","Monpa",51035,47,"Monpa","mother_tongue","lish1235","Khispi","sino1245","IN","lsh","alternate_name","multitree",TRUE,7,"exact_ambiguous","unresolved",""
"089003","Monpa","Monpa",51035,47,"Monpa","mother_tongue","olek1239","Olekha","sino1245","BT","ole","alternate_name","elcat",FALSE,7,"exact_ambiguous","unresolved",""
"089003","Monpa","Monpa",51035,47,"Monpa","mother_tongue","sart1249","Sartang","sino1245","IN","onp","alternate_name","multitree",TRUE,7,"exact_ambiguous","unresolved",""
"089003","Monpa","Monpa",51035,47,"Monpa","mother_tongue","tsha1245","Tshangla","sino1245","BT;CN;IN","tsj","alternate_name","moseley & asher (1994)",TRUE,7,"exact_ambiguous","unresolved",""
"078001","Lepcha","Lepcha",50629,58,"Lepcha","mother_tongue","lepc1244","Lepcha","sino1245","BT;IN;NP","lep","primary_name","glottolog",TRUE,1,"exact_unique","accepted_deterministic","lepc1244"
"026002","Angami","Angami",49685,73,"Angami","mother_tongue","anga1288","Angami Naga","sino1245","IN","njm","alternate_name","lexvo",TRUE,2,"exact_ambiguous","unresolved",""
"026002","Angami","Angami",49685,73,"Angami","mother_tongue","chok1243","Chokri Naga","sino1245","IN","nri","alternate_name","elcat",TRUE,2,"exact_ambiguous","unresolved",""
"030044","Paradhi","Bhili/Bhilodi",49290,66,"Bhili","canonical_language_component","bhil1251","Bhili","indo1319","IN","bhb","primary_name","glottolog",TRUE,1,"exact_unique","unresolved",""
"118001","Wancho","Wancho",49072,40,"Wancho","mother_tongue","wanc1238","Wancho Naga","sino1245","IN","nnp","alternate_name","elcat",TRUE,1,"exact_unique","unresolved",""
"053005","Gujari","Khandeshi",48747,127,"Gujari","mother_tongue","guja1253","Gujari","indo1319","AF;IN;PK","gju","primary_name","glottolog",TRUE,1,"exact_unique","accepted_deterministic","guja1253"
"071007","Kuki","Kuki",47856,132,"Kuki","mother_tongue","cind1241","Yara","atla1278","NG","cdr","alternate_name","multitree",FALSE,2,"exact_ambiguous","unresolved",""
"071007","Kuki","Kuki",47856,132,"Kuki","mother_tongue","thad1238","Thado Chin","sino1245","IN;MM","tcz","alternate_name","elcat",TRUE,2,"exact_ambiguous","unresolved",""
"006148","Khari Boli","Hindi",47730,204,"Khari Boli","mother_tongue","hind1269","Hindi","indo1319","BD;BT;IN;NP","hin","primary_name","glottolog",TRUE,1,"exact_unique","accepted_deterministic","hind1269"
"009013","Malwani","Konkani",46851,62,"Konkani","canonical_language","goan1235","Goan Konkani","indo1319","IN","gom","alternate_name","lexvo",TRUE,2,"exact_ambiguous","unresolved",""
"009013","Malwani","Konkani",46851,62,"Konkani","canonical_language","konk1267","Konkan Marathi","indo1319","IN","knn","alternate_name","lexvo",TRUE,2,"exact_ambiguous","unresolved",""
"065002","Kodu","Konda",45428,16,"Kodu","mother_tongue","koho1244","Koho","aust1305","VN","kpm","primary_name","glottolog",FALSE,1,"exact_unique","unresolved",""
"096001","Dhurwa","Parji",45310,12,"Dhurwa","mother_tongue","duru1236","Duruwa","drav1251","IN","pci","alternate_name","elcat",TRUE,1,"exact_unique","unresolved",""
"020999","Others","Tamil",44774,243,"Tamil","canonical_language","tami1289","Tamil","drav1251","IN;LK","tam","primary_name","glottolog",TRUE,1,"exact_unique","unresolved",""
"008999","Others","Kashmiri",44741,55,"Kashmiri","canonical_language","kash1277","Kashmiri","indo1319","IN;PK","kas","primary_name","glottolog",TRUE,1,"exact_unique","unresolved",""
"005012","Gujrao/Gujrau","Gujarati",43414,51,"Gujarati","canonical_language","guja1252","Gujarati","indo1319","BD;IN;PK","guj","primary_name","glottolog",TRUE,1,"exact_unique","unresolved",""
"117001","Vaiphei","Vaiphei",39673,54,"Vaiphei","mother_tongue","vaip1239","Vaiphei","sino1245","IN","vap","primary_name","glottolog",TRUE,1,"exact_unique","accepted_deterministic","vaip1239"
"056001","Khezha","Khezha",39436,15,"Khezha","mother_tongue","khez1235","Khezha Naga","sino1245","IN","nkh","alternate_name","elcat",TRUE,1,"exact_unique","unresolved",""
"049002","Jatapu","Jatapu",39319,10,"Jatapu","mother_tongue","kuvi1243","Kuvi","drav1251","IN","kxv","alternate_name","elcat",TRUE,1,"exact_unique","unresolved",""
"044999","Others","Gondi",38411,247,"Gondi","canonical_language","nort2702","Northern Gondi","drav1251","IN","gno","alternate_name","multitree",TRUE,1,"exact_unique","unresolved",""
"093008","Tagin","Nissi/Dafla",38244,35,"Tagin","mother_tongue","tagi1241","Tagin","sino1245","IN","tgj","primary_name","glottolog",TRUE,1,"exact_unique","accepted_deterministic","tagi1241"
"057001","Khiemnungan","Khiemnungan",37755,10,"Khiemnungan","mother_tongue","khia1236","Khiamniungan Naga","sino1245","IN;MM","kix","alternate_name","elcat",TRUE,1,"exact_unique","unresolved",""
"044002","Dorli","Gondi",37731,16,"Dorli","mother_tongue","koya1251","Koya","drav1251","IN","kff","primary_name","glottolog",TRUE,1,"exact_unique","accepted_deterministic","koya1251"
"084001","Maram","Maram",37340,34,"Maram","mother_tongue","mara1379","Maram Naga","sino1245","IN","nma","alternate_name","elcat",TRUE,2,"exact_ambiguous","unresolved",""
"084001","Maram","Maram",37340,34,"Maram","mother_tongue","mara1382","Mara","sino1245","IN;MM","mrh","alternate_name","elcat",TRUE,2,"exact_ambiguous","unresolved",""
"062003","Koda/Kora","Koda/Kora",36528,88,"Koda","mother_tongue_component","koda1236","Koda","aust1305","BD;IN","cdz","primary_name","glottolog",TRUE,2,"exact_ambiguous","unresolved",""
"062003","Koda/Kora","Koda/Kora",36528,88,"Kora","mother_tongue_component","kora1292","Korana","khoe1240","ZA","kqz","primary_name","glottolog",FALSE,2,"exact_ambiguous","unresolved",""
"076001","Lakher","Lakher",34751,13,"Lakher","mother_tongue","mara1382","Mara","sino1245","IN;MM","mrh","alternate_name","elcat",TRUE,1,"exact_unique","unresolved",""
"108005","Shina","Shina",34251,20,"Shina","mother_tongue","shin1264","Shina","indo1319","IN;PK","scl","primary_name","glottolog",TRUE,1,"exact_unique","accepted_deterministic","shin1264"
"121002","Zemi","Zemi",34102,18,"Zemi","mother_tongue","zeme1240","Zeme Naga","sino1245","IN","nzm","alternate_name","elcat",TRUE,1,"exact_unique","unresolved",""
"079002","Liangmei","Liangmei",34077,22,"Liangmei","mother_tongue","koir1240","Koireng","sino1245","IN","nkd","alternate_name","elcat",TRUE,2,"exact_ambiguous","unresolved",""
"079002","Liangmei","Liangmei",34077,22,"Liangmei","mother_tongue","lian1251","Liangmai Naga","sino1245","IN","njn","alternate_name","elcat",TRUE,2,"exact_ambiguous","unresolved",""
"008004","Kishtwari","Kashmiri",33429,23,"Kishtwari","mother_tongue","kash1277","Kashmiri","indo1319","IN;PK","kas","primary_name","glottolog",TRUE,1,"exact_unique","accepted_deterministic","kash1277"
"007999","Others","Kannada",32652,272,"Kannada","canonical_language","nucl1305","Kannada","drav1251","IN","kan","primary_name","glottolog",TRUE,1,"exact_unique","unresolved",""
"011999","Others","Malayalam",31329,350,"Malayalam","canonical_language","mala1464","Malayalam","drav1251","IN","mal","primary_name","glottolog",TRUE,1,"exact_unique","unresolved",""
"006259","Sirmauri","Hindi",31144,20,"Sirmauri","mother_tongue","sirm1239","Sirmauri","indo1319","IN","srx","primary_name","glottolog",TRUE,1,"exact_unique","accepted_deterministic","sirm1239"
"032002","Bhumij","Bhumij",30719,43,"Bhumij","mother_tongue","mund1320","Mundari","aust1305","BD;IN;NP","unr","primary_name","glottolog",TRUE,1,"exact_unique","accepted_deterministic","mund1320"
"088002","Mogh","Mogh",30559,45,"Mogh","mother_tongue","rakh1245","Rakhine","sino1245","BD;MM","rki","alternate_name","multitree",FALSE,1,"exact_unique","unresolved",""
"090999","Others","Munda",29817,240,"Munda","canonical_language","mund1320","Mundari","aust1305","BD;IN;NP","unr","alternate_name","multitree",TRUE,1,"exact_unique","unresolved",""
"067004","Muwasi","Korku",29288,8,"Muwasi","mother_tongue","kork1243","Korku","aust1305","IN","kfq","alternate_name","elcat",TRUE,1,"exact_unique","unresolved",""
"051003","Kabui","Kabui",29175,48,"Kabui","mother_tongue","rong1266","Rongmei Naga","sino1245","IN","nbu","alternate_name","elcat",TRUE,1,"exact_unique","unresolved",""
"092001","Nicobarese","Nicobarese",28784,35,"Nicobarese","mother_tongue","carn1240","Car Nicobarese","aust1305","IN","caq","alternate_name","elcat",TRUE,3,"exact_ambiguous","unresolved",""
"092001","Nicobarese","Nicobarese",28784,35,"Nicobarese","mother_tongue","cent1990","Central Nicobarese","aust1305","IN","ncb","alternate_name","elcat",TRUE,3,"exact_ambiguous","unresolved",""
"092001","Nicobarese","Nicobarese",28784,35,"Nicobarese","mother_tongue","sout2689","Southern Nicobarese","aust1305","IN","nik","alternate_name","elcat",TRUE,3,"exact_ambiguous","unresolved",""
"061002","Koch","Koch",28578,49,"Koch","mother_tongue","koch1250","Koch","sino1245","BD;IN","kdq","primary_name","glottolog",TRUE,1,"exact_unique","accepted_deterministic","koch1250"
"093001","Apatani","Nissi/Dafla",28422,57,"Apatani","mother_tongue","apat1240","Apatani","sino1245","IN","apt","primary_name","glottolog",TRUE,1,"exact_unique","accepted_deterministic","apat1240"
"080002","Limbu","Limbu",28127,33,"Limbu","mother_tongue","limb1266","Limbu","sino1245","IN;NP","lif","primary_name","glottolog",TRUE,1,"exact_unique","accepted_deterministic","limb1266"
"038001","Deori","Deori",27960,56,"Deori","mother_tongue","deor1238","Deori","sino1245","IN","der","primary_name","glottolog",TRUE,1,"exact_unique","accepted_deterministic","deor1238"
"068003","Koraku","Korwa",27942,33,"Koraku","mother_tongue","koda1254","Kodaku","aust1305","IN","ksz","alternate_name","multitree",TRUE,2,"exact_ambiguous","unresolved",""
"068003","Koraku","Korwa",27942,33,"Koraku","mother_tongue","kork1243","Korku","aust1305","IN","kfq","alternate_name","multitree",TRUE,2,"exact_ambiguous","unresolved",""
"094003","Nocte","Nocte",27749,41,"Nocte","mother_tongue","noct1238","Nocte Naga","sino1245","IN","njb","alternate_name","elcat",TRUE,1,"exact_unique","unresolved",""
"112999","Others","Tangsa",27482,43,"Tangsa","canonical_language","tase1235","Pangwa Naga","sino1245","IN;MM","nst","alternate_name","moseley & asher (1994)",TRUE,1,"exact_unique","unresolved",""
"030002","Baori","Bhili/Bhilodi",27242,29,"Baori","mother_tongue","baur1251","Bauria","indo1319","IN","bge","alternate_name","multitree",TRUE,1,"exact_unique","unresolved",""
"077001","Lalung","Lalung",27072,29,"Lalung","mother_tongue","tiwa1253","Tiwa (India)","sino1245","IN","lax","alternate_name","elcat",TRUE,1,"exact_unique","unresolved",""
"044012","Kalari","Gondi",26797,25,"Kalari","mother_tongue","wila1240","Wilawila","worr1236","AU","wil","alternate_name","aiatsis",FALSE,1,"exact_unique","unresolved",""
"041001","Gadaba","Gadaba",26082,35,"Gadaba","mother_tongue","bodo1267","Bodo Gadaba","aust1305","IN","gbj","alternate_name","elcat",TRUE,4,"exact_ambiguous","unresolved",""
"041001","Gadaba","Gadaba",26082,35,"Gadaba","mother_tongue","mudh1235","Mudhili Gadaba","drav1251","IN","gau","alternate_name","elcat",TRUE,4,"exact_ambiguous","unresolved",""
"041001","Gadaba","Gadaba",26082,35,"Gadaba","mother_tongue","pare1266","Gorum-Parenga","aust1305","IN","pcj","alternate_name","elcat",TRUE,4,"exact_ambiguous","unresolved",""
"041001","Gadaba","Gadaba",26082,35,"Gadaba","mother_tongue","pott1240","Pottangi Ollar Gadaba","drav1251","IN","gdb","alternate_name","elcat",TRUE,4,"exact_ambiguous","unresolved",""
"055009","War","Khasi",25886,11,"War","mother_tongue","meos1237","Meoswar","aust1307","ID","mvx","alternate_name","elcat",FALSE,2,"exact_ambiguous","unresolved",""
"055009","War","Khasi",25886,11,"War","mother_tongue","warj1242","War-Jaintia","aust1305","BD;IN","aml","alternate_name","lexvo",TRUE,2,"exact_ambiguous","unresolved",""
"097001","Pawi","Pawi",24965,21,"Pawi","mother_tongue","haka1240","Haka Chin","sino1245","BD;IN;MM","cnh","alternate_name","elcat",TRUE,1,"exact_unique","unresolved",""
"046999","Others","Halam",23959,61,"Halam","canonical_language","rang1267","Halam","sino1245","IN","rnl","primary_name","glottolog",TRUE,1,"exact_unique","unresolved",""
"050001","Juang","Juang",23708,10,"Juang","mother_tongue","juan1238","Juang","aust1305","IN","jun","primary_name","glottolog",TRUE,1,"exact_unique","accepted_deterministic","juan1238"
"020007","Kaikadi","Tamil",23694,57,"Kaikadi","mother_tongue","kaik1244","Kaikadi","drav1251","IN","kep","primary_name","glottolog",TRUE,1,"exact_unique","accepted_deterministic","kaik1244"
"085001","Maring","Maring",22326,27,"Maring","mother_tongue","mari1435","Maring","nucl1709","PG","mbw","primary_name","glottolog",FALSE,1,"exact_unique","unresolved",""
"023999","Others","Adi",22289,131,"Adi","canonical_language","bori1243","Bori-Karko","sino1245","BT;CN;IN","adi","alternate_name","elcat",TRUE,4,"exact_ambiguous","unresolved",""
"023999","Others","Adi",22289,131,"Adi","canonical_language","damu1236","Damu","sino1245","BT;CN;IN","","alternate_name","glottolog",TRUE,4,"exact_ambiguous","unresolved",""
"023999","Others","Adi",22289,131,"Adi","canonical_language","galo1242","Galo","sino1245","IN","adl","alternate_name","elcat",TRUE,4,"exact_ambiguous","unresolved",""
"023999","Others","Adi",22289,131,"Adi","canonical_language","kowi1239","Kowiai","aust1307","ID","kwh","alternate_name","elcat",FALSE,4,"exact_ambiguous","unresolved",""
"006167","Labani","Hindi",22162,101,"Hindi","canonical_language","hind1269","Hindi","indo1319","BD;BT;IN;NP","hin","primary_name","glottolog",TRUE,1,"exact_unique","unresolved",""
"015040","Relli","Oriya",21965,20,"Relli","mother_tongue","reli1238","Reli","indo1319","IN","rei","alternate_name","multitree",TRUE,1,"exact_unique","unresolved",""
"025001","Anal","Anal",21420,89,"Anal","mother_tongue","anal1239","Anal","sino1245","IN;MM","anm","primary_name","glottolog",TRUE,1,"exact_unique","accepted_deterministic","anal1239"
"122001","Zou","Zou",20857,37,"Zou","mother_tongue","zouu1235","Zou","sino1245","IN;MM","zom","primary_name","glottolog",TRUE,1,"exact_unique","accepted_deterministic","zouu1235"
"074002","Lahauli","Lahauli",20138,21,"Lahauli","mother_tongue","tina1246","Tinani","sino1245","CN;IN","lbf","alternate_name","elcat",TRUE,1,"exact_unique","unresolved",""
"029002","Balti","Balti",20051,17,"Balti","mother_tongue","balt1258","Balti","sino1245","IN;PK","bft","primary_name","glottolog",TRUE,1,"exact_unique","accepted_deterministic","balt1258"
"075015","Punchhi","Lahnda",19871,59,"Punchhi","mother_tongue","paha1251","Pahari Potwari","indo1319","IN;PK","phr","primary_name","glottolog",TRUE,1,"exact_unique","accepted_deterministic","paha1251"
"003999","Others","Bodo",19703,115,"Bodo","canonical_language","bodo1267","Bodo Gadaba","aust1305","IN","gbj","alternate_name","elcat",TRUE,6,"exact_ambiguous","unresolved",""
"003999","Others","Bodo",19703,115,"Bodo","canonical_language","bodo1269","Bodo-Mech","sino1245","IN;NP","brx","alternate_name","lexvo",TRUE,6,"exact_ambiguous","unresolved",""
"003999","Others","Bodo",19703,115,"Bodo","canonical_language","bodo1272","Bodo (Central African Republic)","atla1278","CF","boy","alternate_name","elcat",FALSE,6,"exact_ambiguous","unresolved",""
"003999","Others","Bodo",19703,115,"Bodo","canonical_language","budu1250","Budu","atla1278","CD","buu","alternate_name","multitree",FALSE,6,"exact_ambiguous","unresolved",""
"003999","Others","Bodo",19703,115,"Bodo","canonical_language","gorr1238","Gor","cent2225","CF;TD","gqr","alternate_name","multitree",FALSE,6,"exact_ambiguous","unresolved",""
"003999","Others","Bodo",19703,115,"Bodo","canonical_language","naga1394","Naga Pidgin","indo1319","IN","nag","alternate_name","multitree",TRUE,6,"exact_ambiguous","unresolved",""
"011022","Yerava","Malayalam",19643,4,"Yerava","mother_tongue","ravu1237","Ravula","drav1251","IN","yea","alternate_name","multitree",TRUE,1,"exact_unique","unresolved",""
"093002","Bangni","Nissi/Dafla",18842,57,"Bangni","mother_tongue","naaa1245","Na","sino1245","IN","nbt","primary_name","glottolog",TRUE,1,"exact_unique","accepted_deterministic","naaa1245"
"019999","Others","Sindhi",18366,216,"Sindhi","canonical_language","sind1272","Sindhi","indo1319","IN;PK","snd","primary_name","glottolog",TRUE,1,"exact_unique","unresolved",""
"107001","Sherpa","Sherpa",18342,51,"Sherpa","mother_tongue","hela1238","Lamjung-Melamchi Yolmo","sino1245","NP","scp","alternate_name","elcat",FALSE,3,"exact_ambiguous","unresolved",""
"107001","Sherpa","Sherpa",18342,51,"Sherpa","mother_tongue","naab1241","Naaba","sino1245","NP","nao","alternate_name","multitree",FALSE,3,"exact_ambiguous","unresolved",""
"107001","Sherpa","Sherpa",18342,51,"Sherpa","mother_tongue","sher1255","Solu-Khumbu Sherpa","sino1245","CN;IN;NP","xsr","alternate_name","elcat",TRUE,3,"exact_ambiguous","unresolved",""
"110001","Tamang","Tamang",17494,78,"Tamang","mother_tongue","east2346","Eastern Gorkha Tamang","sino1245","CN;NP","tge","alternate_name","multitree",FALSE,3,"exact_ambiguous","unresolved",""
"110001","Tamang","Tamang",17494,78,"Tamang","mother_tongue","east2347","Eastern Tamang","sino1245","IN;NP","taj","alternate_name","multitree",TRUE,3,"exact_ambiguous","unresolved",""
"110001","Tamang","Tamang",17494,78,"Tamang","mother_tongue","west2415","Western Tamang","sino1245","CN;NP","tdg","alternate_name","multitree",FALSE,3,"exact_ambiguous","unresolved",""
"053006","Khandeshi","Khandeshi",17413,35,"Khandeshi","mother_tongue","khan1272","Khandesi","indo1319","IN","khn","alternate_name","multitree",TRUE,1,"exact_unique","accepted_manual","khan1272"
"087005","Mishmi","Mishmi",17283,26,"Mishmi","mother_tongue","diga1241","Tawra","sino1245","CN;IN","mhu","alternate_name","elcat",TRUE,2,"exact_ambiguous","unresolved",""
"087005","Mishmi","Mishmi",17283,26,"Mishmi","mother_tongue","miju1243","Kman","sino1245","CN;IN","mxj","alternate_name","elcat",TRUE,2,"exact_ambiguous","unresolved",""
"023009","Adi Miniyong/Miniyong","Adi",17274,21,"Adi","canonical_language","bori1243","Bori-Karko","sino1245","BT;CN;IN","adi","alternate_name","elcat",TRUE,4,"exact_ambiguous","unresolved",""
"023009","Adi Miniyong/Miniyong","Adi",17274,21,"Adi","canonical_language","damu1236","Damu","sino1245","BT;CN;IN","","alternate_name","glottolog",TRUE,4,"exact_ambiguous","unresolved",""
"023009","Adi Miniyong/Miniyong","Adi",17274,21,"Adi","canonical_language","galo1242","Galo","sino1245","IN","adl","alternate_name","elcat",TRUE,4,"exact_ambiguous","unresolved",""
"023009","Adi Miniyong/Miniyong","Adi",17274,21,"Adi","canonical_language","kowi1239","Kowiai","aust1307","ID","kwh","alternate_name","elcat",FALSE,4,"exact_ambiguous","unresolved",""
"119003","Tikhir","Yimchungre",16828,7,"Tikhir","mother_tongue","yimc1240","Yimchungru Naga","sino1245","IN","yim","primary_name","glottolog",TRUE,1,"exact_unique","accepted_deterministic","yimc1240"
"100005","Pochury","Pochury",16728,29,"Pochury","mother_tongue","poch1243","Pochuri Naga","sino1245","IN","npo","alternate_name","elcat",TRUE,1,"exact_unique","unresolved",""
"032999","Others","Bhumij",16724,130,"Bhumij","canonical_language","mund1320","Mundari","aust1305","BD;IN;NP","unr","primary_name","glottolog",TRUE,1,"exact_unique","unresolved",""
"087999","Others","Mishmi",16672,54,"Mishmi","canonical_language","diga1241","Tawra","sino1245","CN;IN","mhu","alternate_name","elcat",TRUE,2,"exact_ambiguous","unresolved",""
"087999","Others","Mishmi",16672,54,"Mishmi","canonical_language","miju1243","Kman","sino1245","CN;IN","mxj","alternate_name","elcat",TRUE,2,"exact_ambiguous","unresolved",""
"044017","Muria","Gondi",16620,18,"Muria","mother_tongue","halb1244","Halbi","indo1319","IN","hlb","alternate_name","multitree",TRUE,1,"exact_unique","unresolved",""
"006227","Pangwali","Hindi",16285,15,"Pangwali","mother_tongue","pang1282","Pangwali","indo1319","IN","pgg","primary_name","glottolog",TRUE,1,"exact_unique","accepted_deterministic","pang1282"
"055999","Others","Khasi",15821,41,"Khasi","canonical_language","khas1269","Khasi","aust1305","BD;IN","kha","primary_name","glottolog",TRUE,1,"exact_unique","unresolved",""
"115006","Tripuri","Tripuri",15002,133,"Tripuri","mother_tongue","kokb1239","Kok Borok","sino1245","BD;IN","trp","alternate_name","moseley & asher (1994)",TRUE,1,"exact_unique","unresolved",""
"055004","Bhoi Khasi","Khasi",14882,23,"Bhoi Khasi","mother_tongue","khas1269","Khasi","aust1305","BD;IN","kha","primary_name","glottolog",TRUE,1,"exact_unique","accepted_deterministic","khas1269"
"064001","Kom","Kom",14673,36,"Kom","mother_tongue","mfum1238","Southern Mfumte","atla1278","CM;NG","nfu","primary_name","glottolog",FALSE,1,"exact_unique","unresolved",""
"007021","Kuruba/Kurumba","Kannada",14613,37,"Kurumba","mother_tongue_component","aluk1238","Alu Kurumba","drav1251","IN","xua","alternate_name","elcat",TRUE,4,"exact_ambiguous","unresolved",""
"007021","Kuruba/Kurumba","Kannada",14613,37,"Kurumba","mother_tongue_component","atta1243","Attapady Kurumba","drav1251","IN","pkr","alternate_name","multitree",TRUE,4,"exact_ambiguous","unresolved",""
"007021","Kuruba/Kurumba","Kannada",14613,37,"Kurumba","mother_tongue_component","bett1235","Betta Kurumba","drav1251","IN","xub","alternate_name","elcat",TRUE,4,"exact_ambiguous","unresolved",""
"007021","Kuruba/Kurumba","Kannada",14613,37,"Kurumba","mother_tongue_component","koro1298","Koromfé","atla1278","BF;ML","kfz","alternate_name","multitree",FALSE,4,"exact_ambiguous","unresolved",""
"072999","Others","Kurukh/Oraon",14445,127,"Kurukh","canonical_language_component","kuru1301","Kurukh","drav1251","IN","kru","primary_name","glottolog",TRUE,1,"exact_unique","unresolved",""
"042001","Gangte","Gangte",14394,44,"Gangte","mother_tongue","gang1266","Gangte","sino1245","IN;MM","gnb","primary_name","glottolog",TRUE,1,"exact_unique","accepted_deterministic","gang1266"
"046003","Halam","Halam",14316,19,"Halam","mother_tongue","rang1267","Halam","sino1245","IN","rnl","primary_name","glottolog",TRUE,1,"exact_unique","accepted_deterministic","rang1267"
"091005","Mura","Mundari",14204,42,"Mura","mother_tongue","wand1278","Wandala","afro1255","CM;NG","mfi","primary_name","glottolog",FALSE,1,"exact_unique","unresolved",""
"017002","Sanskrit","Sanskrit",14099,381,"Sanskrit","mother_tongue","sans1269","Sanskrit","indo1319","IN","san","primary_name","glottolog",TRUE,1,"exact_unique","accepted_deterministic","sans1269"
"021999","Others","Telugu",13983,239,"Telugu","canonical_language","telu1262","Telugu","drav1251","IN","tel","primary_name","glottolog",TRUE,1,"exact_unique","unresolved",""
"090003","Kol","Munda",12720,73,"Kol","mother_tongue","kolp1236","Kol (Papua New Guinea)","","PG","kol","primary_name","glottolog",FALSE,1,"exact_unique","unresolved",""
"112017","Tangsa","Tangsa",12604,30,"Tangsa","mother_tongue","tase1235","Pangwa Naga","sino1245","IN;MM","nst","alternate_name","moseley & asher (1994)",TRUE,1,"exact_unique","unresolved",""
"006145","Khairari","Hindi",11937,19,"Khairari","mother_tongue","mewa1249","Mewari","indo1319","IN","mtr","primary_name","glottolog",TRUE,1,"exact_unique","accepted_deterministic","mewa1249"
"075001","Bahawal Puri","Lahnda",11873,27,"Lahnda","canonical_language","jaka1245","Inku","indo1319","AF;UA","jat","alternate_name","multitree",FALSE,7,"exact_ambiguous","unresolved",""
"075001","Bahawal Puri","Lahnda",11873,27,"Lahnda","canonical_language","khet1238","Khetrani","indo1319","PK","xhe","alternate_name","multitree",FALSE,7,"exact_ambiguous","unresolved",""
"075001","Bahawal Puri","Lahnda",11873,27,"Lahnda","canonical_language","nort2662","Northern Hindko","indo1319","PK","hno","alternate_name","multitree",FALSE,7,"exact_ambiguous","unresolved",""
"075001","Bahawal Puri","Lahnda",11873,27,"Lahnda","canonical_language","paha1251","Pahari Potwari","indo1319","IN;PK","phr","alternate_name","multitree",TRUE,7,"exact_ambiguous","unresolved",""
"075001","Bahawal Puri","Lahnda",11873,27,"Lahnda","canonical_language","sera1259","Saraiki","indo1319","IN;PK","skr","alternate_name","multitree",TRUE,7,"exact_ambiguous","unresolved",""
"075001","Bahawal Puri","Lahnda",11873,27,"Lahnda","canonical_language","sout2668","Southern Hindko","indo1319","PK","hnd","alternate_name","multitree",FALSE,7,"exact_ambiguous","unresolved",""
"075001","Bahawal Puri","Lahnda",11873,27,"Lahnda","canonical_language","west2386","Western Panjabi","indo1319","IN;PK","pnb","alternate_name","multitree",TRUE,7,"exact_ambiguous","unresolved",""
"009999","Others","Konkani",11832,143,"Konkani","canonical_language","goan1235","Goan Konkani","indo1319","IN","gom","alternate_name","lexvo",TRUE,2,"exact_ambiguous","unresolved",""
"009999","Others","Konkani",11832,143,"Konkani","canonical_language","konk1267","Konkan Marathi","indo1319","IN","knn","alternate_name","lexvo",TRUE,2,"exact_ambiguous","unresolved",""
"098001","Persian","Persian",11688,158,"Persian","mother_tongue","dari1249","Dari","indo1319","AF;IR;PK;TJ;TM","prs","alternate_name","multitree",FALSE,2,"exact_ambiguous","unresolved",""
"098001","Persian","Persian",11688,158,"Persian","mother_tongue","west2369","Western Farsi","indo1319","AF;AZ;IQ;IR;TM;TR","pes","alternate_name","multitree",FALSE,2,"exact_ambiguous","unresolved",""
"031005","Zanskari","Bhotia",11443,1,"Zanskari","mother_tongue","zang1248","Zangskari","sino1245","IN;PK","zau","alternate_name","elcat",TRUE,1,"exact_unique","unresolved",""
"034001","Chakhesang","Chakhesang",11415,29,"Chakhesang","mother_tongue","chok1243","Chokri Naga","sino1245","IN","nri","alternate_name","elcat",TRUE,1,"exact_unique","unresolved",""
"024001","Afghani/Kabuli/Pashto","Afghani/Kabuli/Pashto",11086,112,"Pashto","mother_tongue_component","cent1973","Central Pashto","indo1319","AF;PK","pst","alternate_name","moseley & asher (1994)",FALSE,5,"exact_ambiguous","unresolved",""
"024001","Afghani/Kabuli/Pashto","Afghani/Kabuli/Pashto",11086,112,"Pashto","mother_tongue_component","nort2646","Northern Pashto","indo1319","AF;IN;PK","pbu","alternate_name","multitree",TRUE,5,"exact_ambiguous","unresolved",""
"024001","Afghani/Kabuli/Pashto","Afghani/Kabuli/Pashto",11086,112,"Afghani","mother_tongue_component","sout2649","Southern Pashto","indo1319","AF;IR;PK;TJ;TM","pbt","alternate_name","multitree",FALSE,5,"exact_ambiguous","unresolved",""
"024001","Afghani/Kabuli/Pashto","Afghani/Kabuli/Pashto",11086,112,"Kabuli","mother_tongue_component","taji1245","Tajik","indo1319","AF;CN;KG;TJ;UZ","tgk","alternate_name","multitree",FALSE,5,"exact_ambiguous","unresolved",""
"024001","Afghani/Kabuli/Pashto","Afghani/Kabuli/Pashto",11086,112,"Pashto","mother_tongue_component","wane1241","Waneci","indo1319","PK","wne","alternate_name","multitree",FALSE,5,"exact_ambiguous","unresolved",""
"065999","Others","Konda",10834,58,"Konda","canonical_language","cent2322","Central Mansi","ural1272","RU","","alternate_name","elcat",FALSE,3,"exact_ambiguous","unresolved",""
"065999","Others","Konda",10834,58,"Konda","canonical_language","kond1295","Konda-Dora","drav1251","IN","kfc","alternate_name","elcat",TRUE,3,"exact_ambiguous","unresolved",""
"065999","Others","Konda",10834,58,"Konda","canonical_language","kond1303","Yaben (Konda)","kond1302","ID","knd","alternate_name","glottolog",FALSE,3,"exact_ambiguous","unresolved",""
"102002","Rai","Rai",10446,49,"Rai","mother_tongue","chru1239","Chru","aust1307","VN","cje","primary_name","glottolog",FALSE,1,"exact_unique","unresolved",""
"109001","Simte","Simte",10225,36,"Simte","mother_tongue","simt1238","Simte","sino1245","IN","smt","primary_name","glottolog",TRUE,1,"exact_unique","accepted_deterministic","simt1238"
"009011","Kudubi/Kudumbi","Konkani",10192,37,"Konkani","canonical_language","goan1235","Goan Konkani","indo1319","IN","gom","alternate_name","lexvo",TRUE,2,"exact_ambiguous","unresolved",""
"009011","Kudubi/Kudumbi","Konkani",10192,37,"Konkani","canonical_language","konk1267","Konkan Marathi","indo1319","IN","knn","alternate_name","lexvo",TRUE,2,"exact_ambiguous","unresolved",""
"080999","Others","Limbu",9138,25,"Limbu","canonical_language","limb1266","Limbu","sino1245","IN;NP","lif","primary_name","glottolog",TRUE,1,"exact_unique","unresolved",""
"114999","Others","Tibetan",7973,94,"Tibetan","canonical_language","tibe1272","Tibetan","sino1245","BT;CN;IN;NP","bod","primary_name","glottolog",TRUE,1,"exact_unique","unresolved",""
"093999","Others","Nissi/Dafla",7866,50,NA,NA,NA,NA,NA,NA,NA,NA,NA,NA,0,"no_exact_match","unresolved",""
"068999","Others","Korwa",6644,87,"Korwa","canonical_language","korw1242","Korwa","aust1305","IN","kfp","primary_name","glottolog",TRUE,1,"exact_unique","unresolved",""
"062999","Others","Koda/Kora",6502,80,"Koda","canonical_language_component","koda1236","Koda","aust1305","BD;IN","cdz","primary_name","glottolog",TRUE,2,"exact_ambiguous","unresolved",""
"062999","Others","Koda/Kora",6502,80,"Kora","canonical_language_component","kora1292","Korana","khoe1240","ZA","kqz","primary_name","glottolog",FALSE,2,"exact_ambiguous","unresolved",""
"096999","Others","Parji",5906,29,"Parji","canonical_language","bodo1266","Bodo Parja","indo1319","IN","bdv","alternate_name","multitree",TRUE,2,"exact_ambiguous","unresolved",""
"096999","Others","Parji",5906,29,"Parji","canonical_language","duru1236","Duruwa","drav1251","IN","pci","alternate_name","elcat",TRUE,2,"exact_ambiguous","unresolved",""
"094999","Others","Nocte",5208,10,"Nocte","canonical_language","noct1238","Nocte Naga","sino1245","IN","njb","alternate_name","elcat",TRUE,1,"exact_unique","unresolved",""
"071999","Others","Kuki",5017,39,"Kuki","canonical_language","cind1241","Yara","atla1278","NG","cdr","alternate_name","multitree",FALSE,2,"exact_ambiguous","unresolved",""
"071999","Others","Kuki",5017,39,"Kuki","canonical_language","thad1238","Thado Chin","sino1245","IN;MM","tcz","alternate_name","elcat",TRUE,2,"exact_ambiguous","unresolved",""
"089999","Others","Monpa",4841,29,"Monpa","canonical_language","chug1252","Duhumbi","sino1245","IN","cvg","alternate_name","multitree",TRUE,7,"exact_ambiguous","unresolved",""
"089999","Others","Monpa",4841,29,"Monpa","canonical_language","kala1376","Kalaktang Monpa","sino1245","BT;IN","kkf","alternate_name","multitree",TRUE,7,"exact_ambiguous","unresolved",""
"089999","Others","Monpa",4841,29,"Monpa","canonical_language","limb1266","Limbu","sino1245","IN;NP","lif","alternate_name","elcat",TRUE,7,"exact_ambiguous","unresolved",""
"089999","Others","Monpa",4841,29,"Monpa","canonical_language","lish1235","Khispi","sino1245","IN","lsh","alternate_name","multitree",TRUE,7,"exact_ambiguous","unresolved",""
"089999","Others","Monpa",4841,29,"Monpa","canonical_language","olek1239","Olekha","sino1245","BT","ole","alternate_name","elcat",FALSE,7,"exact_ambiguous","unresolved",""
"089999","Others","Monpa",4841,29,"Monpa","canonical_language","sart1249","Sartang","sino1245","IN","onp","alternate_name","multitree",TRUE,7,"exact_ambiguous","unresolved",""
"089999","Others","Monpa",4841,29,"Monpa","canonical_language","tsha1245","Tshangla","sino1245","BT;CN;IN","tsj","alternate_name","moseley & asher (1994)",TRUE,7,"exact_ambiguous","unresolved",""
"048999","Others","Ho",4737,77,"Ho","canonical_language","hooo1248","Ho","aust1305","IN","hoc","primary_name","glottolog",TRUE,1,"exact_unique","unresolved",""
"033999","Others","Bishnupuriya",4646,50,"Bishnupuriya","canonical_language","bish1244","Bishnupriya Manipuri","indo1319","BD;IN;MM","bpy","alternate_name","elcat",TRUE,1,"exact_unique","unresolved",""
"053999","Others","Khandeshi",4529,56,"Khandeshi","canonical_language","khan1272","Khandesi","indo1319","IN","khn","alternate_name","multitree",TRUE,1,"exact_unique","unresolved",""
"075999","Others","Lahnda",4394,78,"Lahnda","canonical_language","jaka1245","Inku","indo1319","AF;UA","jat","alternate_name","multitree",FALSE,7,"exact_ambiguous","unresolved",""
"075999","Others","Lahnda",4394,78,"Lahnda","canonical_language","khet1238","Khetrani","indo1319","PK","xhe","alternate_name","multitree",FALSE,7,"exact_ambiguous","unresolved",""
"075999","Others","Lahnda",4394,78,"Lahnda","canonical_language","nort2662","Northern Hindko","indo1319","PK","hno","alternate_name","multitree",FALSE,7,"exact_ambiguous","unresolved",""
"075999","Others","Lahnda",4394,78,"Lahnda","canonical_language","paha1251","Pahari Potwari","indo1319","IN;PK","phr","alternate_name","multitree",TRUE,7,"exact_ambiguous","unresolved",""
"075999","Others","Lahnda",4394,78,"Lahnda","canonical_language","sera1259","Saraiki","indo1319","IN;PK","skr","alternate_name","multitree",TRUE,7,"exact_ambiguous","unresolved",""
"075999","Others","Lahnda",4394,78,"Lahnda","canonical_language","sout2668","Southern Hindko","indo1319","PK","hnd","alternate_name","multitree",FALSE,7,"exact_ambiguous","unresolved",""
"075999","Others","Lahnda",4394,78,"Lahnda","canonical_language","west2386","Western Panjabi","indo1319","IN;PK","pnb","alternate_name","multitree",TRUE,7,"exact_ambiguous","unresolved",""
"051999","Others","Kabui",4386,14,"Kabui","canonical_language","rong1266","Rongmei Naga","sino1245","IN","nbu","alternate_name","elcat",TRUE,1,"exact_unique","unresolved",""
"113999","Others","Thado",4124,63,"Thado","canonical_language","thad1238","Thado Chin","sino1245","IN;MM","tcz","alternate_name","elcat",TRUE,1,"exact_unique","unresolved",""
"027999","Others","Ao",3983,37,"Ao","canonical_language","aona1235","Ao Naga","sino1245","IN","njo","alternate_name","lexvo",TRUE,1,"exact_unique","unresolved",""
"043999","Others","Garo",3957,76,"Garo","canonical_language","garo1247","Garo","sino1245","BD;IN","grt","primary_name","glottolog",TRUE,1,"exact_unique","unresolved",""
"102999","Others","Rai",3932,14,"Rai","canonical_language","chru1239","Chru","aust1307","VN","cje","primary_name","glottolog",FALSE,1,"exact_unique","unresolved",""
"014999","Others","Nepali",3827,129,"Nepali","canonical_language","nepa1254","Nepali","indo1319","NP","npi","primary_name","glottolog",FALSE,1,"exact_unique","unresolved",""
"067999","Others","Korku",3313,30,"Korku","canonical_language","kork1243","Korku","aust1305","IN","kfq","primary_name","glottolog",TRUE,1,"exact_unique","unresolved",""
"119999","Others","Yimchungre",3286,3,"Yimchungre","canonical_language","yimc1240","Yimchungru Naga","sino1245","IN","yim","alternate_name","elcat",TRUE,1,"exact_unique","unresolved",""
"058999","Others","Khond/Kondh",3267,23,"Khond","canonical_language_component","kuii1252","Kui (India)","drav1251","IN","kxu","alternate_name","elcat",TRUE,1,"exact_unique","unresolved",""
"082999","Others","Lushai/Mizo",2845,22,"Lushai/Mizo","canonical_language","lush1249","Mizo","sino1245","BD;IN;MM","lus","alternate_name","ruhlen (1987)",TRUE,1,"exact_unique","unresolved",""
"061999","Others","Koch",2541,47,"Koch","canonical_language","koch1250","Koch","sino1245","BD;IN","kdq","primary_name","glottolog",TRUE,1,"exact_unique","unresolved",""
"074999","Others","Lahauli",2508,36,"Lahauli","canonical_language","tina1246","Tinani","sino1245","CN;IN","lbf","alternate_name","elcat",TRUE,1,"exact_unique","unresolved",""
"116999","Others","Tulu",2346,90,"Tulu","canonical_language","tulu1258","Tulu","drav1251","IN","tcy","primary_name","glottolog",TRUE,1,"exact_unique","unresolved",""
"022999","Others","Urdu",2157,89,"Urdu","canonical_language","urdu1245","Urdu","indo1319","AF;BD;IN;PK","urd","primary_name","glottolog",TRUE,1,"exact_unique","unresolved",""
"054999","Others","Kharia",2129,94,"Kharia","canonical_language","khar1287","Kharia","aust1305","IN;NP","khr","primary_name","glottolog",TRUE,1,"exact_unique","unresolved",""
"025999","Others","Anal",1771,16,"Anal","canonical_language","anal1239","Anal","sino1245","IN;MM","anm","primary_name","glottolog",TRUE,1,"exact_unique","unresolved",""
"056999","Others","Khezha",1332,18,"Khezha","canonical_language","khez1235","Khezha Naga","sino1245","IN","nkh","alternate_name","elcat",TRUE,1,"exact_unique","unresolved",""
"039999","Others","Dimasa",1290,49,"Dimasa","canonical_language","dima1251","Dimasa","sino1245","IN","dis","primary_name","glottolog",TRUE,1,"exact_unique","unresolved",""
"045999","Others","Halabi",942,28,"Halabi","canonical_language","halb1244","Halbi","indo1319","IN","hlb","alternate_name","multitree",TRUE,1,"exact_unique","unresolved",""
"070999","Others","Kui",830,4,"Kui","canonical_language","kuii1253","Kui (Indonesia)","timo1261","ID","kvd","primary_name","glottolog",FALSE,1,"exact_unique","unresolved",""
"031999","Others","Bhotia",769,20,"Bhotia","canonical_language","byan1241","Byangsi","sino1245","IN;NP","bee","alternate_name","elcat",TRUE,5,"exact_ambiguous","unresolved",""
"031999","Others","Bhotia",769,20,"Bhotia","canonical_language","jadd1243","Jad","sino1245","IN;PK","jda","alternate_name","elcat",TRUE,5,"exact_ambiguous","unresolved",""
"031999","Others","Bhotia",769,20,"Bhotia","canonical_language","sikk1242","Sikkimese","sino1245","IN","sip","alternate_name","ruhlen (1987)",TRUE,5,"exact_ambiguous","unresolved",""
"031999","Others","Bhotia",769,20,"Bhotia","canonical_language","tibe1272","Tibetan","sino1245","BT;CN;IN;NP","bod","alternate_name","multitree",TRUE,5,"exact_ambiguous","unresolved",""
"031999","Others","Bhotia",769,20,"Bhotia","canonical_language","west2415","Western Tamang","sino1245","CN;NP","tdg","alternate_name","multitree",FALSE,5,"exact_ambiguous","unresolved",""
"115999","Others","Tripuri",607,20,"Tripuri","canonical_language","kokb1239","Kok Borok","sino1245","BD;IN","trp","alternate_name","moseley & asher (1994)",TRUE,1,"exact_unique","unresolved",""
"101999","Others","Rabha",504,9,"Rabha","canonical_language","rabh1238","Rabha","sino1245","IN","rah","primary_name","glottolog",TRUE,1,"exact_unique","unresolved",""
"010999","Others","Maithili",449,41,"Maithili","canonical_language","mait1250","Maithili","indo1319","IN;NP","mai","primary_name","glottolog",TRUE,1,"exact_unique","unresolved",""
"059999","Others","Kinnauri",280,44,"Kinnauri","canonical_language","kinn1249","Kinnauri","sino1245","CN;IN","kfk","primary_name","glottolog",TRUE,1,"exact_unique","unresolved",""
"012999","Others","Manipuri",208,51,"Manipuri","canonical_language","mani1292","Manipuri","sino1245","BD;IN;MM","mni","primary_name","glottolog",TRUE,1,"exact_unique","unresolved",""
"091999","Others","Mundari",197,10,"Mundari","canonical_language","mund1320","Mundari","aust1305","BD;IN;NP","unr","primary_name","glottolog",TRUE,1,"exact_unique","unresolved",""
"041999","Others","Gadaba",180,18,"Gadaba","canonical_language","bodo1267","Bodo Gadaba","aust1305","IN","gbj","alternate_name","elcat",TRUE,4,"exact_ambiguous","unresolved",""
"041999","Others","Gadaba",180,18,"Gadaba","canonical_language","mudh1235","Mudhili Gadaba","drav1251","IN","gau","alternate_name","elcat",TRUE,4,"exact_ambiguous","unresolved",""
"041999","Others","Gadaba",180,18,"Gadaba","canonical_language","pare1266","Gorum-Parenga","aust1305","IN","pcj","alternate_name","elcat",TRUE,4,"exact_ambiguous","unresolved",""
"041999","Others","Gadaba",180,18,"Gadaba","canonical_language","pott1240","Pottangi Ollar Gadaba","drav1251","IN","gdb","alternate_name","elcat",TRUE,4,"exact_ambiguous","unresolved",""
"079999","Others","Liangmei",155,36,"Liangmei","canonical_language","koir1240","Koireng","sino1245","IN","nkd","alternate_name","elcat",TRUE,2,"exact_ambiguous","unresolved",""
"079999","Others","Liangmei",155,36,"Liangmei","canonical_language","lian1251","Liangmai Naga","sino1245","IN","njn","alternate_name","elcat",TRUE,2,"exact_ambiguous","unresolved",""
"108999","Others","Shina",139,19,"Shina","canonical_language","shin1264","Shina","indo1319","IN;PK","scl","primary_name","glottolog",TRUE,1,"exact_unique","unresolved",""
"073999","Others","Ladakhi",116,17,"Ladakhi","canonical_language","chan1309","Changthang","sino1245","IN","cna","alternate_name","multitree",TRUE,2,"exact_ambiguous","unresolved",""
"073999","Others","Ladakhi",116,17,"Ladakhi","canonical_language","lada1244","Leh Ladakhi","sino1245","CN;IN","lbj","alternate_name","elcat",TRUE,2,"exact_ambiguous","unresolved",""
"042999","Others","Gangte",106,4,"Gangte","canonical_language","gang1266","Gangte","sino1245","IN;MM","gnb","primary_name","glottolog",TRUE,1,"exact_unique","unresolved",""
"104999","Others","Sangtam",102,7,"Sangtam","canonical_language","sang1321","Sangtam Naga","sino1245","IN","nsa","alternate_name","elcat",TRUE,1,"exact_unique","unresolved",""
"088999","Others","Mogh",80,13,"Mogh","canonical_language","rakh1245","Rakhine","sino1245","BD;MM","rki","alternate_name","multitree",FALSE,1,"exact_unique","unresolved",""
"004999","Others","Dogri",42,13,"Dogri","canonical_language","dogr1250","Dogri","indo1319","IN;PK","dgo","primary_name","glottolog",TRUE,1,"exact_unique","unresolved",""
"086999","Others","Miri/Mishing",42,10,"Miri","canonical_language_component","katc1249","Katcha-Kadugli-Miri","kadu1256","SD","xtc","primary_name","glottolog",FALSE,1,"exact_unique","unresolved",""
"017999","Others","Sanskrit",36,6,"Sanskrit","canonical_language","sans1269","Sanskrit","indo1319","IN","san","primary_name","glottolog",TRUE,1,"exact_unique","unresolved",""
"095999","Others","Paite",35,11,"Paite","canonical_language","pait1244","Paite Chin","sino1245","IN;MM","pck","alternate_name","elcat",TRUE,1,"exact_unique","unresolved",""
"105999","Others","Savara",32,8,"Savara","canonical_language","sora1254","Sora","aust1305","IN","srb","alternate_name","elcat",TRUE,1,"exact_unique","unresolved",""
"052999","Others","Karbi / Mikir",22,3,"Karbi","canonical_language_component","kabi1260","Kabikabi","pama1250","AU","gbw","alternate_name","elcat",FALSE,2,"exact_ambiguous","unresolved",""
"052999","Others","Karbi / Mikir",22,3,"Karbi","canonical_language_component","karb1241","Hills Karbi","sino1245","IN","mjw","alternate_name","elcat",TRUE,2,"exact_ambiguous","unresolved",""
"100999","Others","Pochury",16,7,"Pochury","canonical_language","poch1243","Pochuri Naga","sino1245","IN","npo","alternate_name","elcat",TRUE,1,"exact_unique","unresolved",""
"028999","Others","Arabic/Arbi",13,3,"Arabic","canonical_language_component","alge1239","Algerian Arabic","afro1255","DZ;MA;TN","arq","alternate_name","multitree",FALSE,31,"exact_ambiguous","unresolved",""
"028999","Others","Arabic/Arbi",13,3,"Arabic","canonical_language_component","alge1240","Algerian Saharan Arabic","afro1255","DZ;EH;LY;MA;NE","aao","alternate_name","multitree",FALSE,31,"exact_ambiguous","unresolved",""
"028999","Others","Arabic/Arbi",13,3,"Arabic","canonical_language_component","baha1259","Baharna Arabic","afro1255","BH;OM","abv","alternate_name","multitree",FALSE,31,"exact_ambiguous","unresolved",""
"028999","Others","Arabic/Arbi",13,3,"Arabic","canonical_language_component","chad1249","Chadian Arabic","afro1255","CM;NE;NG;TD","shu","alternate_name","multitree",FALSE,31,"exact_ambiguous","unresolved",""
"028999","Others","Arabic/Arbi",13,3,"Arabic","canonical_language_component","cypr1248","Cypriot Arabic","afro1255","CY","acy","alternate_name","elcat",FALSE,31,"exact_ambiguous","unresolved",""
"028999","Others","Arabic/Arbi",13,3,"Arabic","canonical_language_component","dhof1235","Dhofari Arabic","afro1255","OM","adf","alternate_name","multitree",FALSE,31,"exact_ambiguous","unresolved",""
"028999","Others","Arabic/Arbi",13,3,"Arabic","canonical_language_component","east2690","Eastern Egyptian Bedawi Arabic","afro1255","EG;IL;JO;PS;SA","avl","alternate_name","multitree",FALSE,31,"exact_ambiguous","unresolved",""
"028999","Others","Arabic/Arbi",13,3,"Arabic","canonical_language_component","egyp1253","Egyptian Arabic","afro1255","EG;IL;LY","arz","alternate_name","multitree",FALSE,31,"exact_ambiguous","unresolved",""
"028999","Others","Arabic/Arbi",13,3,"Arabic","canonical_language_component","gulf1241","Gulf Arabic","afro1255","AE;BH;IQ;IR;KW;OM;QA;SA;YE","afb","alternate_name","multitree",FALSE,31,"exact_ambiguous","unresolved",""
"028999","Others","Arabic/Arbi",13,3,"Arabic","canonical_language_component","hadr1236","Hadrami Arabic","afro1255","SA;YE","ayh","alternate_name","multitree",FALSE,31,"exact_ambiguous","unresolved",""
"028999","Others","Arabic/Arbi",13,3,"Arabic","canonical_language_component","hass1238","Hassaniyya","afro1255","DZ;EH;MA;ML;MR;NE;SN","mey","alternate_name","multitree",FALSE,31,"exact_ambiguous","unresolved",""
"028999","Others","Arabic/Arbi",13,3,"Arabic","canonical_language_component","hija1235","Hijazi Arabic","afro1255","SA;YE","acw","alternate_name","multitree",FALSE,31,"exact_ambiguous","unresolved",""
"028999","Others","Arabic/Arbi",13,3,"Arabic","canonical_language_component","jude1264","Judeo-Tripolitanian Arabic","afro1255","IL;IT;LY","yud","alternate_name","multitree",FALSE,31,"exact_ambiguous","unresolved",""
"028999","Others","Arabic/Arbi",13,3,"Arabic","canonical_language_component","jude1267","Judeo-Yemeni Arabic","afro1255","IL;YE","jye","alternate_name","multitree",FALSE,31,"exact_ambiguous","unresolved",""
"028999","Others","Arabic/Arbi",13,3,"Arabic","canonical_language_component","liby1240","Libyan Arabic","afro1255","EG;LY;NE","ayl","alternate_name","multitree",FALSE,31,"exact_ambiguous","unresolved",""
"028999","Others","Arabic/Arbi",13,3,"Arabic","canonical_language_component","malt1254","Maltese","afro1255","MT","mlt","alternate_name","multitree",FALSE,31,"exact_ambiguous","unresolved",""
"028999","Others","Arabic/Arbi",13,3,"Arabic","canonical_language_component","meso1252","Gilit Mesopotamian Arabic","afro1255","IQ;IR;JO;SY;TR","acm","alternate_name","multitree",FALSE,31,"exact_ambiguous","unresolved",""
"028999","Others","Arabic/Arbi",13,3,"Arabic","canonical_language_component","moro1292","Moroccan Arabic","afro1255","DZ;EH;MA","ary","alternate_name","multitree",FALSE,31,"exact_ambiguous","unresolved",""
"028999","Others","Arabic/Arbi",13,3,"Arabic","canonical_language_component","najd1235","Najdi Arabic","afro1255","AE;IL;IQ;JO;KW;LB;SA;SY;TR;YE","ars","alternate_name","multitree",FALSE,31,"exact_ambiguous","unresolved",""
"028999","Others","Arabic/Arbi",13,3,"Arabic","canonical_language_component","nort3139","Levantine Arabic","afro1255","IL;LB;SY;TR","apc","alternate_name","multitree",FALSE,31,"exact_ambiguous","unresolved",""
"028999","Others","Arabic/Arbi",13,3,"Arabic","canonical_language_component","nort3142","North Mesopotamian Arabic","afro1255","IQ;JO;SY;TR","ayp","alternate_name","multitree",FALSE,31,"exact_ambiguous","unresolved",""
"028999","Others","Arabic/Arbi",13,3,"Arabic","canonical_language_component","oman1239","Omani Arabic","afro1255","AE;OM","acx","alternate_name","multitree",FALSE,31,"exact_ambiguous","unresolved",""
"028999","Others","Arabic/Arbi",13,3,"Arabic","canonical_language_component","said1239","Saidi Arabic","afro1255","EG;SD","aec","alternate_name","multitree",FALSE,31,"exact_ambiguous","unresolved",""
"028999","Others","Arabic/Arbi",13,3,"Arabic","canonical_language_component","sana1295","Sanaani Arabic","afro1255","SA;YE","ayn","alternate_name","multitree",FALSE,31,"exact_ambiguous","unresolved",""
"028999","Others","Arabic/Arbi",13,3,"Arabic","canonical_language_component","shih1239","Ru'us al-Jibal","afro1255","AE;OM","ssh","alternate_name","multitree",FALSE,31,"exact_ambiguous","unresolved",""
"028999","Others","Arabic/Arbi",13,3,"Arabic","canonical_language_component","stan1318","Standard Arabic","afro1255","AE;BH;DJ;DZ;EG;ER;IL;IQ;JO;KM;KW;LB;LY;MA;OM;PS;QA;SA;SD;SO;SY;TD;TN;TZ;YE","arb","alternate_name","multitree",FALSE,31,"exact_ambiguous","unresolved",""
"028999","Others","Arabic/Arbi",13,3,"Arabic","canonical_language_component","suda1236","Sudanese Arabic","afro1255","CF;EG;ER;ET;LY;SD;TD","apd","alternate_name","multitree",FALSE,31,"exact_ambiguous","unresolved",""
"028999","Others","Arabic/Arbi",13,3,"Arabic","canonical_language_component","taiz1242","Ta'izzi-Adeni Arabic","afro1255","ER;SA;YE","acq","alternate_name","multitree",FALSE,31,"exact_ambiguous","unresolved",""
"028999","Others","Arabic/Arbi",13,3,"Arabic","canonical_language_component","taji1248","Tajiki Arabic","afro1255","AF;TJ;UZ","abh","alternate_name","elcat",FALSE,31,"exact_ambiguous","unresolved",""
"028999","Others","Arabic/Arbi",13,3,"Arabic","canonical_language_component","tuni1259","Tunisian Arabic","afro1255","DZ;LY;TN","aeb","alternate_name","elcat",FALSE,31,"exact_ambiguous","unresolved",""
"028999","Others","Arabic/Arbi",13,3,"Arabic","canonical_language_component","uzbe1248","Qashqa-Darya Arabic","afro1255","UZ","auz","alternate_name","multitree",FALSE,31,"exact_ambiguous","unresolved",""
"049999","Others","Jatapu",12,7,"Jatapu","canonical_language","kuvi1243","Kuvi","drav1251","IN","kxv","alternate_name","elcat",TRUE,1,"exact_unique","unresolved",""
"111999","Others","Tangkhul",12,7,"Tangkhul","canonical_language","tang1336","East-Central Tangkhul Naga","sino1245","IN;MM","nmf","alternate_name","elcat",TRUE,1,"exact_unique","unresolved",""
"121999","Others","Zemi",8,6,"Zemi","canonical_language","zeme1240","Zeme Naga","sino1245","IN","nzm","alternate_name","elcat",TRUE,1,"exact_unique","unresolved",""
"029999","Others","Balti",2,1,"Balti","canonical_language","balt1258","Balti","sino1245","IN;PK","bft","primary_name","glottolog",TRUE,1,"exact_unique","unresolved",""
