"state_code_1991","district_code_1991","state_code_2001","district_code_2001","n_shrid_mapped","population_1991_mapped","area_1991_mapped","n_shrid_total","population_1991_total","area_1991_total","population_share_to_2001","area_share_to_2001","n_target_2001_districts","shrid_coverage","mapping_class"
"02","01","28","11",1701,2289562,5204.45171539,1705,2289628,5204.71171539,0.999971174356708,0.999950045263942,1,0.997653958944282,"non_nested_or_incomplete"
"02","02","28","12",1455,2106320,5573.3485107,1462,2107412,5575.7185107,0.999481828897245,0.999574942674123,1,0.995212038303694,"non_nested_or_incomplete"
"02","03","28","13",3003,3068343,8887.46727409499,3033,3070027,8905.32664199499,0.999451470622245,0.997994529721596,1,0.990108803165183,"non_nested_or_incomplete"
"02","04","28","14",1321,4523560,7166.4732489,1327,4523741,7171.8272279,0.999959988867621,0.999253470722333,1,0.995478522984175,"non_nested_or_incomplete"
"02","05","28","15",821,3440484,6855.474469,826,3440590,6855.474469,0.999969191330557,1,1,0.993946731234867,"non_nested_or_incomplete"
"02","06","28","16",931,3796447.37158203,9085.2769571,933,3799781.37158203,9085.2769571,0.999122581097709,1,1,0.997856377277599,"non_nested_or_incomplete"
"02","07","28","17",687,4074758,10263.830017,688,4075320,10279.890017,0.999862096718785,0.99843772647631,1,0.998546511627907,"non_nested_or_incomplete"
"02","08","28","18",980,2756018,13580.7321422,994,2757707,13604.0721422,0.999387534643818,0.998284337236966,1,0.985915492957746,"non_nested_or_incomplete"
"02","09","28","19",1077,2361384,12588.7654254,1084,2363039,12589.9754254,0.999299630687433,0.999903891790165,1,0.993542435424354,"non_nested_or_incomplete"
"02","10","28","23",1423,3195928,12036.09220168,1426,3195988,12036.09220168,0.999981226462678,1,1,0.997896213183731,"non_nested_or_incomplete"
"02","11","28","20",862,2214451,11906.830396,872,2217379,11906.830396,0.998679522084407,1,1,0.988532110091743,"non_nested_or_incomplete"
"02","12","28","22",926,3167983,18080.160609,930,3171038,18089.270609,0.99903659306511,0.99949638654886,2,0.996774193548387,"non_nested_or_incomplete"
"02","12","28","20",1,2951,9.11,930,3171038,18089.270609,0.000930610103064044,0.000503613451139787,2,0.996774193548387,"non_nested_or_incomplete"
"02","13","28","21",870,2972010,15567.0225856,871,2972023,15567.0225856,0.999995625875035,1,1,0.998851894374282,"non_nested_or_incomplete"
"02","14","28","07",1472,3072698,17327.297265,1482,3077050,17350.477265,0.998585658341593,0.998664013695649,1,0.993252361673414,"non_nested_or_incomplete"
"02","15","28","06",837,2523064.02006531,6947.2667539,841,2524062.02006531,6951.3567539,0.99960460559524,0.999411625651682,1,0.995243757431629,"non_nested_or_incomplete"
"02","16","28","05",3,3145939,421.63063,3,3145939,421.63063,1,1,1,1,"deterministic_containment"
"02","17","28","04",1216,2265474,9694.47225160001,1219,2265570,9695.23225160001,0.999957626557555,0.999921610954717,1,0.997538966365874,"non_nested_or_incomplete"
"02","18","28","02",848,1966454,7397.170001,853,1966509,7397.170001,0.999972031656097,1,1,0.994138335287222,"non_nested_or_incomplete"
"02","19","28","01",1569,2058006,14310.305239,1582,2059843,14341.535239,0.999108184458718,0.997822408864912,1,0.991782553729456,"non_nested_or_incomplete"
"02","20","28","03",1034,3030293,11541.615011,1038,3031386,11541.615011,0.999639438857341,1,1,0.996146435452794,"non_nested_or_incomplete"
"02","21","28","09",972,2805546,10865.579888,975,2805654,10865.579888,0.999961506301205,1,1,0.996923076923077,"non_nested_or_incomplete"
"02","22","28","10",1079,2213494,12462.2233052,1094,2215809,12467.9133052,0.998955234860044,0.999543628523818,1,0.986288848263254,"non_nested_or_incomplete"
"02","23","28","08",1117,2848360,14200.6304303,1118,2848381,14200.6304303,0.999992627390788,1,1,0.999105545617174,"non_nested_or_incomplete"
"03","01","12","01",111,14000,457.17451491,116,14109,458.30377631,0.992274434757956,0.997535998046771,1,0.956896551724138,"non_nested_or_incomplete"
"03","02","12","02",75,33739.6142883301,971.184944,77,33832.6142883301,971.184944,0.997251173107481,1,1,0.974025974025974,"non_nested_or_incomplete"
"03","03","12","03",248,48125,4799.9192066,259,48729,4851.9604448,0.987604916989883,0.989274183334331,2,0.961389961389961,"non_nested_or_incomplete"
"03","03","12","07",1,65,21.386082,259,48729,4851.9604448,0.00133390793983049,0.00440771977498707,2,0.961389961389961,"non_nested_or_incomplete"
"03","04","12","05",274,53113.3639526367,6487.48251951,378,97290.3639526367,7317.58304236,0.545926254099466,0.886560833263563,2,0.952380952380952,"non_nested_or_incomplete"
"03","04","12","04",86,43560,705.61830115,378,97290.3639526367,7317.58304236,0.447731905096028,0.0964277818325148,2,0.952380952380952,"non_nested_or_incomplete"
"03","05","12","06",355,46994,4812.79500081,368,47504,5405.44457201,0.989264061973729,0.890360623755388,1,0.964673913043478,"non_nested_or_incomplete"
"03","06","12","07",59,30762,825.53886067,60,30788,825.53886067,0.999155515135767,1,1,0.983333333333333,"non_nested_or_incomplete"
"03","07","12","08",127,71249,4690.42058252,194,95338,8656.60201372,0.747330550252785,0.541831607261841,2,0.984536082474227,"non_nested_or_incomplete"
"03","07","12","09",64,23847,3966.1814312,194,95338,8656.60201372,0.250131112463026,0.458168392738159,2,0.984536082474227,"non_nested_or_incomplete"
"03","08","12","10",36,21013,813.8057839,38,21154,826.1075824,0.993334593930226,0.985108720992173,1,0.947368421052632,"non_nested_or_incomplete"
"03","09","12","11",438,102689,7374.14458763,460,103611,7525.13907583,0.991101330939765,0.979934658126787,2,0.954347826086957,"non_nested_or_incomplete"
"03","09","12","05",1,5,2.0924394,460,103611,7525.13907583,4.82574244047447e-05,0.000278059897486906,2,0.954347826086957,"non_nested_or_incomplete"
"03","10","12","12",43,8168,451.97420846,43,8168,451.97420846,1,1,1,1,"deterministic_containment"
"03","11","12","13",149,84777,1974.6551021,149,84777,1974.6551021,1,1,1,1,"deterministic_containment"
"04","01","18","02",1162,1204842,2289.688986716,1200,1211151,2351.985486586,0.994790905510543,0.973513229471315,1,0.968333333333333,"non_nested_or_incomplete"
"04","02","18","01",898,782346,1659.22590491,916,789123,1680.94840481,0.991411985203828,0.9870772357808,1,0.980349344978166,"non_nested_or_incomplete"
"04","03","18","04",851,798673,1613.07310937,863,807523,1626.88210837,0.989040559835447,0.99151198545429,1,0.986095017381228,"non_nested_or_incomplete"
"04","04","18","03",721,660836,1672.372338604,746,668053,1688.379038624,0.989196964911467,0.990519486647355,1,0.966487935656836,"non_nested_or_incomplete"
"04","05","18","05",1039,1375235,3011.71984153,1049,1378609,3023.47885983,0.997552605561113,0.996110765497245,1,0.990467111534795,"non_nested_or_incomplete"
"04","06","18","07",788,1009666,1968.44964364,804,1015867,1998.17024354,0.993895854477013,0.985126092235591,1,0.980099502487562,"non_nested_or_incomplete"
"04","07","18","06",1295,1997518,3029.797184179,1304,1999737,3035.471484149,0.998890354081562,0.998130669321181,1,0.993098159509202,"non_nested_or_incomplete"
"04","08","18","08",1313,1280538,3904.43203700601,1328,1293444,3914.39003680601,0.99002198780929,0.997456053253159,1,0.988704819277108,"non_nested_or_incomplete"
"04","09","18","11",1577,1363756,2959.824048462,1615,1375247,2980.579829102,0.991644410058702,0.993036327885822,1,0.976470588235294,"non_nested_or_incomplete"
"04","10","18","12",1107,740005,2026.979918756,1115,743152,2030.789918756,0.995765334682541,0.99812388274887,1,0.992825112107623,"non_nested_or_incomplete"
"04","11","18","13",1058,449953,1621.082375833,1095,461711,1656.240876113,0.974533853427794,0.978772109306641,1,0.9662100456621,"non_nested_or_incomplete"
"04","12","18","09",562,634302,1320.50470797,570,638840,1327.44390817,0.99289649990608,0.994772509665161,1,0.985964912280702,"non_nested_or_incomplete"
"04","13","18","10",1348,1869039,3032.208172236,1367,1873039,3041.660934106,0.997864433148482,0.996892236815745,1,0.986100950987564,"non_nested_or_incomplete"
"04","14","18","18",1035,809658,2353.070602656,1052,815223,2358.407002686,0.993173646965309,0.997737286217382,1,0.98384030418251,"non_nested_or_incomplete"
"04","15","18","17",771,856702,2098.70769016,798,860020,2111.94439016,0.996141950187205,0.99373245807907,1,0.966165413533835,"non_nested_or_incomplete"
"04","16","18","16",859,901286,2366.21779038,865,901993,2368.54169038,0.999216180169913,0.999018847753688,1,0.993063583815029,"non_nested_or_incomplete"
"04","17","18","15",1277,1008236,2267.999064666,1292,1010357,2271.066567422,0.997900742014951,0.998649311825552,1,0.988390092879257,"non_nested_or_incomplete"
"04","18","18","14",1084,928652,2196.58937552,1116,935921,2241.77646744,0.992233318837808,0.979843176794696,1,0.971326164874552,"non_nested_or_incomplete"
"04","19","18","19",2219,618985,1671.414869617,2487,655651,1744.810726767,0.944076955575451,0.957934774228494,1,0.892239646160032,"non_nested_or_incomplete"
"04","20","18","20",538,141147,2329.04827959,564,144422,2361.64297129,0.977323399482073,0.986198298347275,1,0.953900709219858,"non_nested_or_incomplete"
"04","21","18","22",884,821954,1322.575384448,894,825212,1328.203340448,0.996051923626898,0.995762730126773,1,0.988814317673378,"non_nested_or_incomplete"
"04","22","18","23",326,448333,808.91645847,328,448667,810.706991700001,0.999255572618445,0.997791392885059,1,0.99390243902439,"non_nested_or_incomplete"
"04","23","18","21",1003,1178787,2356.99616902599,1014,1179325,2360.92627566599,0.999543806838658,0.998335353932688,1,0.989151873767258,"non_nested_or_incomplete"
"05","01","10","28",1259,3587691,2992.49723591001,1263,3589504,3036.71253351001,0.99949491628927,0.985439748704533,1,0.996832937450515,"non_nested_or_incomplete"
"05","02","10","27",994,1986421,2299.26279584,998,1997995,2324.42169684,0.994207192710692,0.98917627509922,2,0.997995991983968,"non_nested_or_incomplete"
"05","02","10","26",2,1738,11.7398,998,1997995,2324.42169684,0.000869872046726844,0.00505063260077119,2,0.997995991983968,"non_nested_or_incomplete"
"05","03","10","29",997,1791184,2240.13590675,1814,2880447,3708.27029515002,0.62184237377046,0.604091861825669,2,0.99393605292172,"non_nested_or_incomplete"
"05","03","10","30",806,1086574,1459.46618842,1814,2880447,3708.27029515002,0.377224090566499,0.393570606309041,2,0.99393605292172,"non_nested_or_incomplete"
"05","04","10","32",1692,1933361,3508.37025263001,2990,2908427,6472.27348642006,0.66474455092048,0.542061496627294,3,0.992642140468227,"non_nested_or_incomplete"
"05","04","10","31",1275,973142,2932.62563388001,2990,2908427,6472.27348642006,0.334593923106889,0.453105951105614,3,0.992642140468227,"non_nested_or_incomplete"
"05","04","10","19",1,789,1.1209999,2990,2908427,6472.27348642006,0.000271280661333429,0.000173200329428608,3,0.992642140468227,"non_nested_or_incomplete"
"05","05","10","34",1736,1539030,3247.93930073002,1742,1539608,3251.17670081002,0.99962457976316,0.999004237426039,1,0.996555683122847,"non_nested_or_incomplete"
"05","06","10","33",838,1174900,1553.275216973,838,1174900,1553.275216973,1,1,1,1,"deterministic_containment"
"05","07","10","35",2642,2648217,4752.02953423103,2646,2648467,4755.07273422103,0.999905605771188,0.999360009791628,1,0.99848828420257,"non_nested_or_incomplete"
"05","08","10","36",952,1358685,2296.04969985,954,1358690,2303.05469985,0.999996319984691,0.996958387484042,1,0.9979035639413,"non_nested_or_incomplete"
"05","09","10","17",1563,2572744,2420.85385173401,1564,2572745,2423.07145163401,0.999999611310099,0.999084797974693,1,0.999360613810742,"non_nested_or_incomplete"
"05","10","10","16",1432,2169976,2182.163656024,1433,2170036,2182.345756024,0.999972350689113,0.999916557676758,1,0.999302163293789,"non_nested_or_incomplete"
"05","11","10","15",1369,1700975,1902.790126254,1381,1704310,1923.158505239,0.998043196366858,0.989408892231445,1,0.991310644460536,"non_nested_or_incomplete"
"05","12","10","01",1345,2327091,4271.62535138002,1361,2333271,4304.56645152002,0.997351357814845,0.992347405827974,1,0.988243938280676,"non_nested_or_incomplete"
"05","13","10","02",1252,3026219,3908.09394680002,1254,3026452,3909.84624675002,0.999923012160774,0.999551823821344,1,0.998405103668262,"non_nested_or_incomplete"
"05","14","10","04",798,2013136,2159.84345336,990,2391495,2597.156353,0.841789759125568,0.831618570389551,2,0.996969696969697,"non_nested_or_incomplete"
"05","14","10","03",189,376953,433.94799964,990,2391495,2597.156353,0.157622324111069,0.167085820281379,2,0.996969696969697,"non_nested_or_incomplete"
"05","15","10","14",1708,2952252,3124.11918671501,1709,2952666,3125.20318671501,0.999859787730817,0.999653142552584,1,0.999414862492686,"non_nested_or_incomplete"
"05","16","10","18",1390,2142119,1867.546422394,1403,2144719,1904.218864804,0.99878771997637,0.980741477207361,1,0.990734141126158,"non_nested_or_incomplete"
"05","17","10","20",634,1706810,1684.735070234,654,1717944,1706.066770264,0.993518997126798,0.98749656203274,2,0.970948012232416,"non_nested_or_incomplete"
"05","17","10","24",1,977,NA,654,1717944,1706.066770264,0.000568703054348687,NA,2,0.970948012232416,"non_nested_or_incomplete"
"05","18","10","19",1102,2715656,2578.82374198301,1109,2716929,2585.25764193901,0.999531456287595,0.997511311889528,1,0.993688007213706,"non_nested_or_incomplete"
"05","19","10","13",1042,2508173,2443.37072010801,1044,2508271,2444.05462010801,0.999960929261631,0.99972017810307,1,0.99808429118774,"non_nested_or_incomplete"
"05","20","10","05",1028,2828883,3454.58659070402,1032,2829466,3458.44319060402,0.999793954053521,0.998884874006178,1,0.996124031007752,"non_nested_or_incomplete"
"05","21","10","06",518,1314744,2354.81220224,960,2459954,4018.59823528401,0.534458774432367,0.585978509014494,2,0.994791666666667,"non_nested_or_incomplete"
"05","21","10","12",437,1132202,1637.469733064,960,2459954,4018.59823528401,0.460253321810083,0.407472864215866,2,0.994791666666667,"non_nested_or_incomplete"
"05","22","10","11",371,1177706,1779.180943253,371,1177706,1779.180943253,1,1,1,1,"deterministic_containment"
"05","23","10","09",1059,1874045,3124.26285203301,1076,1878146,3133.07075195901,0.997816463682802,0.997188732517294,1,0.984200743494424,"non_nested_or_incomplete"
"05","24","10","10",1206,1785666,2769.81853071201,1218,1825380,2843.57523471201,0.978243434243829,0.974061982570519,1,0.990147783251232,"non_nested_or_incomplete"
"05","25","10","21",239,985936,1347.82561915,243,987227,1361.40671915,0.998692296705823,0.990024215534591,1,0.983539094650206,"non_nested_or_incomplete"
"05","26","10","37",1280,1050971,2860.900612409,2402,3057691,5772.63860390603,0.343713933160676,0.495596694806632,4,0.993338884263114,"non_nested_or_incomplete"
"05","26","10","24",504,938634,1101.616271802,2402,3057691,5772.63860390603,0.306974772794242,0.190834096396853,4,0.993338884263114,"non_nested_or_incomplete"
"05","26","10","25",346,644049,1115.614626375,2402,3057691,5772.63860390603,0.210632467440301,0.193259045459753,4,0.993338884263114,"non_nested_or_incomplete"
"05","26","10","26",256,418522,660.70074986,2402,3057691,5772.63860390603,0.136875178034667,0.114453856406833,4,0.993338884263114,"non_nested_or_incomplete"
"05","27","10","22",890,1882274,2223.780841244,2522,3185219,5077.86285194904,0.590940214785859,0.437936373250105,2,0.99167327517843,"non_nested_or_incomplete"
"05","27","10","23",1611,1291694,2807.68254872501,2522,3185219,5077.86285194904,0.405527532015852,0.552926030219059,2,0.99167327517843,"non_nested_or_incomplete"
"05","28","20","08",1581,860547,2072.097148041,1600,861182,2080.747565711,0.999262641346429,0.995842639533718,1,0.988125,"non_nested_or_incomplete"
"05","29","20","09",1242,706163,1726.604551037,2395,1284223,3547.283146138,0.549875683584549,0.486739986605464,2,0.98455114822547,"non_nested_or_incomplete"
"05","29","20","10",1116,564195,1755.265495231,2395,1284223,3547.283146138,0.439327904888793,0.494819675486574,2,0.98455114822547,"non_nested_or_incomplete"
"05","30","20","11",3707,1495510,5374.573959419,3716,1495709,5381.800259449,0.999866952729441,0.998657270860747,1,0.997578040904198,"non_nested_or_incomplete"
"05","31","20","07",2315,932513,2363.284759232,2330,933113,2368.287669392,0.999356991061104,0.997887541186547,1,0.993562231759657,"non_nested_or_incomplete"
"05","32","20","12",1154,1916054,2009.445955953,1408,2662902,2952.863656138,0.719536055025683,0.680507530977952,2,0.995028409090909,"non_nested_or_incomplete"
"05","32","20","13",247,719884,933.34940017,1408,2662902,2952.863656138,0.270338149883097,0.316082795841211,2,0.995028409090909,"non_nested_or_incomplete"
"05","33","20","06",2483,1496041,4585.379106508,2873,2207718,6438.50971315801,0.677641347309756,0.712180195540767,2,0.9951270449008,"non_nested_or_incomplete"
"05","33","20","13",376,711508,1837.88820636,2873,2207718,6438.50971315801,0.322282103058452,0.285452424278248,2,0.9951270449008,"non_nested_or_incomplete"
"05","34","20","04",1533,1829318,5687.833518526,3363,2836894,10500.088745041,0.644831283791358,0.541693851988847,3,0.995242343146001,"non_nested_or_incomplete"
"05","34","20","03",1296,611996,3523.919945847,3363,2836894,10500.088745041,0.215727482239379,0.335608586880876,3,0.995242343146001,"non_nested_or_incomplete"
"05","34","20","05",518,394712,1258.002380758,3363,2836894,10500.088745041,0.139135265540411,0.11980873793587,3,0.995242343146001,"non_nested_or_incomplete"
"05","35","20","02",2413,1648377,7682.89460924799,3284,2451191,11705.832716794,0.672480031135885,0.656330463207934,2,0.99299634591961,"non_nested_or_incomplete"
"05","35","20","01",848,801292,3983.82720874,3284,2451191,11705.832716794,0.326899046218757,0.340328390565886,2,0.99299634591961,"non_nested_or_incomplete"
"05","36","20","15",353,288553,1489.50730291,353,288553,1489.50730291,1,1,1,1,"deterministic_containment"
"05","37","20","16",1394,1153700,9068.90680278,1394,1153700,9068.90680278,1,1,1,1,"deterministic_containment"
"05","38","20","14",2041,2185588,7500.50540062,2046,2187092,7507.15440064,0.99931232888237,0.999114311540011,1,0.997556207233627,"non_nested_or_incomplete"
"05","39","20","18",1585,1612942,3462.059073941,1589,1613088,3466.411074031,0.999909490368783,0.998744522794021,1,0.997482693517936,"non_nested_or_incomplete"
"05","40","20","17",2784,1785958,8208.89946832501,2795,1787955,8220.82256812501,0.998883081509322,0.998549646376479,1,0.996064400715563,"non_nested_or_incomplete"
"05","41","10","07",706,1611638,2771.46295934001,706,1611638,2771.46295934001,1,1,1,1,"deterministic_containment"
"05","42","10","08",716,983960,1909.171187525,718,984107,1910.207187525,0.999850625999002,0.999457650454482,1,0.997214484679666,"non_nested_or_incomplete"
"06","01","30","01",233,641437,1659.62590375,233,641437,1659.62590375,1,1,1,1,"deterministic_containment"
"06","02","30","02",153,504989,1871.7145069,153,504989,1871.7145069,1,1,1,1,"deterministic_containment"
"07","01","24","10",709,1563084,10162.549571745,709,1563084,10162.549571745,1,1,1,1,"deterministic_containment"
"07","02","24","09",850,2511261,10898.1306222,850,2511261,10898.1306222,1,1,1,1,"deterministic_containment"
"07","03","24","08",656,1203234,10248.94230894,657,1203236,10248.94230894,0.99999833781569,1,1,0.998477929984779,"non_nested_or_incomplete"
"07","04","24","14",797,2058435,8043.0365179,879,2280642,9151.54391349999,0.902568224210551,0.878872089116595,2,0.998862343572241,"non_nested_or_incomplete"
"07","04","24","13",81,222073,1108.5073956,879,2280642,9151.54391349999,0.0973730204039038,0.121127910883406,2,0.998862343572241,"non_nested_or_incomplete"
"07","05","24","13",536,1042975,6038.1877939,603,1225443,6609.5397915,0.851100377577741,0.913556462987821,4,0.996683250414594,"non_nested_or_incomplete"
"07","05","24","12",63,165020,534.4719976,603,1225443,6609.5397915,0.134661506083922,0.0808637234149557,4,0.996683250414594,"non_nested_or_incomplete"
"07","05","24","20",1,10716,15.22,603,1225443,6609.5397915,0.00874459277175683,0.00230273218410353,4,0.996683250414594,"non_nested_or_incomplete"
"07","05","24","25",1,6713,21.66,603,1225443,6609.5397915,0.00547801896946655,0.00327708141311974,4,0.996683250414594,"non_nested_or_incomplete"
"07","06","24","12",845,1923626,8397.41663941601,1044,2389286,10739.215597096,0.805104956041261,0.781939478120428,2,0.986590038314176,"non_nested_or_incomplete"
"07","06","24","11",185,465293,2320.01782754,1044,2389286,10739.215597096,0.194741441585478,0.21603233556158,2,0.986590038314176,"non_nested_or_incomplete"
"07","07","24","01",885,1225537,19025.403833486,892,1225871,19064.059433586,0.999727540662925,0.99797233111685,1,0.992152466367713,"non_nested_or_incomplete"
"07","08","24","02",1237,1966536,10390.72467212,1365,2146603,12329.27277832,0.916115369260175,0.842768657888016,2,1,"non_nested_or_incomplete"
"07","08","24","03",128,180067,1938.5481062,1365,2146603,12329.27277832,0.0838846307398247,0.157231342111984,2,1,"non_nested_or_incomplete"
"07","09","24","05",1363,1758030,7245.60728339999,1364,1758238,7245.60728339999,0.999881699747133,1,1,0.999266862170088,"non_nested_or_incomplete"
"07","10","24","04",590,1638339,4533.74668339,1093,2932919,9314.18822704,0.55860356184402,0.486757039140361,3,0.999085086916743,"non_nested_or_incomplete"
"07","10","24","03",387,850063,3825.25888245,1093,2932919,9314.18822704,0.289835143759511,0.410691601802173,3,0.999085086916743,"non_nested_or_incomplete"
"07","10","24","06",115,442605,942.1750072,1093,2932919,9314.18822704,0.150909384132327,0.10115481717073,3,0.999085086916743,"non_nested_or_incomplete"
"07","11","24","06",54,408992,4535.6173383,54,408992,4535.6173383,1,1,1,1,"deterministic_containment"
"07","12","24","07",531,4525432,11452.60796323,627,4739753,12072.80276129,0.95478224287215,0.94862876414675,2,1,"non_nested_or_incomplete"
"07","12","24","06",96,214321,620.19479806,627,4739753,12072.80276129,0.0452177571278503,0.0513712358532503,2,1,"non_nested_or_incomplete"
"07","13","24","16",615,1774595,3980.65244841,980,3428698,7044.92595111,0.517571101333509,0.565038224111186,3,1,"non_nested_or_incomplete"
"07","13","24","15",359,1642615,3030.0173027,980,3428698,7044.92595111,0.479078355690702,0.430099240748242,3,1,"non_nested_or_incomplete"
"07","13","24","06",6,11488,34.2562,980,3428698,7044.92595111,0.00335054297578848,0.004862535140572,3,1,"non_nested_or_incomplete"
"07","14","24","17",1193,1681841,5165.999390515,1890,2956071,8818.35601766499,0.568944724264065,0.585823409733791,2,0.9994708994709,"non_nested_or_incomplete"
"07","14","24","18",696,1274123,3652.35662715,1890,2956071,8818.35601766499,0.431019079041065,0.41417659026621,2,0.9994708994709,"non_nested_or_incomplete"
"07","15","24","19",1548,3026600,9971.81021284,1646,3078103,10216.22661249,0.9832679413262,0.976075667766494,2,0.999392466585662,"non_nested_or_incomplete"
"07","15","24","20",97,51483,244.41639965,1646,3078103,10216.22661249,0.0167255611654321,0.0239243322335064,2,0.999392466585662,"non_nested_or_incomplete"
"07","16","24","21",662,1148252,5216.75870317,1125,1546145,7540.80546748,0.74265479628366,0.691803909498457,3,0.995555555555556,"non_nested_or_incomplete"
"07","16","24","20",457,390851,2285.87976471,1125,1546145,7540.80546748,0.252790650294765,0.303134694903342,3,0.995555555555556,"non_nested_or_incomplete"
"07","16","24","13",1,4073,15.22,1125,1546145,7540.80546748,0.00263429367879468,0.00201835202693357,3,0.995555555555556,"non_nested_or_incomplete"
"07","17","24","22",1154,3331964,6479.97574693999,1158,3333086,6538.66564703999,0.999663375022427,0.99102417782647,1,0.996545768566494,"non_nested_or_incomplete"
"07","18","24","24",380,1085692,2219.41956219,840,2159887,5228.03517719001,0.502661481827522,0.424522691024222,3,0.998809523809524,"non_nested_or_incomplete"
"07","18","24","25",458,1066175,2986.955615,840,2159887,5228.03517719001,0.493625360956383,0.571334261106759,3,0.998809523809524,"non_nested_or_incomplete"
"07","18","24","13",1,7918,21.66,840,2159887,5228.03517719001,0.00366593252332182,0.00414304786901643,3,0.998809523809524,"non_nested_or_incomplete"
"07","19","24","23",311,144091,1723.57200605,311,144091,1723.57200605,1,1,1,1,"deterministic_containment"
"08","01","06","02",465,799085,1486.65069755,678,1095807,2123.42849619,0.729220565300276,0.700118087431458,2,0.994100294985251,"non_nested_or_incomplete"
"08","01","06","01",209,295353,630.74419854,678,1095807,2123.42849619,0.2695301271118,0.297040470009574,2,0.994100294985251,"non_nested_or_incomplete"
"08","02","06","03",605,784202,1557.35893145,624,799865,1615.19883145,0.980417945528308,0.964190229169448,2,0.990384615384615,"non_nested_or_incomplete"
"08","02","06","04",13,15601,45.0999,624,799865,1615.19883145,0.0195045413913598,0.0279221970211016,2,0.990384615384615,"non_nested_or_incomplete"
"08","03","06","04",383,561760,1537.71179948,391,622502,1589.17209988,0.902422803460872,0.967618170238525,2,0.982097186700767,"non_nested_or_incomplete"
"08","03","06","05",1,3895,10.9466,391,622502,1589.17209988,0.00625700800961282,0.00688824073920414,2,0.982097186700767,"non_nested_or_incomplete"
"08","04","06","05",264,759027,2158.6288957,282,811904,2321.7694977,0.934872842109412,0.929734367618486,4,1,"non_nested_or_incomplete"
"08","04","06","09",10,31376,93.31,282,811904,2321.7694977,0.0386449629512849,0.0401891747188664,4,1,"non_nested_or_incomplete"
"08","04","06","04",7,13601,45.4122,282,811904,2321.7694977,0.0167519805297178,0.0195593059711511,4,1,"non_nested_or_incomplete"
"08","04","06","06",1,7900,24.418402,282,811904,2321.7694977,0.00973021440958537,0.0105171516914963,4,1,"non_nested_or_incomplete"
"08","05","06","06",367,864215,1861.38309705,380,885091,1907.94569695,0.976413724690456,0.975595427074034,3,0.989473684210526,"non_nested_or_incomplete"
"08","05","06","07",7,16943,34.7379,380,885091,1907.94569695,0.0191426644265957,0.0182069647241697,3,0.989473684210526,"non_nested_or_incomplete"
"08","05","06","04",2,2096,5.32,380,885091,1907.94569695,0.00236811808051376,0.00278833931621033,3,0.989473684210526,"non_nested_or_incomplete"
"08","06","06","07",169,635971,1208.3910006,216,789797,1700.4929006,0.805233496708648,0.710612199659071,2,0.990740740740741,"non_nested_or_incomplete"
"08","06","06","06",45,146847,473.6389,216,789797,1700.4929006,0.185930055444627,0.278530360128456,2,0.990740740740741,"non_nested_or_incomplete"
"08","07","06","08",242,738065,1294.1340046,243,738070,1296.8840046,0.99999322557481,0.997879532795342,1,0.995884773662551,"non_nested_or_incomplete"
"08","08","06","14",142,760450,1624.6852997,460,1735513,4202.49090130001,0.438170154876397,0.386600551400936,6,0.997826086956522,"non_nested_or_incomplete"
"08","08","06","15",237,672690,1745.7021032,460,1735513,4202.49090130001,0.387602973875736,0.415396997685344,6,0.997826086956522,"non_nested_or_incomplete"
"08","08","06","08",75,267714,731.0634984,460,1735513,4202.49090130001,0.154256407183352,0.173959567211401,6,0.997826086956522,"non_nested_or_incomplete"
"08","08","06","13",3,25858,53.39,460,1735513,4202.49090130001,0.0148993410017672,0.0127043701590131,6,0.997826086956522,"non_nested_or_incomplete"
"08","08","06","09",1,4456,24.21,460,1735513,4202.49090130001,0.00256754054852946,0.00576086910563229,6,0.997826086956522,"non_nested_or_incomplete"
"08","08","06","12",1,4298,19,460,1735513,4202.49090130001,0.00247650118437603,0.0045211281704673,6,0.997826086956522,"non_nested_or_incomplete"
"08","09","06","19",410,1463916,2033.87289849,413,1465072,2042.70949849,0.99921096028045,0.995674078959082,1,0.99273607748184,"non_nested_or_incomplete"
"08","10","06","18",683,1123119,2638.86170602,686,1123217,2643.03390599,0.999912750608297,0.998421435320771,1,0.995626822157434,"non_nested_or_incomplete"
"08","11","06","17",397,603498,1481.99069786,403,614779,1519.05999806,0.981650316617842,0.975597211270561,2,0.997518610421836,"non_nested_or_incomplete"
"08","11","06","15",5,11279,36.2493002,403,614779,1519.05999806,0.0183464301806015,0.0238629812162088,2,0.997518610421836,"non_nested_or_incomplete"
"08","12","06","16",366,671810,1910.69110845,366,671810,1910.69110845,1,1,1,1,"deterministic_containment"
"08","13","06","13",434,1134771,4495.4071108,436,1134943,4528.3223108,0.999848450538926,0.992731259450879,1,0.995412844036697,"non_nested_or_incomplete"
"08","14","06","09",295,936988,2586.3657978,304,955490,2651.9483988,0.98063611340778,0.975270031260911,3,1,"non_nested_or_incomplete"
"08","14","06","05",5,10111,34.72,304,955490,2651.9483988,0.0105820050445321,0.0130922607754022,3,1,"non_nested_or_incomplete"
"08","14","06","06",4,8391,30.862601,304,955490,2651.9483988,0.00878188154768757,0.0116377079636863,3,1,"non_nested_or_incomplete"
"08","15","06","12",269,1194789,3986.0553963,512,1840949,6510.8187976,0.649007115351919,0.61222029367018,2,1,"non_nested_or_incomplete"
"08","15","06","10",243,646160,2524.7634013,512,1840949,6510.8187976,0.350992884648081,0.38777970632982,2,1,"non_nested_or_incomplete"
"08","16","06","11",319,895887,4219.4570008,320,898615,4222.4370008,0.996964217156402,0.99929424642702,1,0.996875,"non_nested_or_incomplete"
"09","01","02","01",1098,390689,2636.43221398,1149,393286,2675.27071398,0.993396662988258,0.985482403781777,1,0.955613577023499,"non_nested_or_incomplete"
"09","02","02","02",3589,1171916,4327.665545196,3622,1172773,4332.762245196,0.999269253299658,0.998823683435284,1,0.990889011595803,"non_nested_or_incomplete"
"09","03","02","06",1612,365666,1056.299632272,1614,365669,1056.299632272,0.999991795859097,1,1,0.998760842627014,"non_nested_or_incomplete"
"09","04","02","07",507,307943,902.42546228,508,307949,902.42546228,0.999980516254315,1,1,0.998031496062992,"non_nested_or_incomplete"
"09","05","02","08",942,292025,999.723681575,949,292063,999.723681575,0.999869891085143,1,1,0.992623814541623,"non_nested_or_incomplete"
"09","06","02","05",2780,775908,3425.793505896,2821,776194,3444.506482676,0.999631535415115,0.994567298138611,1,0.985466146756469,"non_nested_or_incomplete"
"09","07","02","04",175,297164,586.3316327,175,297164,586.3316327,1,1,1,1,"deterministic_containment"
"09","08","02","03",265,31163,1146.92315862,272,31294,1151.76231472,0.995813894037196,0.995798476788003,1,0.974264705882353,"non_nested_or_incomplete"
"09","09","02","11",2235,598330,2915.89472589301,2273,600215,2936.17743549301,0.996859458693968,0.993092137636228,1,0.983282006159261,"non_nested_or_incomplete"
"09","10","02","09",2340,378285,1702.889604068,2347,378487,1703.790604068,0.999466296068293,0.999471179147338,1,0.997017469109502,"non_nested_or_incomplete"
"09","11","02","10",967,379655,2234.06436302,968,379656,2234.06436302,0.999997366036623,1,1,0.99896694214876,"non_nested_or_incomplete"
"09","12","02","12",217,71022,526.41439883,228,71270,531.03189883,0.996520275010523,0.991304665482104,1,0.951754385964912,"non_nested_or_incomplete"
"11","01","29","20",552,4107519,1564.711298505,553,4107613,1566.533098405,0.999977115663038,0.99883704985113,1,0.998191681735985,"non_nested_or_incomplete"
"11","02","29","21",1692,1659281,5255.556742445,1709,1661965,5259.295336655,0.998385044209716,0.999289145413846,1,0.990052662375658,"non_nested_or_incomplete"
"11","03","29","01",1132,3535072,12615.48098877,1133,3535125,12624.84028877,0.999985007602277,0.999258659928686,1,0.999117387466902,"non_nested_or_incomplete"
"11","04","29","12",514,1624476,7728.68309834,594,1857949,9084.67650324,0.874338316067879,0.850738393996045,2,0.98989898989899,"non_nested_or_incomplete"
"11","04","29","14",74,232885,1354.5818049,594,1857949,9084.67650324,0.125345205923306,0.14910622347608,2,0.98989898989899,"non_nested_or_incomplete"
"11","05","29","05",582,1236993,5224.2257128,589,1249026,5224.2257128,0.990366093259868,1,1,0.98811544991511,"non_nested_or_incomplete"
"11","06","29","03",633,1520553,10050.91360601,1261,2915947,16438.64590551,0.52146112395047,0.611419800863347,2,0.988897700237906,"non_nested_or_incomplete"
"11","06","29","02",614,1384377,6342.4332991,1261,2915947,16438.64590551,0.47476068666543,0.38582455851635,2,0.988897700237906,"non_nested_or_incomplete"
"11","07","29","17",1009,994754,6529.60590395,1021,995115,6572.35900392,0.999637227858087,0.993495014507805,1,0.988246816846229,"non_nested_or_incomplete"
"11","08","29","13",915,1309198,7569.86549872,1282,2152685,9781.38680102001,0.608169797253198,0.773905137657025,2,0.992979719188768,"non_nested_or_incomplete"
"11","08","29","14",358,843347,2204.3560028,1282,2152685,9781.38680102001,0.391765167685936,0.225362318006904,2,0.992979719188768,"non_nested_or_incomplete"
"11","09","29","24",371,1615713,4867.4209917,622,2643741,8490.92408794001,0.611146477661768,0.573249853760133,2,0.998392282958199,"non_nested_or_incomplete"
"11","09","29","16",250,1022252,3618.67309624,622,2643741,8490.92408794001,0.386668739486962,0.426181303561498,2,0.998392282958199,"non_nested_or_incomplete"
"11","10","29","09",356,1366932,4080.93131943,1355,3477792,13177.35621589,0.393045932591713,0.309692722316255,3,0.991881918819188,"non_nested_or_incomplete"
"11","10","29","11",674,1247510,4646.62070443,1355,3477792,13177.35621589,0.358707478768138,0.352621620627273,3,0.991881918819188,"non_nested_or_incomplete"
"11","10","29","08",314,859008,4448.59889203,1355,3477792,13177.35621589,0.246998095343252,0.337594189543547,3,0.991881918819188,"non_nested_or_incomplete"
"11","11","29","04",1290,2536043,15007.65161164,1298,2566912,15015.20251164,0.987974266355839,0.999497116339647,1,0.993836671802773,"non_nested_or_incomplete"
"11","12","29","23",2349,1427112,6370.06095536999,2371,1430366,6415.45095526999,0.997725057782414,0.992924893321378,1,0.990721214677351,"non_nested_or_incomplete"
"11","13","29","25",294,488370,4065.96450854,296,488455,4067.94110854,0.999825981922593,0.999514103093614,1,0.993243243243243,"non_nested_or_incomplete"
"11","14","29","19",2861,2137301,7764.0434702,2893,2140494,7779.26477047,0.998508288273641,0.998043349761306,1,0.988938817836156,"non_nested_or_incomplete"
"11","15","29","22",1362,1642218,4704.95042492,1374,1644374,4704.95042492,0.998688862752634,1,1,0.991266375545852,"non_nested_or_incomplete"
"11","16","29","26",1189,2264636,5543.23917234499,1654,3147728,9097.26285417498,0.719450981787499,0.609330439408052,2,0.970979443772672,"non_nested_or_incomplete"
"11","16","29","27",417,868699,3542.36338168,1654,3147728,9097.26285417498,0.275976513853802,0.389387823399465,2,0.970979443772672,"non_nested_or_incomplete"
"11","17","29","06",811,1343461,8052.44682159999,1408,2308134,13420.6900316,0.582055028000974,0.600002444184309,2,0.994318181818182,"non_nested_or_incomplete"
"11","17","29","07",589,948828,5337.829508,1408,2308134,13420.6900316,0.411080119265173,0.397731375617177,2,0.994318181818182,"non_nested_or_incomplete"
"11","18","29","15",1417,1409251,7830.86577304599,1773,1865921,9619.753075186,0.755257591291378,0.814040205797546,2,0.993231810490694,"non_nested_or_incomplete"
"11","18","29","14",344,456451,1787.1216967,1773,1865921,9619.753075186,0.244625040395601,0.185776254622362,2,0.993231810490694,"non_nested_or_incomplete"
"11","19","29","18",2517,2282980,10009.5817973,2535,2288914,10019.4725972,0.9974075041701,0.9990128422625,1,0.992899408284024,"non_nested_or_incomplete"
"11","20","29","10",1248,1171807,9785.21756664,1252,1172030,9789.11766674,0.999809731832803,0.999601588188765,1,0.996805111821086,"non_nested_or_incomplete"
"12","01","32","01",119,1071508,1961.3088985,119,1071508,1961.3088985,1,1,1,1,"deterministic_containment"
"12","02","32","02",123,2251727,2971.923501,123,2251727,2971.923501,1,1,1,1,"deterministic_containment"
"12","03","32","03",47,672128,2125.663309,47,672128,2125.663309,1,1,1,1,"deterministic_containment"
"12","04","32","04",98,2562144,2311.6468895,98,2562144,2311.6468895,1,1,1,1,"deterministic_containment"
"12","05","32","05",127,3065578,3532.2446939,127,3065578,3532.2446939,1,1,1,1,"deterministic_containment"
"12","06","32","06",146,2327554,4359.4062183,146,2327554,4359.4062183,1,1,1,1,"deterministic_containment"
"12","07","32","07",221,2699453,2969.8220172,221,2699453,2969.8220172,1,1,1,1,"deterministic_containment"
"12","08","32","08",106,2755541,2346.8051168,106,2755541,2346.8051168,1,1,1,1,"deterministic_containment"
"12","09","32","09",61,1055023,4562.145193,62,1078066,5105.211663,0.978625612903106,0.89362508239651,2,1,"non_nested_or_incomplete"
"12","09","32","08",1,23043,543.06647,62,1078066,5105.211663,0.0213743870968939,0.10637491760349,2,1,"non_nested_or_incomplete"
"12","10","32","10",85,1823959,2191.1421982,85,1823959,2191.1421982,1,1,1,1,"deterministic_containment"
"12","11","32","11",72,2001217,1361.2610019,72,2001217,1361.2610019,1,1,1,1,"deterministic_containment"
"12","12","32","12",63,1188332,2730.722197,63,1188332,2730.722197,1,1,1,1,"deterministic_containment"
"12","13","32","13",93,2372939,2489.3301682,93,2372939,2489.3301682,1,1,1,1,"deterministic_containment"
"12","14","32","14",85,2912431,2166.110202,85,2912431,2166.110202,1,1,1,1,"deterministic_containment"
"13","01","23","02",764,1278807,4788.11570335,1301,1698953,10092.66500475,0.752702988252177,0.474415399807338,2,0.985395849346656,"non_nested_or_incomplete"
"13","01","23","01",518,418129,5244.2310014,1301,1698953,10092.66500475,0.246109809982972,0.519608150962294,2,0.985395849346656,"non_nested_or_incomplete"
"13","02","23","03",882,1218513,4335.55769951,886,1218602,4335.55769951,0.999926965489963,1,1,0.99548532731377,"non_nested_or_incomplete"
"13","03","23","04",572,1293182,4256.99703575,715,1412610,4884.55393415,0.915455787513893,0.871522168275698,2,0.995804195804196,"non_nested_or_incomplete"
"13","03","23","05",140,118912,626.0567985,715,1412610,4884.55393415,0.0841789311982784,0.128170720794579,2,0.995804195804196,"non_nested_or_incomplete"
"13","04","23","05",404,396314,1749.6883935,405,396317,1749.6883935,0.999992430302006,1,1,0.997530864197531,"non_nested_or_incomplete"
"13","05","23","06",1314,1124471,6510.83931526001,1323,1124973,6510.83931526001,0.999553767068187,1,1,0.993197278911565,"non_nested_or_incomplete"
"13","06","23","07",2037,1286614,10217.1936179,2047,1287650,10219.8226179,0.999195433541723,0.999742754830657,1,0.995114802149487,"non_nested_or_incomplete"
"13","07","23","08",864,934972,4172.90139407,866,935031,4178.32559417,0.999936900487791,0.998701824456292,1,0.997690531177829,"non_nested_or_incomplete"
"13","08","23","09",1078,1141414,8293.19230171999,1081,1141432,8307.11500171999,0.999984230335228,0.998324002978517,1,0.99722479185939,"non_nested_or_incomplete"
"13","09","23","10",935,687445,4167.11182627999,940,687556,4167.11182627999,0.999838558604681,1,1,0.99468085106383,"non_nested_or_incomplete"
"13","10","23","11",1867,1647316,7757.10733741999,1878,1647693,7760.15323745999,0.999771195240861,0.999607494859084,1,0.994142705005325,"non_nested_or_incomplete"
"13","11","23","12",1161,887865,5101.26510073,1163,887890,5101.26510073,0.999971843358975,1,2,0.999140154772141,"non_nested_or_incomplete"
"13","11","23","22",1,18,NA,1163,887890,5101.26510073,2.02727815382536e-05,NA,2,0.999140154772141,"non_nested_or_incomplete"
"13","12","23","13",1736,1426178,6644.30780612998,1779,1446866,6652.37050654998,0.985701509331203,0.998787995886269,1,0.975829117481731,"non_nested_or_incomplete"
"13","13","23","14",2349,1554755,6578.99313165999,2359,1554987,6588.52203165999,0.999850802611212,0.998553712053445,1,0.995760915642221,"non_nested_or_incomplete"
"13","14","23","16",1378,1297810,8932.70917805,1989,1726830,12928.93139855,0.751556319962011,0.690908544773609,2,0.986425339366516,"non_nested_or_incomplete"
"13","14","23","15",584,416196,3996.2222205,1989,1726830,12928.93139855,0.241017355501121,0.309091455226391,2,0.986425339366516,"non_nested_or_incomplete"
"13","15","23","17",1736,1288581,6077.761899604,1746,1290716,6078.039699604,0.998345879341389,0.99995429447425,1,0.994272623138603,"non_nested_or_incomplete"
"13","16","23","19",899,956136,5131.94879829,1586,1554948,8545.48680584,0.614899019131186,0.600544932651797,2,0.993064312736444,"non_nested_or_incomplete"
"13","16","23","18",676,597927,3397.26510755,1586,1554948,8545.48680584,0.384531830003318,0.39755079900519,2,0.993064312736444,"non_nested_or_incomplete"
"13","17","23","20",1048,965725,4826.56501208999,1051,965935,4828.72751209,0.999782594066889,0.999552159446853,1,0.997145575642245,"non_nested_or_incomplete"
"13","18","23","21",1092,1383086,6023.08780081,1092,1383086,6023.08780081,1,1,1,1,"deterministic_containment"
"13","19","23","22",1070,1029427,5931.67640854,1072,1029444,5934.08530853999,0.999983486231403,0.999594057066129,1,0.998134328358209,"non_nested_or_incomplete"
"13","20","23","23",1058,1033651,6184.04288481,1069,1033807,6197.88738471,0.999849101428023,0.997766255009061,1,0.989710009354537,"non_nested_or_incomplete"
"13","21","23","24",1313,1121972,6062.018301594,1319,1122243,6069.075501594,0.999758519322464,0.998837186982079,1,0.995451099317665,"non_nested_or_incomplete"
"13","22","23","25",1469,1322217,8153.71823331001,1476,1322452,8155.97193331001,0.999822299788575,0.999723674870582,1,0.995257452574526,"non_nested_or_incomplete"
"13","23","23","26",626,1830792,3428.379398924,633,1831346,3434.369498924,0.999697490261261,0.998255837060667,1,0.988941548183254,"non_nested_or_incomplete"
"13","24","23","27",1148,1175510,5878.209889366,1876,2005321,9918.441985346,0.58619542706629,0.592654561880864,2,0.984008528784648,"non_nested_or_incomplete"
"13","24","23","28",698,826044,4016.72069578,1876,2005321,9918.441985346,0.411926070688932,0.404974964990923,2,0.984008528784648,"non_nested_or_incomplete"
"13","25","23","29",1051,1421460,7033.68230756,1055,1422275,7047.70280756,0.999426974389622,0.998010628373126,1,0.996208530805687,"non_nested_or_incomplete"
"13","26","23","30",1673,992215,6037.52167226601,1673,992215,6037.52167226601,1,1,1,1,"deterministic_containment"
"13","27","23","31",1518,970330,7148.81750485999,1524,970388,7152.92160468999,0.99994023009353,0.999426234473574,1,0.996062992125984,"non_nested_or_incomplete"
"13","28","23","32",492,1350260,3439.28479185,494,1350289,3440.44149185,0.999978523116163,0.999663793149007,1,0.995951417004049,"non_nested_or_incomplete"
"13","29","23","33",1008,840289,5977.67726362,1013,840519,5979.75146362,0.999726359546899,0.999653129396327,1,0.995064165844028,"non_nested_or_incomplete"
"13","30","23","34",1410,870864,6567.74849132999,1418,870977,6571.20509132999,0.999870260638341,0.999473977763293,1,0.994358251057828,"non_nested_or_incomplete"
"13","31","23","35",1324,1180541,7516.70612275001,1332,1181333,7530.27672275001,0.999329570916922,0.998197861712173,1,0.993993993993994,"non_nested_or_incomplete"
"13","32","23","37",926,880280,4820.99306226,1425,1260326,7474.11975228001,0.69845420946644,0.645024862063434,2,0.996491228070175,"non_nested_or_incomplete"
"13","32","23","36",494,379952,2653.12669002,1425,1260326,7474.11975228001,0.301471206656056,0.354975137936565,2,0.996491228070175,"non_nested_or_incomplete"
"13","33","23","39",1376,1767999,4708.08930349,2267,2649206,8813.77995756001,0.66736939294264,0.534173683273275,2,0.995588883987649,"non_nested_or_incomplete"
"13","33","23","38",881,881158,4100.86715417,2267,2649206,8813.77995756001,0.332612110949469,0.465279048707415,2,0.995588883987649,"non_nested_or_incomplete"
"13","34","23","40",1021,777297,4509.57855153,1026,777318,4510.03545153,0.999972984029702,0.999898692592351,1,0.995126705653021,"non_nested_or_incomplete"
"13","35","23","42",1204,779084,4941.41370721999,2103,1291263,8811.78189121999,0.603350363171561,0.560773492605802,2,0.997622444127437,"non_nested_or_incomplete"
"13","35","23","41",894,511832,3867.050884,2103,1291263,8811.78189121999,0.396380907684956,0.438850045511579,2,0.997622444127437,"non_nested_or_incomplete"
"13","36","23","43",1909,1551597,9624.35853120499,1916,1551969,9672.83053120499,0.999760304490618,0.994988850487598,1,0.996346555323591,"non_nested_or_incomplete"
"13","37","23","44",1574,987110,6102.16747959001,1575,987149,6102.16747959001,0.999960492286372,1,1,0.999365079365079,"non_nested_or_incomplete"
"13","38","23","45",1252,1334592,6299.74444097,1257,1334993,6301.21471087,0.999699623893159,0.999766668814274,1,0.996022275258552,"non_nested_or_incomplete"
"13","39","22","02",1762,1573955,11100.93375922,2397,2005216,14267.14870392,0.784930401512854,0.778076544206057,2,0.999165623696287,"non_nested_or_incomplete"
"13","39","22","01",633,431254,3164.2712447,2397,2005216,14267.14870392,0.215066107591402,0.221787219742834,2,0.999165623696287,"non_nested_or_incomplete"
"13","40","22","07",12,1386020.16862591,332.39449,23,1674786.97852047,626.70096,0.827579976678789,0.530387714740376,4,1,"non_nested_or_incomplete"
"13","40","22","05",2,159754.80989456,170.29647,23,1674786.97852047,626.70096,0.095388137084568,0.271734815916031,4,1,"non_nested_or_incomplete"
"13","40","22","06",8,118643,112.7,23,1674786.97852047,626.70096,0.0708406510927204,0.179830584590137,4,1,"non_nested_or_incomplete"
"13","40","22","08",1,10369,11.31,23,1674786.97852047,626.70096,0.00619123514392267,0.0180468847534556,4,1,"non_nested_or_incomplete"
"13","41","22","04",1431,1065915,5204.58637717,2197,1722291,10551.752647,0.618893671278547,0.493243781510528,2,0.99954483386436,"non_nested_or_incomplete"
"13","41","22","03",765,656352,5347.16626983,2197,1722291,10551.752647,0.38109239379408,0.506756218489472,2,0.99954483386436,"non_nested_or_incomplete"
"13","42","22","09",1593,1089045,6394.45017447,2273,1439951,8313.21363440601,0.756306985446033,0.76919112820645,2,0.997800263968324,"non_nested_or_incomplete"
"13","42","22","08",675,350790,1918.763459936,2273,1439951,8313.21363440601,0.243612456257192,0.230808871793549,2,0.997800263968324,"non_nested_or_incomplete"
"13","43","22","10",1786,2306383,7918.81441020001,1788,2306557,7918.81441020001,0.999924562887455,1,1,0.998881431767338,"non_nested_or_incomplete"
"13","44","22","11",2094,1984652,9326.96985510001,3825,3361757,15543.84193024,0.590361528212777,0.600042762719731,3,0.998954248366013,"non_nested_or_incomplete"
"13","44","22","12",1104,789215,3862.81374418,3825,3361757,15543.84193024,0.234762655361467,0.248510874050066,3,0.998954248366013,"non_nested_or_incomplete"
"13","44","22","13",623,587679,2342.42423096,3825,3361757,15543.84193024,0.174813051627467,0.150697893189643,3,0.998954248366013,"non_nested_or_incomplete"
"13","45","22","15",1450,1097383,10827.44340265,3658,2254935,27949.8709969399,0.486658373744698,0.387387956239063,3,0.996719518862767,"non_nested_or_incomplete"
"13","45","22","16",1195,613079,12458.48163389,3658,2254935,27949.8709969399,0.271883225015355,0.44574379735971,3,0.996719518862767,"non_nested_or_incomplete"
"13","45","22","14",1001,543738,4635.14936239999,3658,2254935,27949.8709969399,0.24113244949411,0.165837951914249,3,0.996719518862767,"non_nested_or_incomplete"
"14","02","27","21",1616,5185700,10103.87413875,1620,5187162,10132.85263845,0.999718150310324,0.997140143971892,1,0.997530864197531,"non_nested_or_incomplete"
"14","03","27","24",1859,1812063,6904.94183054,1864,1812282,6909.73940297,0.999879157879403,0.999305679686279,1,0.997317596566524,"non_nested_or_incomplete"
"14","04","27","32",1522,1544057,8560.6928115,1522,1544057,8560.6928115,1,1,1,1,"deterministic_containment"
"14","05","27","33",739,831664,5087.19287952001,739,831664,5087.19287952001,1,1,1,1,"deterministic_containment"
"14","06","27","20",1825,3837759,15638.0814026,1826,3847229,15665.7534016,0.997538488091039,0.998233599221779,1,0.999452354874042,"non_nested_or_incomplete"
"14","07","27","02",663,1470015,6686.28099633,1586,2531682,11331.55387358,0.580647569481475,0.590058616049062,2,0.998738965952081,"non_nested_or_incomplete"
"14","07","27","01",921,1061097,4638.82207725,1586,2531682,11331.55387358,0.419127283758387,0.409372106332708,2,0.998738965952081,"non_nested_or_incomplete"
"14","08","27","03",1490,3182122,10837.58603028,1494,3187634,10882.88093028,0.998270817791503,0.995837967879077,1,0.997322623828648,"non_nested_or_incomplete"
"14","09","27","26",1556,3347210,17204.28298706,1557,3347350,17213.94898606,0.999958175870465,0.999438478700743,1,0.999357739242132,"non_nested_or_incomplete"
"14","10","27","25",1816,5144696,16443.06237462,1819,5146435,16473.27007462,0.999662096188915,0.99816625965196,1,0.998350742166025,"non_nested_or_incomplete"
"14","11","27","31",1548,2440781,10648.65145419,1557,2442921,10732.08775419,0.999123999507147,0.992225529467235,1,0.994219653179191,"non_nested_or_incomplete"
"14","12","27","35",716,2079541,8800.6003769,717,2079816,8818.6003769,0.999867776764868,0.99795885977018,1,0.99860529986053,"non_nested_or_incomplete"
"14","13","27","30",1128,3141082,15006.7545994,1131,3141827,15057.3947992,0.999762876822944,0.99663685514823,1,0.997347480106101,"non_nested_or_incomplete"
"14","14","27","34",1180,2981359,7673.61660367,1190,2984142,7775.88660367,0.999067403628916,0.986847802030481,1,0.991596638655462,"non_nested_or_incomplete"
"14","15","27","19",1295,2203299,10222.53601068,1307,2205166,10278.46361058,0.99915335172046,0.99455875877768,1,0.990818668706963,"non_nested_or_incomplete"
"14","16","27","18",960,1364425,7779.2002259,960,1364425,7779.2002259,1,1,1,1,"deterministic_containment"
"14","17","27","17",801,1289441,6362.78320173001,1477,2113372,11083.81310888,0.61013442025351,0.5740608524545,2,0.99322951929587,"non_nested_or_incomplete"
"14","17","27","16",666,823586,4696.95790761,1477,2113372,11083.81310888,0.389702333521973,0.42376733182617,2,0.99322951929587,"non_nested_or_incomplete"
"14","18","27","27",1275,1822069,11128.5147451,1276,1822072,11130.4947451,0.999998353522803,0.999822110333337,1,0.999216300940439,"non_nested_or_incomplete"
"14","19","27","15",1519,2325218,10869.23502724,1522,2325380,10874.28172724,0.999930333966922,0.999535904979604,1,0.998028909329829,"non_nested_or_incomplete"
"14","20","27","29",722,1274527,7808.5143554,722,1274527,7808.5143554,1,1,1,1,"deterministic_containment"
"14","21","27","28",917,1676292,7184.73833725,919,1676641,7203.84993725,0.999791845720103,0.997347029690169,1,0.997823721436344,"non_nested_or_incomplete"
"14","22","27","04",1281,1885332,9141.16064202001,1307,1885728,9227.23624192001,0.999790001527262,0.99067157297773,1,0.980107115531752,"non_nested_or_incomplete"
"14","23","27","05",858,1338202,5090.7625883,1579,2200853,10090.8501808,0.608037883493355,0.504492931426756,2,0.982900569981001,"non_nested_or_incomplete"
"14","23","27","06",694,862216,4914.53809220001,1579,2200853,10090.8501808,0.391764465868461,0.487029140671513,2,0.982900569981001,"non_nested_or_incomplete"
"14","24","27","07",1647,2197171,8731.11300725,1690,2198220,8840.17880761,0.999522795716534,0.987662489330407,1,0.974556213017752,"non_nested_or_incomplete"
"14","25","27","14",1816,2072525,12397.40150218,1843,2073004,12489.06970178,0.999768934358062,0.99266012587095,1,0.98534997287032,"non_nested_or_incomplete"
"14","26","27","08",940,1058348,4903.66663772,972,1060873,4970.25783834,0.997619884755291,0.986602063155291,1,0.967078189300412,"non_nested_or_incomplete"
"14","27","27","09",1616,3275199,7814.70599451,1654,3278980,7908.72109441,0.998846897510811,0.988112477507084,1,0.977025392986699,"non_nested_or_incomplete"
"14","28","27","11",881,1086221,4487.88579956,1662,2107629,7669.31500266,0.515375808550746,0.585174268888869,2,0.996389891696751,"non_nested_or_incomplete"
"14","28","27","10",775,1019196,3141.7179031,1662,2107629,7669.31500266,0.483574670874238,0.409647784973017,2,0.996389891696751,"non_nested_or_incomplete"
"14","29","27","13",1450,1749395,7360.65759799,1479,1753584,7435.39909768999,0.997611178021697,0.989947883265175,1,0.980392156862745,"non_nested_or_incomplete"
"14","30","27","12",1493,786669,6768.10067507501,1507,787010,6784.68677490101,0.999566714527134,0.99755536248374,1,0.9907100199071,"non_nested_or_incomplete"
"15","01","14","01",359,95820,1333.36990154,476,187745,2895.52401314,0.510373112466377,0.460493470435443,1,0.754201680672269,"non_nested_or_incomplete"
"15","02","14","02",155,78605,3784.6176231,155,78605,3784.6176231,1,1,1,1,"deterministic_containment"
"15","03","14","03",460,134177,4313.77715595,463,134602,4326.03632745,0.996842543201438,0.997166188498647,1,0.993520518358531,"non_nested_or_incomplete"
"15","04","14","09",270,67598,2449.11035913,279,68696,2513.63468613,0.984016536625131,0.974330268691772,1,0.967741935483871,"non_nested_or_incomplete"
"15","05","14","05",93,283567,310.77747511,93,283567,310.77747511,1,1,1,1,"deterministic_containment"
"15","06","14","04",50,167876,665.73494727,51,168143,665.73494727,0.99841206592008,1,1,0.980392156862745,"non_nested_or_incomplete"
"15","07","14","07",199,267894,471.96651727,324,700893,932.13245382,0.382218113178474,0.506329884058666,2,0.978395061728395,"non_nested_or_incomplete"
"15","07","14","06",118,214281,352.46633595,324,700893,932.13245382,0.305725695648266,0.378129025017364,2,0.978395061728395,"non_nested_or_incomplete"
"15","08","14","08",185,101888,4319.2428961,185,101888,4319.2428961,1,1,1,1,"deterministic_containment"
"16","01","17","07",126,80273,990.9231171,448,218333,3305.72196966,0.367663156737644,0.299759969590521,1,0.28125,"non_nested_or_incomplete"
"16","02","17","06",312,325241,900.10295546,1318,642069,4466.88753566,0.5065514765547,0.201505622936398,3,0.490895295902883,"non_nested_or_incomplete"
"16","02","17","05",333,79610,1396.19600023,1318,642069,4466.88753566,0.12398978925941,0.312565738242547,3,0.490895295902883,"non_nested_or_incomplete"
"16","02","17","04",2,738,3.6669179,1318,642069,4466.88753566,0.00114940917564935,0.000820911176009315,3,0.490895295902883,"non_nested_or_incomplete"
"16","03","17","04",481,125864,2610.351437132,725,196013,4143.443057482,0.642120675669471,0.629995730825448,1,0.663448275862069,"non_nested_or_incomplete"
"16","04","17","02",674,149420,1821.54770234,783,172609,2216.31291927,0.865655904385055,0.821882003440188,1,0.860791826309068,"non_nested_or_incomplete"
"16","05","17","01",1220,357339,2950.801385196,1941,466458,4749.132487596,0.766068970839818,0.62133482123378,2,0.841318907779495,"non_nested_or_incomplete"
"16","05","17","03",413,52371,1163.95760673,1941,466458,4749.132487596,0.112273773844591,0.245088468213948,2,0.841318907779495,"non_nested_or_incomplete"
"17","01","15","04",82,83404,2973.2200415,353,475065,8326.9043452,0.175563343963458,0.357061870563446,5,0.892351274787535,"non_nested_or_incomplete"
"17","01","15","03",90,65965,1290.6244387,353,475065,8326.9043452,0.138854683043373,0.154994507586,5,0.892351274787535,"non_nested_or_incomplete"
"17","01","15","01",75,56631,1848.8056916,353,475065,8326.9043452,0.119206845379053,0.2220279728163,5,0.892351274787535,"non_nested_or_incomplete"
"17","01","15","05",34,42965,757.4577746,353,475065,8326.9043452,0.0904402555439782,0.0909651105859805,5,0.892351274787535,"non_nested_or_incomplete"
"17","01","15","02",34,40143,855.7002359,353,475065,8326.9043452,0.0845000157873133,0.10276330799852,5,0.892351274787535,"non_nested_or_incomplete"
"17","02","15","06",146,108740,3508.3078063,160,111197,3520.8584673,0.977904080146047,0.99643534066576,1,0.9125,"non_nested_or_incomplete"
"17","03","15","07",122,51299,1770.78363306,181,90908,3274.45191516,0.564295771549259,0.540787795619064,2,0.972375690607735,"non_nested_or_incomplete"
"17","03","15","08",54,38863,1478.4305481,181,90908,3274.45191516,0.42749812997756,0.451504736183539,2,0.972375690607735,"non_nested_or_incomplete"
"18","01","13","07",164,205991,2855.43623115,375,384849,6788.88781216,0.535251488246039,0.420604421542428,2,0.946666666666667,"non_nested_or_incomplete"
"18","01","13","06",191,175589,3763.86974471,375,384849,6788.88781216,0.4562542711557,0.554416253273224,2,0.946666666666667,"non_nested_or_incomplete"
"18","02","13","08",100,102030,1804.1248026,100,102030,1804.1248026,1,1,1,1,"deterministic_containment"
"18","03","13","04",178,95175,1715.2923731,180,95687,1718.7523731,0.994649220897301,0.997986911870405,1,0.988888888888889,"non_nested_or_incomplete"
"18","04","13","05",107,78365,4983.2903693,107,78365,4983.2903693,1,1,1,1,"deterministic_containment"
"18","05","13","03",96,153543,1545.3759181,98,154029,1545.3759181,0.996844750014608,1,1,0.979591836734694,"non_nested_or_incomplete"
"18","06","13","02",207,223933,6079.9953895,208,223997,6087.4930768,0.999714281887704,0.998768345654704,1,0.995192307692308,"non_nested_or_incomplete"
"18","07","13","01",108,149587,2334.9264293,109,149659,2334.9264293,0.999518906313686,1,1,0.990825688073395,"non_nested_or_incomplete"
"19","01","21","01",1177,1201775,4627.92160377001,3454,2676718,12151.9360682699,0.448973332267351,0.380838211933491,4,0.994499131441807,"non_nested_or_incomplete"
"19","01","21","03",1224,801082,4127.48522107001,3454,2676718,12151.9360682699,0.299277697538553,0.339656594462124,4,0.994499131441807,"non_nested_or_incomplete"
"19","01","21","02",348,439587,1686.29438475,3454,2676718,12151.9360682699,0.164226115713347,0.138767549078299,4,0.994499131441807,"non_nested_or_incomplete"
"19","01","21","04",686,233659,1678.19095948,3454,2676718,12151.9360682699,0.0872930954997874,0.138100706755852,4,0.994499131441807,"non_nested_or_incomplete"
"19","02","21","05",1671,1569162,7236.84170099002,1674,1569193,7238.72350099002,0.999980244622554,0.999740037038334,1,0.99820788530466,"non_nested_or_incomplete"
"19","03","21","06",2057,1329054,6518.97708287704,2064,1329490,6519.67714222704,0.999672054697666,0.999892623616978,1,0.996608527131783,"non_nested_or_incomplete"
"19","04","21","07",3687,1876387,7318.74069075004,3697,1877807,7327.12886642004,0.999243798750351,0.998855189280423,2,0.997565593724642,"non_nested_or_incomplete"
"19","04","21","29",1,472,2.5760999,3697,1877807,7327.12886642004,0.000251357035094661,0.000351583812290537,2,0.997565593724642,"non_nested_or_incomplete"
"19","05","21","08",2537,1673363,3162.12545451452,3772,2767392,5450.21118455857,0.604671474081012,0.580184023597726,3,0.994962884411453,"non_nested_or_incomplete"
"19","05","21","09",1215,1091107,2276.11321484001,3772,2767392,5450.21118455857,0.394272658156127,0.417619269742914,3,0.994962884411453,"non_nested_or_incomplete"
"19","05","21","11",1,1822,4.4637,3772,2767392,5450.21118455857,0.000658381609833374,0.000818995787291044,3,0.994962884411453,"non_nested_or_incomplete"
"19","06","21","12",1840,2000208,3085.1562523795,5986,5456756,9620.91014288949,0.366556246971644,0.320671974538671,5,0.99582358837287,"non_nested_or_incomplete"
"19","06","21","13",1546,1379763,2750.76806833302,5986,5456756,9620.91014288949,0.252854076671194,0.285915576331001,5,0.99582358837287,"non_nested_or_incomplete"
"19","06","21","10",1370,1141923,2141.677321198,5986,5456756,9620.91014288949,0.209267740760261,0.222606519486189,5,0.99582358837287,"non_nested_or_incomplete"
"19","06","21","11",1204,931722,1619.715100963,5986,5456756,9620.91014288949,0.170746502134235,0.168353625271106,5,0.99582358837287,"non_nested_or_incomplete"
"19","06","21","19",1,1480,1.97,5986,5456756,9620.91014288949,0.000271223415523802,0.000204762332330478,5,0.99582358837287,"non_nested_or_incomplete"
"19","07","21","15",1604,945850,4128.62706339803,2686,1895654,7568.85784195906,0.498957088160603,0.545475572352593,2,0.989203276247208,"non_nested_or_incomplete"
"19","07","21","14",1053,945573,3378.128138591,2686,1895654,7568.85784195906,0.498810964448154,0.446319406326257,2,0.989203276247208,"non_nested_or_incomplete"
"19","08","21","21",2300,541362,4117.39092946001,3428,861696,5948.42909552208,0.628251726827095,0.692181223536739,2,0.990665110851809,"non_nested_or_incomplete"
"19","08","21","22",1096,317240,1791.849466242,3428,861696,5948.42909552208,0.368157679738562,0.301230700991441,2,0.990665110851809,"non_nested_or_incomplete"
"19","09","21","24",1757,1228556,5391.58083607006,2571,1705814,7157.76062946611,0.720216858344462,0.753249670556839,2,0.992998833138857,"non_nested_or_incomplete"
"19","09","21","23",796,475746,1743.134293336,2571,1705814,7157.76062946611,0.278896761311608,0.243530677200925,2,0.992998833138857,"non_nested_or_incomplete"
"19","10","21","26",1984,1084164,4686.09335524402,2646,1553300,7175.59755201408,0.697974634648812,0.65305966803123,2,0.99244142101285,"non_nested_or_incomplete"
"19","10","21","25",642,467326,2466.86199682001,2646,1553300,7175.59755201408,0.300860104294084,0.343784887452,2,0.99244142101285,"non_nested_or_incomplete"
"19","11","21","29",1861,1015512,6419.33281247703,6067,2967693,21752.3137436667,0.342189033703958,0.295110344955651,4,0.984671171913631,"non_nested_or_incomplete"
"19","11","21","28",867,837345,4674.55787300002,6067,2967693,21752.3137436667,0.2821535111617,0.214899340276436,4,0.984671171913631,"non_nested_or_incomplete"
"19","11","21","27",2399,701347,6915.81045463801,6067,2967693,21752.3137436667,0.236327342484549,0.317934475207337,4,0.984671171913631,"non_nested_or_incomplete"
"19","11","21","30",847,401510,3622.223730324,6067,2967693,21752.3137436667,0.13529364391802,0.166521307710479,4,0.984671171913631,"non_nested_or_incomplete"
"19","12","21","19",2729,2688845,5579.55560992609,4215,3143915,10129.1736024661,0.855253720281878,0.550840160204941,2,0.988849347568209,"non_nested_or_incomplete"
"19","12","21","20",1439,452483,4471.83890735,4215,3143915,10129.1736024661,0.143923420321478,0.441481120065043,2,0.988849347568209,"non_nested_or_incomplete"
"19","13","21","17",1313,1479200,2482.43558221101,4426,3565284,7410.90019262912,0.414889809619654,0.334970856128928,3,0.992544057840036,"non_nested_or_incomplete"
"19","13","21","18",1584,1302997,2634.55177386001,4426,3565284,7410.90019262912,0.365467940281896,0.355496863455311,3,0.992544057840036,"non_nested_or_incomplete"
"19","13","21","16",1496,781433,2259.768336784,4426,3565284,7410.90019262912,0.21917833193653,0.30492494542452,3,0.992544057840036,"non_nested_or_incomplete"
"20","01","03","01",1527,1696287,3399.03,1543,1707288,3416.6,0.993556447418362,0.994857460633378,1,0.989630589760207,"non_nested_or_incomplete"
"20","02","03","02",1188,2446412,4942.83,1201,2468745,4989.49,0.990953703197374,0.9906483428166,1,0.98917568692756,"non_nested_or_incomplete"
"20","03","03","11",964,1438513,5189.92,1124,1598029,5764.06,0.900179533663031,0.900393125678775,5,0.993772241992883,"non_nested_or_incomplete"
"20","03","03","10",147,155059,539.68,1124,1598029,5764.06,0.0970314055627276,0.0936284493915747,5,0.993772241992883,"non_nested_or_incomplete"
"20","03","03","04",4,1955,7.99,1124,1598029,5764.06,0.00122338205376748,0.00138617571642211,5,0.993772241992883,"non_nested_or_incomplete"
"20","03","03","12",1,1355,11.91,1124,1598029,5764.06,0.000847919530872093,0.0020662519127143,5,0.993772241992883,"non_nested_or_incomplete"
"20","03","03","02",1,474,7.24,1124,1598029,5764.06,0.00029661539308736,0.00125605909723355,5,0.993772241992883,"non_nested_or_incomplete"
"20","04","03","09",10,1242781,197.19,10,1242781,197.19,1,1,1,1,"deterministic_containment"
"20","05","03","04",936,1597211,2568.62,1236,1983365,3362.29,0.80530361279946,0.763949570084674,3,0.989482200647249,"non_nested_or_incomplete"
"20","05","03","06",282,377481,770.89,1236,1983365,3362.29,0.190323515843024,0.229275285594045,3,0.989482200647249,"non_nested_or_incomplete"
"20","05","03","09",5,1349,7.56,1236,1983365,3362.29,0.000680157207573997,0.00224846756228642,3,0.989482200647249,"non_nested_or_incomplete"
"20","06","03","03",601,611410,1541.1,624,612791,1578.06,0.997746376823419,0.976578837306566,1,0.963141025641026,"non_nested_or_incomplete"
"20","07","03","05",1393,1273214,3336.86,1591,1420122,3855.81,0.896552549710518,0.865410899395976,4,0.996857322438718,"non_nested_or_incomplete"
"20","07","03","06",184,144217,485.98,1591,1420122,3855.81,0.101552542668869,0.126038368073116,4,0.996857322438718,"non_nested_or_incomplete"
"20","07","03","09",7,1998,9.97,1591,1420122,3855.81,0.00140692137717745,0.00258570832069008,4,0.996857322438718,"non_nested_or_incomplete"
"20","07","03","01",2,549,7.27,1591,1420122,3855.81,0.000386586504539751,0.00188546634818624,4,0.996857322438718,"non_nested_or_incomplete"
"20","08","03","07",855,825981,2011.37,889,851677,2078.76,0.969828937496257,0.967581635205603,2,0.988751406074241,"non_nested_or_incomplete"
"20","08","03","08",24,21717,55.26,889,851677,2078.76,0.0254991035333818,0.0265831553426081,2,0.988751406074241,"non_nested_or_incomplete"
"20","09","03","17",1058,1485907,3563.11,1432,1852287,4534.01,0.802201278743521,0.78586284547233,4,0.988826815642458,"non_nested_or_incomplete"
"20","09","03","08",354,360217,933.5,1432,1852287,4534.01,0.194471483090903,0.205888385777711,4,0.988826815642458,"non_nested_or_incomplete"
"20","09","03","07",3,3431,10.26,1432,1852287,4534.01,0.00185230474543092,0.00226289752338438,4,0.988826815642458,"non_nested_or_incomplete"
"20","09","03","09",1,1440,2.14,1432,1852287,4534.01,0.000777417322477564,0.000471988372323837,4,0.988826815642458,"non_nested_or_incomplete"
"20","10","03","16",704,1646733,4706.62,716,1671404,4792.61,0.985239355655485,0.982057793144028,2,1,"non_nested_or_incomplete"
"20","10","03","09",12,24671,85.99,716,1671404,4792.61,0.0147606443445152,0.017942206855972,2,1,"non_nested_or_incomplete"
"20","11","03","14",287,978961,3308.94,530,1532260,5412.53,0.638900056126245,0.611348112620161,2,0.99622641509434,"non_nested_or_incomplete"
"20","11","03","15",241,552844,2098.66,530,1532260,5412.53,0.360802996880425,0.387741037924963,2,0.99622641509434,"non_nested_or_incomplete"
"20","12","03","12",236,646497,2623.64,580,1724294,5816.2,0.374934320945268,0.451091778136928,3,0.996551724137931,"non_nested_or_incomplete"
"20","12","03","10",176,618925,1682.85,580,1724294,5816.2,0.358944008388361,0.289338399642378,3,0.996551724137931,"non_nested_or_incomplete"
"20","12","03","13",166,454997,1481.8,580,1724294,5816.2,0.263874374091657,0.254771156425157,3,0.996551724137931,"non_nested_or_incomplete"
"21","01","08","01",2702,1381216,10026.35838592,4206,2488010,18415.09977682,0.555148894096085,0.54446397290449,2,0.985496909177366,"non_nested_or_incomplete"
"21","01","08","02",1443,1095751,8282.6877911,4206,2488010,18415.09977682,0.440412618920342,0.449776970610055,2,0.985496909177366,"non_nested_or_incomplete"
"21","02","08","03",571,1200119,21034.457530296,582,1209634,21088.219130296,0.992133984329144,0.997450633471332,1,0.981099656357388,"non_nested_or_incomplete"
"21","03","08","04",930,1543047,16261.9395736,933,1543211,16289.5957736,0.999893728077366,0.998302216925185,1,0.996784565916399,"non_nested_or_incomplete"
"21","04","08","05",833,1582421,5735.0461875,833,1582421,5735.0461875,1,1,1,1,"deterministic_containment"
"21","05","08","06",1922,2281675,8648.19722396,1926,2281857,8661.74722395999,0.999920240400691,0.99843565049295,1,0.997923156801661,"non_nested_or_incomplete"
"21","06","08","07",1332,1626787,4862.05053979999,1340,1626880,4864.32033989999,0.999942835365854,0.999533377750354,1,0.994029850746269,"non_nested_or_incomplete"
"21","07","08","08",549,744978,2409.92720198,552,745107,2410.66720198,0.999826870503163,0.999693031041617,1,0.994565217391304,"non_nested_or_incomplete"
"21","08","08","09",750,926880,4961.50189541,1600,1932189,10208.093456,0.479704625168656,0.486036096436184,3,0.995,"non_nested_or_incomplete"
"21","08","08","10",705,867326,4795.36906071,1600,1932189,10208.093456,0.44888258860805,0.469761477143553,3,0.995,"non_nested_or_incomplete"
"21","08","08","11",137,137628,427.45510036,1600,1932189,10208.093456,0.0712290567848176,0.0418741366546517,3,0.995,"non_nested_or_incomplete"
"21","09","08","12",2028,3700098,10477.13618841,2905,4553723,13511.44611234,0.812543494630657,0.775426708680815,3,0.993459552495697,"non_nested_or_incomplete"
"21","09","08","11",857,833217,2898.98182363,2905,4553723,13511.44611234,0.182974897682621,0.214557479601118,3,0.993459552495697,"non_nested_or_incomplete"
"21","09","08","30",1,2665,9.6721,2905,4553723,13511.44611234,0.000585235421653886,0.000715844915457752,3,0.993459552495697,"non_nested_or_incomplete"
"21","10","08","13",935,1842914,7723.43159326,935,1842914,7723.43159326,1,1,1,1,"deterministic_containment"
"21","11","08","21",983,1725589,8573.77319149001,984,1725590,8573.77319149001,0.999999420488065,1,1,0.998983739837398,"non_nested_or_incomplete"
"21","12","08","22",1008,968579,7038.27409859,1010,968631,7038.27409859,0.99994631598617,1,1,0.998019801980198,"non_nested_or_incomplete"
"21","13","08","16",511,344095,32695.6734735,519,344255,32985.3434735,0.999535228246503,0.991218220897632,1,0.984585741811175,"non_nested_or_incomplete"
"21","14","08","15",859,2151541,19993.7156061001,860,2152750,20000.6156061001,0.999438392753455,0.999655010618879,1,0.998837209302326,"non_nested_or_incomplete"
"21","15","08","14",1377,2141201,16884.06860809,1381,2144323,16893.63940809,0.998544062624894,0.99943346724949,1,0.997103548153512,"non_nested_or_incomplete"
"21","16","08","20",910,1480094,11956.82060146,912,1480625,11956.82060146,0.999641367665682,1,1,0.99780701754386,"non_nested_or_incomplete"
"21","17","08","17",1626,1432935,24670.1449931,1626,1432935,24670.1449931,1,1,1,1,"deterministic_containment"
"21","18","08","18",667,1142036,10093.3215843,667,1142036,10093.3215843,1,1,1,1,"deterministic_containment"
"21","19","08","19",449,654029,5154.9429386,449,654029,5154.9429386,1,1,1,1,"deterministic_containment"
"21","20","08","24",1559,1586681,10103.76993906,1564,1587562,10107.43263906,0.999445061043285,0.999637623110557,1,0.996803069053708,"non_nested_or_incomplete"
"21","21","08","26",2238,2085803,11177.32667478,3185,2887321,15601.04404868,0.722400799911059,0.716447350568548,2,0.998744113029827,"non_nested_or_incomplete"
"21","21","08","25",943,801483,4423.3073739,3185,2887321,15601.04404868,0.277587078125363,0.28352636913901,2,0.998744113029827,"non_nested_or_incomplete"
"21","22","08","29",2155,1477333,9703.01456659,2167,1478015,9721.90366655,0.999538570312209,0.998057057485049,2,0.99492385786802,"non_nested_or_incomplete"
"21","22","08","24",1,197,0.65099996,2167,1478015,9721.90366655,0.000133286874625765,6.69621899505017e-05,2,0.99492385786802,"non_nested_or_incomplete"
"21","23","08","27",839,870172,3707.64528857,840,870185,3707.64528857,0.999985060648023,1,1,0.998809523809524,"non_nested_or_incomplete"
"21","24","08","28",1428,1155313,4926.90302669,1433,1155600,4928.55302669,0.999751644167532,0.999665216141317,1,0.996510816468946,"non_nested_or_incomplete"
"21","25","08","23",827,770187,5703.25540933,830,770248,5729.44540933,0.999920804727828,0.995428876945515,1,0.996385542168675,"non_nested_or_incomplete"
"21","26","08","30",781,1217488,4597.84120172,1849,2028001,11843.52859048,0.600338954467971,0.3882154854944,2,0.994050838290968,"non_nested_or_incomplete"
"21","26","08","31",1057,743030,6424.94819516,1849,2028001,11843.52859048,0.366385420914487,0.542485978403807,2,0.994050838290968,"non_nested_or_incomplete"
"21","27","08","32",1447,956537,5986.23169475999,1452,956600,5986.23169475999,0.999934141752038,1,1,0.996556473829201,"non_nested_or_incomplete"
"22","01","11","01",53,31206,1671.8019001,53,31206,1671.8019001,1,1,1,1,"deterministic_containment"
"22","02","11","04",121,170511,1225.56850339,121,170511,1225.56850339,1,1,1,1,"deterministic_containment"
"22","03","11","03",142,96346,588.33605994,142,96346,588.33605994,1,1,1,1,"deterministic_containment"
"22","04","11","02",120,97150,774.7935156,120,97150,774.7935156,1,1,1,1,"deterministic_containment"
"23","02","33","03",1048,2260026,4491.03519349,1687,4331243,8140.72531128999,0.521796167982263,0.551675068468604,4,0.991108476585655,"non_nested_or_incomplete"
"23","02","33","01",622,2061109,3624.1494182,1687,4331243,8140.72531128999,0.475870090872297,0.445187533004441,4,0.991108476585655,"non_nested_or_incomplete"
"23","02","33","22",1,1037,8.5658,1687,4331243,8140.72531128999,0.000239423186369363,0.00105221582505928,4,0.991108476585655,"non_nested_or_incomplete"
"23","02","33","24",1,761,4.22,1687,4331243,8140.72531128999,0.000175700139659677,0.000518381328276423,4,0.991108476585655,"non_nested_or_incomplete"
"23","03","33","04",815,2903556,4771.32260879,823,2908324,4782.26950889,0.998360567804688,0.997710940364266,1,0.990279465370595,"non_nested_or_incomplete"
"23","04","33","05",1070,2305310,7382.83054695,1082,2310803,7396.30414695,0.99762290424584,0.998178333430818,1,0.988909426987061,"non_nested_or_incomplete"
"23","05","33","06",1046,1932600,4887.46201185,1051,1933370,4887.46201185,0.999601731691296,1,1,0.995242626070409,"non_nested_or_incomplete"
"23","06","33","07",1431,2663470,6802.87398237001,2256,4678717,10607.01908588,0.569273585044789,0.641355872681134,3,0.996010638297872,"non_nested_or_incomplete"
"23","06","33","18",815,2003349,3749.64940351,2256,4678717,10607.01908588,0.428183410110079,0.353506425617873,3,0.996010638297872,"non_nested_or_incomplete"
"23","06","33","28",1,9844,13.7069,2256,4678717,10607.01908588,0.00210399560392304,0.00129224807545096,3,0.996010638297872,"non_nested_or_incomplete"
"23","07","33","08",572,2285333,3978.51848713,948,3531922,7143.19238123,0.647050812560413,0.556966447884598,5,0.9957805907173,"non_nested_or_incomplete"
"23","07","33","09",369,1168388,3114.7837941,948,3531922,7143.19238123,0.330807985000801,0.436049265911505,5,0.9957805907173,"non_nested_or_incomplete"
"23","07","33","01",1,8606,12.2601,948,3531922,7143.19238123,0.00243663365159253,0.00171633344668353,5,0.9957805907173,"non_nested_or_incomplete"
"23","07","33","30",1,7347,8.53,948,3531922,7143.19238123,0.00208017051339186,0.00119414395479731,5,0.9957805907173,"non_nested_or_incomplete"
"23","07","33","13",1,6362,1.48,948,3531922,7143.19238123,0.00180128553235321,0.000207190275861667,5,0.9957805907173,"non_nested_or_incomplete"
"23","08","33","10",460,2143101,5589.03968623,464,2149547,6090.34650623,0.997001228630963,0.917688292531928,1,0.991379310344828,"non_nested_or_incomplete"
"23","09","33","11",57,687087,2335.6820058,57,687087,2335.6820058,1,1,1,1,"deterministic_containment"
"23","10","33","12",455,3357937,6275.89021727,457,3378272,6306.20141827,0.993980650462722,0.995193429611654,3,1,"non_nested_or_incomplete"
"23","10","33","27",1,13421,9.430201,457,3378272,6306.20141827,0.00397274109367156,0.00149538531590179,3,1,"non_nested_or_incomplete"
"23","10","33","26",1,6914,20.881,457,3378272,6306.20141827,0.00204660844360667,0.00331118507244387,3,1,"non_nested_or_incomplete"
"23","11","33","13",342,1611489,4896.5053668,348,1619257,4916.4753668,0.995202738045906,0.995938147044353,2,0.985632183908046,"non_nested_or_incomplete"
"23","11","33","10",1,7302,19.97,348,1619257,4916.4753668,0.00450947564222356,0.00406185295564654,2,0.985632183908046,"non_nested_or_incomplete"
"23","12","33","15",445,2018296,4280.20899703,954,3824431,10592.12917723,0.527737590245451,0.404093353226017,4,0.99685534591195,"non_nested_or_incomplete"
"23","12","33","14",177,784584,2621.1066874,954,3824431,10592.12917723,0.205150517815591,0.247457960863489,4,0.99685534591195,"non_nested_or_incomplete"
"23","12","33","17",189,604339,2031.1224913,954,3824431,10592.12917723,0.158020631042892,0.191757715310565,4,0.99685534591195,"non_nested_or_incomplete"
"23","12","33","16",140,413831,1658.3010015,954,3824431,10592.12917723,0.10820720781732,0.156559741082545,4,0.99685534591195,"non_nested_or_incomplete"
"23","13","33","21",708,1825180,3087.969270375,1713,4205201,7526.405467168,0.434029193848285,0.410284734704431,4,0.996497373029772,"non_nested_or_incomplete"
"23","13","33","19",482,1331929,2368.1239968,1713,4205201,7526.405467168,0.316733730444752,0.314642096699458,4,0.996497373029772,"non_nested_or_incomplete"
"23","13","33","20",516,1043523,2059.281199993,1713,4205201,7526.405467168,0.248150564027736,0.273607528716873,4,0.996497373029772,"non_nested_or_incomplete"
"23","13","33","28",1,687,1.2857001,1713,4205201,7526.405467168,0.000163369123140606,0.000170825250593864,4,0.996497373029772,"non_nested_or_incomplete"
"23","14","33","22",741,1219028,4617.56034332,746,1220380,4619.34774331,0.998892148347236,0.999613062256985,1,0.993297587131367,"non_nested_or_incomplete"
"23","15","33","23",463,952205,4967.262701,467,959599,4994.9194007,0.992294698097851,0.994463033838719,2,0.993576017130621,"non_nested_or_incomplete"
"23","15","33","07",1,5456,22.04,467,959599,4994.9194007,0.00568570830107159,0.00441248361223031,2,0.993576017130621,"non_nested_or_incomplete"
"23","16","33","24",552,2221314,3716.3693688,658,3077568,7051.3284505,0.721775765799488,0.527045278756867,2,0.981762917933131,"non_nested_or_incomplete"
"23","16","33","25",94,852372,3321.7543817,658,3077568,7051.3284505,0.276962848586936,0.471082067020216,2,0.981762917933131,"non_nested_or_incomplete"
"23","17","33","26",481,1298707,3981.84341367,492,1324546,3996.26801407,0.980492183736918,0.99639048223262,2,0.979674796747967,"non_nested_or_incomplete"
"23","17","33","28",1,8367,12.2616004,492,1324546,3996.26801407,0.00631688140691226,0.00306826277837961,2,0.979674796747967,"non_nested_or_incomplete"
"23","18","33","27",370,851168,4397.93328228,394,870616,4550.94348252,0.977661793488748,0.96637835630618,3,1,"non_nested_or_incomplete"
"23","18","33","23",23,18646,133.84529974,394,870616,4550.94348252,0.0214170196734266,0.0294104508777344,3,1,"non_nested_or_incomplete"
"23","18","33","26",1,802,19.1649005,394,870616,4550.94348252,0.000921186837825172,0.00421119281608564,3,1,"non_nested_or_incomplete"
"23","19","33","28",439,1394402,4643.0598096,442,1396175,4643.0598096,0.998730101885509,1,1,0.993212669683258,"non_nested_or_incomplete"
"23","20","33","29",443,1853194,5242.80958112,449,1855400,5245.84428112,0.998811038051094,0.999421503987276,1,0.986636971046771,"non_nested_or_incomplete"
"23","21","33","30",72,813772,1103.5871195,72,813772,1103.5871195,1,1,1,1,"deterministic_containment"
"24","01","16","01",263,1261234,2943.3859062,263,1261234,2943.3859062,1,1,1,1,"deterministic_containment"
"24","02","16","04",159,461723,1996.0806903,252,687070,3434.6233018,0.672017407251081,0.581164370850773,2,0.992063492063492,"non_nested_or_incomplete"
"24","02","16","03",91,223006,1422.0388115,252,687070,3434.6233018,0.324575370777359,0.414030502487637,2,0.992063492063492,"non_nested_or_incomplete"
"24","03","16","02",257,717052,2945.3832213,315,765131,3782.3470241,0.937162394413506,0.778718399589696,2,0.987301587301587,"non_nested_or_incomplete"
"24","03","16","03",54,47136,766.8840025,315,765131,3782.3470241,0.0616051368981259,0.202753474922751,2,0.987301587301587,"non_nested_or_incomplete"
"25","01","05","01",663,236353,826.796524565999,665,236521,827.524524505999,0.999289703662677,0.999120267836854,1,0.996992481203008,"non_nested_or_incomplete"
"25","02","05","02",1080,314181,2633.90129403701,1507,443785,3029.41013539302,0.70795768221098,0.869443613218552,2,0.99535500995355,"non_nested_or_incomplete"
"25","02","05","03",420,129531,393.23244134,1507,443785,3029.41013539302,0.291877823720946,0.12980495336231,2,0.99535500995355,"non_nested_or_incomplete"
"25","03","05","04",1763,516982,1718.816910079,1942,579153,1891.841225225,0.892651855381911,0.90854184122908,2,0.993820803295572,"non_nested_or_incomplete"
"25","03","05","03",167,59897,152.964627806,1942,579153,1891.841225225,0.103421721030539,0.0808548972114759,2,0.993820803295572,"non_nested_or_incomplete"
"25","04","05","05",708,962426,1487.756118946,711,962655,1489.524718946,0.999762116230633,0.998812641389898,1,0.9957805907173,"non_nested_or_incomplete"
"25","05","05","06",3086,654568,2895.43233215102,3181,666346,2953.60971212702,0.982324498083578,0.980302956163391,2,0.99119773656083,"non_nested_or_incomplete"
"25","05","05","03",67,10850,45.577879946,3181,666346,2953.60971212702,0.0162828320422123,0.0154312466399555,2,0.99119773656083,"non_nested_or_incomplete"
"25","06","05","07",1553,416297,2048.024256888,2175,565928,3061.357692795,0.735600641777753,0.66899214740835,2,0.995402298850575,"non_nested_or_incomplete"
"25","06","05","10",612,149287,1009.093835957,2175,565928,3061.357692795,0.263791507046833,0.329622976868052,2,0.995402298850575,"non_nested_or_incomplete"
"25","07","05","09",2141,607311,2386.96253923801,3007,834615,3428.68179203104,0.727654068043349,0.696174997862386,2,0.996341868972398,"non_nested_or_incomplete"
"25","07","05","08",855,227183,1036.691756933,3007,834615,3428.68179203104,0.272200954931316,0.302358696377857,2,0.996341868972398,"non_nested_or_incomplete"
"25","08","05","12",667,888404,2063.68262755,1759,1467515,3206.596617028,0.605379842795474,0.643574129839475,3,0.997725980670836,"non_nested_or_incomplete"
"25","08","05","11",1056,539140,1119.968389428,1759,1467515,3206.596617028,0.367382956903337,0.349270121311994,3,0.997725980670836,"non_nested_or_incomplete"
"25","08","05","10",32,39924,22.07500002,1759,1467515,3206.596617028,0.0272051733713114,0.00688424602669854,3,0.997725980670836,"non_nested_or_incomplete"
"25","09","09","03",2086,2434189,3536.25904073203,2139,2446332,3605.05283988203,0.995036242014575,0.980917395054811,1,0.975222066386162,"non_nested_or_incomplete"
"25","10","09","04",1537,2887130,3477.98409881001,2476,4045223,5426.58677722004,0.713713434339714,0.640915596044652,2,0.993537964458804,"non_nested_or_incomplete"
"25","10","09","06",923,1153958,1931.10367846,2476,4045223,5426.58677722004,0.285264372322614,0.355859725042355,2,0.993537964458804,"non_nested_or_incomplete"
"25","11","09","05",1093,1491323,2220.05169955,1105,1499441,2238.96039955,0.994585982376099,0.991554696544074,1,0.989140271493213,"non_nested_or_incomplete"
"25","12","09","01",1251,2296947,3075.5342409,1289,2309029,3125.0342409,0.994767497506528,0.984160173558372,1,0.970519782777347,"non_nested_or_incomplete"
"25","13","05","13",489,1115067,1519.461,503,1116621,1542.791,0.99860830129471,0.984878055420339,1,0.972166998011928,"non_nested_or_incomplete"
"25","14","09","02",894,2838950,3755.14280077,905,2840882,3776.00280077,0.999319929514848,0.9944756396908,1,0.987845303867403,"non_nested_or_incomplete"
"25","15","09","07",623,2417247,2495.85370124,922,3447912,3749.52059764,0.701075607498103,0.665646083611576,2,0.992407809110629,"non_nested_or_incomplete"
"25","15","09","08",292,1030374,1221.7821964,922,3447912,3749.52059764,0.298839993596124,0.32585024260675,2,0.992407809110629,"non_nested_or_incomplete"
"25","16","09","09",522,2122650,1831.64320225,684,2582601,2450.62000095,0.821903964259287,0.747420326913169,2,0.983918128654971,"non_nested_or_incomplete"
"25","16","09","10",151,455905,596.90839856,684,2582601,2450.62000095,0.176529398075816,0.243574441703979,2,0.983918128654971,"non_nested_or_incomplete"
"25","17","09","11",1132,2467275,4027.16890183,1381,2849859,4903.97439981001,0.865753358324043,0.821205123335477,2,0.994207096307024,"non_nested_or_incomplete"
"25","17","09","10",241,380580,859.94159808,1381,2849859,4903.97439981001,0.133543448991687,0.175356053676242,2,0.994207096307024,"non_nested_or_incomplete"
"25","18","09","12",1188,2431673,3624.80769811001,1720,3278213,4940.74367409002,0.741767847299733,0.733656294925606,2,0.998255813953488,"non_nested_or_incomplete"
"25","18","09","13",529,846385,1310.61747598,1720,3278213,4940.74367409002,0.258184870842743,0.265267247692502,2,0.998255813953488,"non_nested_or_incomplete"
"25","19","09","14",738,1647734,3114.86863124,887,1931088,3607.23120799,0.853267173738328,0.863506787239083,2,0.985343855693348,"non_nested_or_incomplete"
"25","19","09","13",136,280533,472.58067635,887,1931088,3607.23120799,0.145271991747657,0.131009255881141,2,0.985343855693348,"non_nested_or_incomplete"
"25","20","09","15",919,2751021,3983.93179145001,919,2751021,3983.93179145001,1,1,1,1,"deterministic_containment"
"25","21","09","16",799,1529540,9589.2448189,802,1532888,9593.16771888,0.997815887396861,0.999591073554121,1,0.996259351620948,"non_nested_or_incomplete"
"25","22","09","17",1524,2244977,4277.20627170001,1526,2244998,4296.6462717,0.999990645871399,0.995475540975287,1,0.998689384010485,"non_nested_or_incomplete"
"25","23","09","18",827,1310974,2708.69160128,833,1316280,2722.86360118,0.995968942778132,0.994795185519444,2,0.998799519807923,"non_nested_or_incomplete"
"25","23","09","31",5,5254,13.7381999,833,1316280,2722.86360118,0.00399155194943325,0.00504549691510302,2,0.998799519807923,"non_nested_or_incomplete"
"25","24","09","19",1793,2446263,4791.71670030001,1802,2447094,4809.41670030001,0.999660413535402,0.996319720019499,1,0.995005549389567,"non_nested_or_incomplete"
"25","25","09","20",1855,2832299,3918.71699681001,1872,2834616,3943.48969689001,0.999182605333491,0.993718076631584,1,0.990918803418803,"non_nested_or_incomplete"
"25","26","09","21",1203,1282615,2929.56495845001,1219,1283103,2954.95995869001,0.999619671998273,0.991405974837216,1,0.98687448728466,"non_nested_or_incomplete"
"25","27","09","22",2125,1985542,4403.39399881,2141,1987395,4422.38497713,0.999067623698359,0.995705715712628,1,0.992526856609061,"non_nested_or_incomplete"
"25","28","09","23",1664,2372836,6377.14250073999,1682,2376330,6654.74320283999,0.998529665492587,0.958285287104463,1,0.989298454221165,"non_nested_or_incomplete"
"25","29","09","24",2175,2679156,5388.20769666002,2180,2679890,5390.17199668602,0.999726108161156,0.999635577486728,1,0.997706422018349,"non_nested_or_incomplete"
"25","30","09","25",1890,2744875,5879.2918,1896,2747082,5888.9318,0.999196602067212,0.998363030796179,1,0.996835443037975,"non_nested_or_incomplete"
"25","31","09","26",1697,2198778,4435.44,1711,2200397,4467.78,0.999264223683272,0.992761505714247,1,0.991817650496785,"non_nested_or_incomplete"
"25","32","09","27",831,2762725,2512.65300043,833,2762801,2515.00300043,0.999972491685069,0.999065607476572,1,0.997599039615846,"non_nested_or_incomplete"
"25","33","09","28",1731,2309759,4378.03749593001,1746,2322810,4425.18749593001,0.994381374283734,0.989345084238043,3,0.994272623138603,"non_nested_or_incomplete"
"25","33","09","49",4,12736,23.5,1746,2322810,4425.18749593001,0.0054830141079124,0.00531050944657457,3,0.994272623138603,"non_nested_or_incomplete"
"25","33","09","42",1,97,4.12,1746,2322810,4425.18749593001,4.17597651120841e-05,0.000931033996590946,3,0.994272623138603,"non_nested_or_incomplete"
"25","34","09","29",870,1273078,2124.98711922,1577,2431540,4182.87371742001,0.523568602613981,0.508020863831072,2,0.992390615091947,"non_nested_or_incomplete"
"25","34","09","30",695,1155236,2028.1055981,1577,2431540,4182.87371742001,0.475104666178636,0.484859389766835,2,0.992390615091947,"non_nested_or_incomplete"
"25","35","09","31",685,1092253,2383.95019457,1463,2092288,4383.35834991,0.522037597118561,0.543863860598791,2,1,"non_nested_or_incomplete"
"25","35","09","32",778,1000035,1999.40815534,1463,2092288,4383.35834991,0.477962402881439,0.456136139401209,2,1,"non_nested_or_incomplete"
"25","36","09","33",974,1302565,3077.64010763,1629,2136754,4963.03630748001,0.609599888428897,0.620112349972446,2,0.998158379373849,"non_nested_or_incomplete"
"25","36","09","34",652,833682,1884.97409985,1629,2136754,4963.03630748001,0.390162835778007,0.379802601284434,2,0.998158379373849,"non_nested_or_incomplete"
"25","37","09","34",252,2418444,1072.66,253,2418487,1073,0.999982220288966,0.999683131407269,1,0.99604743083004,"non_nested_or_incomplete"
"25","38","09","35",937,1217652,4155.28343838,952,1219377,4194.22093828,0.998585343171144,0.990716392752555,1,0.984243697478992,"non_nested_or_incomplete"
"25","39","09","36",767,1427487,4678.146,774,1429628,4697.6635374,0.998502407619325,0.995845267068488,1,0.990956072351421,"non_nested_or_incomplete"
"25","40","09","37",687,750575,4645.58,693,752043,4667.75,0.998047983958364,0.995250388302715,1,0.991341991341991,"non_nested_or_incomplete"
"25","41","09","38",513,884299,3822.85459419,938,1466491,6747.01459419001,0.603003359720585,0.566599425689984,2,0.986140724946695,"non_nested_or_incomplete"
"25","41","09","39",412,581150,2875.93,938,1466491,6747.01459419001,0.396286100630689,0.426252227537276,2,0.986140724946695,"non_nested_or_incomplete"
"25","42","09","40",682,1266142,4090.55050061,1213,1861657,6872.51170091,0.680115617431138,0.595204588748589,2,0.995877988458368,"non_nested_or_incomplete"
"25","42","09","41",526,595367,2769.7003003,1213,1861657,6872.51170091,0.319804883498947,0.403011361906195,2,0.995877988458368,"non_nested_or_incomplete"
"25","43","09","42",1348,1897337,4070.959870682,1358,1899241,4076.098370672,0.998997494262182,0.998739358199259,1,0.992636229749632,"non_nested_or_incomplete"
"25","44","09","43",2185,2209711,3583.58543544001,2188,2210700,3584.79743544001,0.999552630388565,0.99966190558272,1,0.998628884826325,"non_nested_or_incomplete"
"25","45","09","45",2791,3882474,5172.64242440399,3550,4907343,6857.33353061402,0.79115602883271,0.754322711781648,2,0.994647887323944,"non_nested_or_incomplete"
"25","45","09","44",740,1022338,1671.756406196,3550,4907343,6857.33353061402,0.208328213454817,0.243791030249962,2,0.994647887323944,"non_nested_or_incomplete"
"25","46","09","50",1198,1837918,3777.47810802001,1887,2761407,5933.05540744001,0.665573021289509,0.636683436881961,2,0.993640699523052,"non_nested_or_incomplete"
"25","46","09","51",677,921504,2134.36499942,1887,2761407,5933.05540744001,0.33370814226226,0.359741288905464,2,0.993640699523052,"non_nested_or_incomplete"
"25","47","09","53",1817,2197450,3781.75120295999,2820,3565018,6672.20240468001,0.616392399701769,0.56679203860893,2,0.998581560283688,"non_nested_or_incomplete"
"25","47","09","52",999,1366796,2884.08930172,2820,3565018,6672.20240468001,0.383391051601984,0.432254468134397,2,0.998581560283688,"non_nested_or_incomplete"
"25","48","09","46",1821,2112453,3850.50598516,2063,2423136,4423.94598515999,0.871784745057644,0.870378164217289,2,0.999030538051382,"non_nested_or_incomplete"
"25","48","09","47",240,310354,568.65,2063,2423136,4423.94598515999,0.128079480474889,0.128539092002371,2,0.999030538051382,"non_nested_or_incomplete"
"25","49","09","48",1645,1597684,2228.473106512,2656,2973617,4222.15031276205,0.537286409110521,0.527805251219058,2,0.995105421686747,"non_nested_or_incomplete"
"25","49","09","47",998,1373483,1982.94420621,2656,2973617,4222.15031276205,0.46188967846229,0.469652679161201,2,0.995105421686747,"non_nested_or_incomplete"
"25","50","09","49",2493,2546845,4386.97671664603,2498,2547368,4391.53301662603,0.999794690048709,0.998962480764063,1,0.997998398718975,"non_nested_or_incomplete"
"25","51","09","54",2300,1607875,2834.67108468999,2441,1707885,2957.74108468999,0.941442193121902,0.958390543162469,2,0.998361327324867,"non_nested_or_incomplete"
"25","51","09","56",137,99920,121.86,2441,1707885,2957.74108468999,0.0585051101215831,0.0412003608533478,2,0.998361327324867,"non_nested_or_incomplete"
"25","52","09","57",1189,1670262,2452.76959547,1197,1671357,2464.42709536,0.999344843740745,0.995269691721882,1,0.993316624895572,"non_nested_or_incomplete"
"25","53","09","55",3051,1672230,2655.44352806701,4511,2738522,4100.40897271007,0.610632304578893,0.647604554994415,3,0.992019507869652,"non_nested_or_incomplete"
"25","53","09","56",1409,1048866,1394.797015953,4511,2738522,4100.40897271007,0.3830044089476,0.340160463318648,3,0.992019507869652,"non_nested_or_incomplete"
"25","53","09","54",15,10968,19.21,4511,2738522,4100.40897271007,0.00400508011255707,0.00468489853764601,3,0.992019507869652,"non_nested_or_incomplete"
"25","54","09","58",2854,3042036,3201.437683529,2874,3045741,3209.371105489,0.998783547255003,0.99752804468563,1,0.993041057759221,"non_nested_or_incomplete"
"25","55","09","59",1557,2254029,2806.188802738,3567,4440024,5248.74284373803,0.50766144507327,0.5346401769494,2,0.992430613961312,"non_nested_or_incomplete"
"25","55","09","60",1983,2182450,2420.36481914,3567,4440024,5248.74284373803,0.491540135819086,0.461132292283589,2,0.992430613961312,"non_nested_or_incomplete"
"25","56","09","62",1451,1422121,1697.054230363,1465,1433727,1706.662530359,0.991905013994993,0.994370123076424,1,0.990443686006826,"non_nested_or_incomplete"
"25","57","09","61",3679,3123934,4119.23093890302,3733,3152989,4159.16306249902,0.990784934549407,0.990399000232511,2,0.992231449236539,"non_nested_or_incomplete"
"25","57","09","48",25,25262,24.08,3733,3152989,4159.16306249902,0.00801207996602589,0.00578962633543192,2,0.992231449236539,"non_nested_or_incomplete"
"25","58","09","64",3254,3202015,4000.62806100306,3271,3205909,4008.78678966906,0.998785367894098,0.997964788577176,1,0.994802812595536,"non_nested_or_incomplete"
"25","59","09","63",1766,2240481,2794.75767625202,1796,2251084,2815.87247630202,0.99528982481329,0.992501507000868,1,0.983296213808463,"non_nested_or_incomplete"
"25","60","09","65",2551,2395420,3065.57605161803,2587,2411067,3090.52975163403,0.99351034210165,0.99192575318105,1,0.986084267491303,"non_nested_or_incomplete"
"25","61","09","67",1263,2488779,1546.568553029,3694,4808314,4287.90694205004,0.517599100225152,0.360681463924119,3,0.994856524093124,"non_nested_or_incomplete"
"25","61","09","66",1334,1241956,1752.881957556,3694,4808314,4287.90694205004,0.258293447557709,0.408796641635593,3,0.994856524093124,"non_nested_or_incomplete"
"25","61","09","68",1078,1076932,976.875899675,3694,4808314,4287.90694205004,0.223972893617181,0.227821152109229,3,0.994856524093124,"non_nested_or_incomplete"
"25","62","09","69",1715,1656088,4641.296875216,1726,1657139,4662.203675116,0.999365774385854,0.995515682849381,1,0.993626882966396,"non_nested_or_incomplete"
"25","63","09","70",1345,1052687,4881.93506297601,1353,1073704,4899.34026277601,0.980425703918398,0.99644744009061,3,0.995565410199557,"non_nested_or_incomplete"
"25","63","09","66",1,12872,3.2415,1353,1073704,4899.34026277601,0.0119884064881941,0.000661619692885617,3,0.995565410199557,"non_nested_or_incomplete"
"25","63","09","63",1,7901,8.1301,1353,1073704,4899.34026277601,0.00735863887998927,0.00165942750736676,3,0.995565410199557,"non_nested_or_incomplete"
"26","01","19","03",1144,2155838,3350.01528834399,1147,2156422,3350.90666059399,0.99972918102301,0.999733990725411,1,0.997384481255449,"non_nested_or_incomplete"
"26","02","19","02",726,2721742,5362.72751105001,729,2722435,5363.50051105001,0.999745448468008,0.999855877705538,1,0.995884773662551,"non_nested_or_incomplete"
"26","03","19","01",601,1053712,2760.98489135002,624,1287987,2779.34559155002,0.818107636179558,0.9933938765097,1,0.963141025641026,"non_nested_or_incomplete"
"26","04","19","04",1466,1896531,3252.45710247,3042,3127653,5446.72560659,0.606375131768134,0.59713988502282,2,0.997698882314267,"non_nested_or_incomplete"
"26","04","19","05",1569,1230564,2191.92760412,3042,3127653,5446.72560659,0.393446459693579,0.40243033382625,2,0.997698882314267,"non_nested_or_incomplete"
"26","05","19","06",1628,2569183,3354.7274901,1640,2573079,3354.7274901,0.998485860713954,1,1,0.992682926829268,"non_nested_or_incomplete"
"26","06","19","07",1918,4693675,4968.98944133602,1932,4700839,4973.16574133601,0.998476016728078,0.999160233095536,1,0.992753623188406,"non_nested_or_incomplete"
"26","07","19","10",1267,3817520,3855.791629972,1272,3820772,3856.289629972,0.99914886310934,0.999870860322282,1,0.996069182389937,"non_nested_or_incomplete"
"26","08","19","11",1602,6782584,3846.45320733,1608,6839824,3859.69750733,0.991631363614034,0.996568565289159,3,0.998134328358209,"non_nested_or_incomplete"
"26","08","19","12",2,45887,9.97,1608,6839824,3859.69750733,0.00670879835504539,0.00258310398187056,3,0.998134328358209,"non_nested_or_incomplete"
"26","08","19","15",1,7388,2.74,1608,6839824,3859.69750733,0.00108014475226263,0.000709900191607356,3,0.998134328358209,"non_nested_or_incomplete"
"26","09","19","18",2089,5151087,5011.49256543,2097,5161148,5012.12646543,0.998050627496053,0.999873526734736,1,0.996185026227945,"non_nested_or_incomplete"
"26","10","19","17",1,4399819,185.39,1,4399819,185.39,1,1,1,1,"deterministic_containment"
"26","11","19","16",775,3708419,1376.2609465,777,3708469,1376.2609465,0.999986517347186,1,1,0.997425997425997,"non_nested_or_incomplete"
"26","12","19","12",1897,4248154,3244.61795287801,1900,4255135,3244.61795287801,0.998359394002776,1,1,0.998421052631579,"non_nested_or_incomplete"
"26","13","19","15",10268,8157527,12850.87437419,10309,8160790,12857.25127425,0.999600161258898,0.999504023066519,1,0.996022892618101,"non_nested_or_incomplete"
"26","14","19","13",3538,2793902,3140.03516075,3557,2794654,3142.12304069,0.999730914810921,0.999335519356511,1,0.994658420016868,"non_nested_or_incomplete"
"26","15","19","14",2441,2205690,6012.16969870902,2447,2205915,6012.49445304902,0.999898001509578,0.999945986754327,1,0.997548017981202,"non_nested_or_incomplete"
"26","16","19","09",2466,5790630,6717.35925170001,2471,5791683,6717.89235170001,0.999818187563097,0.999920644754025,1,0.99797652772157,"non_nested_or_incomplete"
"26","17","19","08",2182,2491696,4302.67229609,2187,2493352,4303.96569612,0.999335833849372,0.99969948644545,1,0.997713763145862,"non_nested_or_incomplete"
"27","01","35","01",275,217020,2471.24560852,291,217712,2626.10230652,0.996821488939516,0.941031734515625,1,0.945017182130584,"non_nested_or_incomplete"
"27","02","35","02",127,30038,291.99573498,139,30243,315.73637598,0.993221571934001,0.924808660622925,1,0.913669064748201,"non_nested_or_incomplete"
"28","01","04","01",1,642015,77.96,1,642015,77.96,1,1,1,1,"deterministic_containment"
"29","01","26","01",71,125594,472.4294986,71,125594,472.4294986,1,1,1,1,"deterministic_containment"
"30","01","25","02",22,61908,57.3967998,22,61908,57.3967998,1,1,1,1,"deterministic_containment"
"30","02","25","01",3,39485,44.600001,3,39485,44.600001,1,1,1,1,"deterministic_containment"
"32","01","31","01",11,51707,26.7922999,11,51707,26.7922999,1,1,1,1,"deterministic_containment"
"33","01","34","02",66,489674,276.4673995,66,489674,276.4673995,1,1,1,1,"deterministic_containment"
"33","02","34","04",19,107484,113.7529007,19,107484,113.7529007,1,1,1,1,"deterministic_containment"
"33","03","34","03",1,33447,9,1,33447,9,1,1,1,1,"deterministic_containment"
"33","04","34","01",1,20297,30,1,20297,30,1,1,1,1,"deterministic_containment"
