"source_unit_id","target_set_reference","n_targets_reference","target_set_candidate","n_targets_candidate","source_status"
"census1991__02__01","census2001__28__11",1,"census2001__28__11",1,"exact_target_set_agreement"
"census1991__02__02","census2001__28__12",1,"census2001__28__12",1,"exact_target_set_agreement"
"census1991__02__07","census2001__28__17",1,"census2001__28__17",1,"exact_target_set_agreement"
"census1991__02__08","census2001__28__18",1,"census2001__28__18",1,"exact_target_set_agreement"
"census1991__02__09","census2001__28__19",1,"census2001__28__19",1,"exact_target_set_agreement"
"census1991__02__10","census2001__28__23",1,"census2001__28__23",1,"exact_target_set_agreement"
"census1991__02__11","census2001__28__20",1,"census2001__28__20",1,"exact_target_set_agreement"
"census1991__02__12","census2001__28__20|census2001__28__22",2,"census2001__28__20|census2001__28__22",2,"exact_target_set_agreement"
"census1991__02__13","census2001__28__21",1,"census2001__28__21",1,"exact_target_set_agreement"
"census1991__02__16","census2001__28__05",1,"census2001__28__05",1,"exact_target_set_agreement"
"census1991__02__17","census2001__28__04",1,"census2001__28__04",1,"exact_target_set_agreement"
"census1991__02__18","census2001__28__02",1,"census2001__28__02",1,"exact_target_set_agreement"
"census1991__02__23","census2001__28__08",1,"census2001__28__08",1,"exact_target_set_agreement"
"census1991__03__04","census2001__12__04|census2001__12__05",2,"census2001__12__04|census2001__12__05",2,"exact_target_set_agreement"
"census1991__03__05","census2001__12__06",1,"census2001__12__06",1,"exact_target_set_agreement"
"census1991__03__06","census2001__12__07",1,"census2001__12__07",1,"exact_target_set_agreement"
"census1991__03__07","census2001__12__08|census2001__12__09",2,"census2001__12__08|census2001__12__09",2,"exact_target_set_agreement"
"census1991__04__01","census2001__18__02",1,"census2001__18__01|census2001__18__02",2,"target_set_conflict"
"census1991__04__02","census2001__18__01",1,"census2001__18__01",1,"exact_target_set_agreement"
"census1991__04__03","census2001__18__04",1,"census2001__18__04",1,"exact_target_set_agreement"
"census1991__04__04","census2001__18__03",1,"census2001__18__03",1,"exact_target_set_agreement"
"census1991__04__05","census2001__18__05",1,"census2001__18__05",1,"exact_target_set_agreement"
"census1991__04__06","census2001__18__07",1,"census2001__18__07",1,"exact_target_set_agreement"
"census1991__04__07","census2001__18__06",1,"census2001__18__06",1,"exact_target_set_agreement"
"census1991__04__08","census2001__18__08",1,"census2001__18__08",1,"exact_target_set_agreement"
"census1991__04__09","census2001__18__11",1,"census2001__18__11",1,"exact_target_set_agreement"
"census1991__04__14","census2001__18__18",1,"census2001__18__18",1,"exact_target_set_agreement"
"census1991__04__15","census2001__18__17",1,"census2001__18__17",1,"exact_target_set_agreement"
"census1991__04__16","census2001__18__16",1,"census2001__18__16",1,"exact_target_set_agreement"
"census1991__05__01","census2001__10__28",1,"census2001__10__28",1,"exact_target_set_agreement"
"census1991__05__02","census2001__10__26|census2001__10__27",2,"census2001__10__26|census2001__10__27",2,"exact_target_set_agreement"
"census1991__05__03","census2001__10__29|census2001__10__30",2,"census2001__10__29|census2001__10__30",2,"exact_target_set_agreement"
"census1991__05__04","census2001__10__19|census2001__10__31|census2001__10__32",3,"census2001__10__31|census2001__10__32",2,"target_set_conflict"
"census1991__05__09","census2001__10__17",1,"census2001__10__17",1,"exact_target_set_agreement"
"census1991__05__10","census2001__10__16",1,"census2001__10__16",1,"exact_target_set_agreement"
"census1991__05__11","census2001__10__15",1,"census2001__10__15",1,"exact_target_set_agreement"
"census1991__05__17","census2001__10__20|census2001__10__24",2,"census2001__10__20",1,"target_set_conflict"
"census1991__05__21","census2001__10__06|census2001__10__12",2,"census2001__10__06|census2001__10__12",2,"exact_target_set_agreement"
"census1991__05__22","census2001__10__11",1,"census2001__10__11",1,"exact_target_set_agreement"
"census1991__05__25","census2001__10__21",1,"census2001__10__21",1,"exact_target_set_agreement"
"census1991__05__26","census2001__10__24|census2001__10__25|census2001__10__26|census2001__10__37",4,"census2001__10__24|census2001__10__25|census2001__10__26|census2001__10__37",4,"exact_target_set_agreement"
"census1991__05__32","census2001__20__12|census2001__20__13",2,"census2001__20__12|census2001__20__13",2,"exact_target_set_agreement"
"census1991__05__33","census2001__20__06|census2001__20__13",2,"census2001__20__06|census2001__20__13",2,"exact_target_set_agreement"
"census1991__07__03","census2001__24__08",1,"census2001__24__08",1,"exact_target_set_agreement"
"census1991__07__04","census2001__24__13|census2001__24__14",2,"census2001__24__13|census2001__24__14",2,"exact_target_set_agreement"
"census1991__07__05","census2001__24__12|census2001__24__13|census2001__24__20|census2001__24__25",4,"census2001__24__12|census2001__24__13",2,"target_set_conflict"
"census1991__07__06","census2001__24__11|census2001__24__12",2,"census2001__24__11|census2001__24__12",2,"exact_target_set_agreement"
"census1991__07__11","census2001__24__06",1,"census2001__24__06",1,"exact_target_set_agreement"
"census1991__07__13","census2001__24__06|census2001__24__15|census2001__24__16",3,"census2001__24__06|census2001__24__15|census2001__24__16",3,"exact_target_set_agreement"
"census1991__07__15","census2001__24__19|census2001__24__20",2,"census2001__24__19|census2001__24__20",2,"exact_target_set_agreement"
"census1991__07__16","census2001__24__13|census2001__24__20|census2001__24__21",3,"census2001__24__20|census2001__24__21",2,"target_set_conflict"
"census1991__08__01","census2001__06__01|census2001__06__02",2,"census2001__06__01|census2001__06__02",2,"exact_target_set_agreement"
"census1991__08__03","census2001__06__04|census2001__06__05",2,"census2001__06__04|census2001__06__05",2,"exact_target_set_agreement"
"census1991__08__04","census2001__06__04|census2001__06__05|census2001__06__06|census2001__06__09",4,"census2001__06__04|census2001__06__05|census2001__06__06|census2001__06__09",4,"exact_target_set_agreement"
"census1991__08__05","census2001__06__04|census2001__06__06|census2001__06__07",3,"census2001__06__04|census2001__06__06|census2001__06__07",3,"exact_target_set_agreement"
"census1991__08__06","census2001__06__06|census2001__06__07",2,"census2001__06__06|census2001__06__07",2,"exact_target_set_agreement"
"census1991__08__07","census2001__06__08",1,"census2001__06__08",1,"exact_target_set_agreement"
"census1991__08__08","census2001__06__08|census2001__06__09|census2001__06__12|census2001__06__13|census2001__06__14|census2001__06__15",6,"census2001__06__08|census2001__06__09|census2001__06__12|census2001__06__13|census2001__06__14|census2001__06__15",6,"exact_target_set_agreement"
"census1991__08__09","census2001__06__19",1,"census2001__06__19",1,"exact_target_set_agreement"
"census1991__08__10","census2001__06__18",1,"census2001__06__18",1,"exact_target_set_agreement"
"census1991__08__11","census2001__06__15|census2001__06__17",2,"census2001__06__15|census2001__06__17",2,"exact_target_set_agreement"
"census1991__08__12","census2001__06__16",1,"census2001__06__16",1,"exact_target_set_agreement"
"census1991__08__14","census2001__06__05|census2001__06__06|census2001__06__09",3,"census2001__06__05|census2001__06__06|census2001__06__09",3,"exact_target_set_agreement"
"census1991__08__15","census2001__06__10|census2001__06__12",2,"census2001__06__10|census2001__06__12",2,"exact_target_set_agreement"
"census1991__08__16","census2001__06__11",1,"census2001__06__11",1,"exact_target_set_agreement"
"census1991__09__01","census2001__02__01",1,"census2001__02__01",1,"exact_target_set_agreement"
"census1991__09__02","census2001__02__02",1,"census2001__02__02",1,"exact_target_set_agreement"
"census1991__09__04","census2001__02__07",1,"census2001__02__07",1,"exact_target_set_agreement"
"census1991__09__09","census2001__02__11",1,"census2001__02__11",1,"exact_target_set_agreement"
"census1991__09__10","census2001__02__09",1,"census2001__02__09",1,"exact_target_set_agreement"
"census1991__11__03","census2001__29__01",1,"census2001__29__01",1,"exact_target_set_agreement"
"census1991__11__04","census2001__29__12|census2001__29__14",2,"census2001__29__12|census2001__29__14",2,"exact_target_set_agreement"
"census1991__11__08","census2001__29__13|census2001__29__14",2,"census2001__29__13|census2001__29__14",2,"exact_target_set_agreement"
"census1991__11__10","census2001__29__08|census2001__29__09|census2001__29__11",3,"census2001__29__08|census2001__29__09|census2001__29__11",3,"exact_target_set_agreement"
"census1991__11__17","census2001__29__06|census2001__29__07",2,"census2001__29__06|census2001__29__07",2,"exact_target_set_agreement"
"census1991__11__18","census2001__29__14|census2001__29__15",2,"census2001__29__14|census2001__29__15",2,"exact_target_set_agreement"
"census1991__11__20","census2001__29__10",1,"census2001__29__10",1,"exact_target_set_agreement"
"census1991__12__02","census2001__32__02",1,"census2001__32__02",1,"exact_target_set_agreement"
"census1991__12__03","census2001__32__03",1,"census2001__32__03",1,"exact_target_set_agreement"
"census1991__12__04","census2001__32__04",1,"census2001__32__04",1,"exact_target_set_agreement"
"census1991__12__06","census2001__32__06",1,"census2001__32__06",1,"exact_target_set_agreement"
"census1991__12__08","census2001__32__08",1,"census2001__32__08",1,"exact_target_set_agreement"
"census1991__12__09","census2001__32__08|census2001__32__09",2,"census2001__32__08|census2001__32__09",2,"exact_target_set_agreement"
"census1991__12__10","census2001__32__10",1,"census2001__32__10",1,"exact_target_set_agreement"
"census1991__12__12","census2001__32__12",1,"census2001__32__12",1,"exact_target_set_agreement"
"census1991__12__13","census2001__32__13",1,"census2001__32__13",1,"exact_target_set_agreement"
"census1991__13__03","census2001__23__04|census2001__23__05",2,"census2001__23__04|census2001__23__05",2,"exact_target_set_agreement"
"census1991__13__04","census2001__23__05",1,"census2001__23__05",1,"exact_target_set_agreement"
"census1991__13__28","census2001__23__32",1,"census2001__23__32",1,"exact_target_set_agreement"
"census1991__13__29","census2001__23__33",1,"census2001__23__33",1,"exact_target_set_agreement"
"census1991__13__32","census2001__23__36|census2001__23__37",2,"census2001__23__36|census2001__23__37",2,"exact_target_set_agreement"
"census1991__13__43","census2001__22__10",1,"census2001__22__10",1,"exact_target_set_agreement"
"census1991__14__04","census2001__27__32",1,"census2001__27__32",1,"exact_target_set_agreement"
"census1991__14__05","census2001__27__33",1,"census2001__27__33",1,"exact_target_set_agreement"
"census1991__14__12","census2001__27__35",1,"census2001__27__35",1,"exact_target_set_agreement"
"census1991__14__13","census2001__27__30",1,"census2001__27__30",1,"exact_target_set_agreement"
"census1991__14__14","census2001__27__34",1,"census2001__27__34",1,"exact_target_set_agreement"
"census1991__14__16","census2001__27__18",1,"census2001__27__18",1,"exact_target_set_agreement"
"census1991__14__17","census2001__27__16|census2001__27__17",2,"census2001__27__16|census2001__27__17",2,"exact_target_set_agreement"
"census1991__14__18","census2001__27__27",1,"census2001__27__27",1,"exact_target_set_agreement"
"census1991__14__20","census2001__27__29",1,"census2001__27__29",1,"exact_target_set_agreement"
"census1991__14__21","census2001__27__28",1,"census2001__27__28",1,"exact_target_set_agreement"
"census1991__14__27","census2001__27__09",1,"census2001__27__09",1,"exact_target_set_agreement"
"census1991__14__28","census2001__27__10|census2001__27__11",2,"census2001__27__10|census2001__27__11",2,"exact_target_set_agreement"
"census1991__15__02","census2001__14__02",1,"census2001__14__02",1,"exact_target_set_agreement"
"census1991__15__03","census2001__14__03",1,"census2001__14__03",1,"exact_target_set_agreement"
"census1991__15__04","census2001__14__09",1,"census2001__14__09",1,"exact_target_set_agreement"
"census1991__15__05","census2001__14__05",1,"census2001__14__05",1,"exact_target_set_agreement"
"census1991__15__06","census2001__14__04",1,"census2001__14__04",1,"exact_target_set_agreement"
"census1991__15__07","census2001__14__06|census2001__14__07",2,"census2001__14__06|census2001__14__07",2,"exact_target_set_agreement"
"census1991__15__08","census2001__14__08",1,"census2001__14__08",1,"exact_target_set_agreement"
"census1991__16__01","census2001__17__07",1,"census2001__17__07",1,"exact_target_set_agreement"
"census1991__16__02","census2001__17__04|census2001__17__05|census2001__17__06",3,"census2001__17__04|census2001__17__05|census2001__17__06",3,"exact_target_set_agreement"
"census1991__16__03","census2001__17__04",1,"census2001__17__04",1,"exact_target_set_agreement"
"census1991__18__01","census2001__13__06|census2001__13__07",2,"census2001__13__06|census2001__13__07",2,"exact_target_set_agreement"
"census1991__18__02","census2001__13__08",1,"census2001__13__08",1,"exact_target_set_agreement"
"census1991__18__03","census2001__13__04",1,"census2001__13__04",1,"exact_target_set_agreement"
"census1991__18__04","census2001__13__05",1,"census2001__13__05",1,"exact_target_set_agreement"
"census1991__18__06","census2001__13__02",1,"census2001__13__02",1,"exact_target_set_agreement"
"census1991__18__07","census2001__13__01",1,"census2001__13__01",1,"exact_target_set_agreement"
"census1991__19__06","census2001__21__10|census2001__21__11|census2001__21__12|census2001__21__13|census2001__21__19",5,"census2001__21__10|census2001__21__11|census2001__21__12|census2001__21__13",4,"target_set_conflict"
"census1991__19__07","census2001__21__14|census2001__21__15",2,"census2001__21__14|census2001__21__15",2,"exact_target_set_agreement"
"census1991__19__10","census2001__21__25|census2001__21__26",2,"census2001__21__25|census2001__21__26",2,"exact_target_set_agreement"
"census1991__19__11","census2001__21__27|census2001__21__28|census2001__21__29|census2001__21__30",4,"census2001__21__27|census2001__21__28|census2001__21__29|census2001__21__30",4,"exact_target_set_agreement"
"census1991__19__13","census2001__21__16|census2001__21__17|census2001__21__18",3,"census2001__21__16|census2001__21__17|census2001__21__18",3,"exact_target_set_agreement"
"census1991__20__01","census2001__03__01",1,"census2001__03__01",1,"exact_target_set_agreement"
"census1991__20__02","census2001__03__02",1,"census2001__03__02",1,"exact_target_set_agreement"
"census1991__20__03","census2001__03__02|census2001__03__04|census2001__03__10|census2001__03__11|census2001__03__12",5,"census2001__03__02|census2001__03__04|census2001__03__10|census2001__03__11|census2001__03__12",5,"exact_target_set_agreement"
"census1991__20__04","census2001__03__09",1,"census2001__03__07|census2001__03__08|census2001__03__09",3,"target_set_conflict"
"census1991__20__05","census2001__03__04|census2001__03__06|census2001__03__09",3,"census2001__03__04|census2001__03__06|census2001__03__09",3,"exact_target_set_agreement"
"census1991__20__07","census2001__03__01|census2001__03__05|census2001__03__06|census2001__03__09",4,"census2001__03__01|census2001__03__05|census2001__03__06|census2001__03__09",4,"exact_target_set_agreement"
"census1991__20__09","census2001__03__07|census2001__03__08|census2001__03__09|census2001__03__17",4,"census2001__03__07|census2001__03__08|census2001__03__09|census2001__03__17",4,"exact_target_set_agreement"
"census1991__20__10","census2001__03__09|census2001__03__16",2,"census2001__03__09|census2001__03__16",2,"exact_target_set_agreement"
"census1991__20__12","census2001__03__10|census2001__03__12|census2001__03__13",3,"census2001__03__10|census2001__03__12|census2001__03__13",3,"exact_target_set_agreement"
"census1991__21__05","census2001__08__06",1,"census2001__08__06",1,"exact_target_set_agreement"
"census1991__21__08","census2001__08__09|census2001__08__10|census2001__08__11",3,"census2001__08__09|census2001__08__10|census2001__08__11",3,"exact_target_set_agreement"
"census1991__21__09","census2001__08__11|census2001__08__12|census2001__08__30",3,"census2001__08__11|census2001__08__12",2,"target_set_conflict"
"census1991__21__13","census2001__08__16",1,"census2001__08__16",1,"exact_target_set_agreement"
"census1991__21__14","census2001__08__15",1,"census2001__08__15",1,"exact_target_set_agreement"
"census1991__21__21","census2001__08__25|census2001__08__26",2,"census2001__08__25|census2001__08__26",2,"exact_target_set_agreement"
"census1991__21__25","census2001__08__23",1,"census2001__08__23",1,"exact_target_set_agreement"
"census1991__21__26","census2001__08__30|census2001__08__31",2,"census2001__08__30|census2001__08__31",2,"exact_target_set_agreement"
"census1991__21__27","census2001__08__32",1,"census2001__08__32",1,"exact_target_set_agreement"
"census1991__23__13","census2001__33__19|census2001__33__20|census2001__33__21|census2001__33__28",4,"census2001__33__19|census2001__33__20|census2001__33__21",3,"target_set_conflict"
"census1991__23__16","census2001__33__24|census2001__33__25",2,"census2001__33__24|census2001__33__25",2,"exact_target_set_agreement"
"census1991__23__17","census2001__33__26|census2001__33__28",2,"census2001__33__23|census2001__33__27",2,"target_set_conflict"
"census1991__23__18","census2001__33__23|census2001__33__26|census2001__33__27",3,"census2001__33__26",1,"target_set_conflict"
"census1991__24__01","census2001__16__01",1,"census2001__16__01",1,"exact_target_set_agreement"
"census1991__24__02","census2001__16__03|census2001__16__04",2,"census2001__16__03|census2001__16__04",2,"exact_target_set_agreement"
"census1991__24__03","census2001__16__02|census2001__16__03",2,"census2001__16__02|census2001__16__03",2,"exact_target_set_agreement"
"census1991__25__02","census2001__05__02|census2001__05__03",2,"census2001__05__02|census2001__05__03",2,"exact_target_set_agreement"
"census1991__25__03","census2001__05__03|census2001__05__04",2,"census2001__05__03|census2001__05__04",2,"exact_target_set_agreement"
"census1991__25__05","census2001__05__03|census2001__05__06",2,"census2001__05__03|census2001__05__06|census2001__05__11",3,"target_set_conflict"
"census1991__25__06","census2001__05__07|census2001__05__10",2,"census2001__05__07|census2001__05__10",2,"exact_target_set_agreement"
"census1991__25__07","census2001__05__08|census2001__05__09",2,"census2001__05__08|census2001__05__09",2,"exact_target_set_agreement"
"census1991__25__08","census2001__05__10|census2001__05__11|census2001__05__12",3,"census2001__05__10|census2001__05__11|census2001__05__12",3,"exact_target_set_agreement"
"census1991__25__09","census2001__09__03",1,"census2001__09__03",1,"exact_target_set_agreement"
"census1991__25__10","census2001__09__04|census2001__09__06",2,"census2001__09__04|census2001__09__06",2,"exact_target_set_agreement"
"census1991__25__12","census2001__09__01",1,"census2001__09__01",1,"exact_target_set_agreement"
"census1991__25__13","census2001__05__13",1,"census2001__05__13",1,"exact_target_set_agreement"
"census1991__25__14","census2001__09__02",1,"census2001__09__02",1,"exact_target_set_agreement"
"census1991__25__15","census2001__09__07|census2001__09__08",2,"census2001__09__07|census2001__09__08",2,"exact_target_set_agreement"
"census1991__25__16","census2001__09__09|census2001__09__10",2,"census2001__09__09|census2001__09__10",2,"exact_target_set_agreement"
"census1991__25__17","census2001__09__10|census2001__09__11",2,"census2001__09__10|census2001__09__11",2,"exact_target_set_agreement"
"census1991__25__18","census2001__09__12|census2001__09__13",2,"census2001__09__12|census2001__09__13",2,"exact_target_set_agreement"
"census1991__25__19","census2001__09__13|census2001__09__14",2,"census2001__09__13|census2001__09__14",2,"exact_target_set_agreement"
"census1991__25__20","census2001__09__15",1,"census2001__09__15",1,"exact_target_set_agreement"
"census1991__25__21","census2001__09__16",1,"census2001__09__16",1,"exact_target_set_agreement"
"census1991__25__23","census2001__09__18|census2001__09__31",2,"census2001__09__18|census2001__09__31",2,"exact_target_set_agreement"
"census1991__25__31","census2001__09__26",1,"census2001__09__26",1,"exact_target_set_agreement"
"census1991__25__35","census2001__09__31|census2001__09__32",2,"census2001__09__31|census2001__09__32",2,"exact_target_set_agreement"
"census1991__25__36","census2001__09__33|census2001__09__34",2,"census2001__09__33|census2001__09__34",2,"exact_target_set_agreement"
"census1991__25__37","census2001__09__34",1,"census2001__09__34",1,"exact_target_set_agreement"
"census1991__25__43","census2001__09__42",1,"census2001__09__42",1,"exact_target_set_agreement"
"census1991__25__49","census2001__09__47|census2001__09__48",2,"census2001__09__47|census2001__09__48",2,"exact_target_set_agreement"
"census1991__25__50","census2001__09__49",1,"census2001__09__49",1,"exact_target_set_agreement"
"census1991__25__53","census2001__09__54|census2001__09__55|census2001__09__56",3,"census2001__09__55|census2001__09__56",2,"target_set_conflict"
"census1991__25__57","census2001__09__48|census2001__09__61",2,"census2001__09__48|census2001__09__61",2,"exact_target_set_agreement"
"census1991__25__59","census2001__09__63",1,"census2001__09__63",1,"exact_target_set_agreement"
"census1991__25__61","census2001__09__66|census2001__09__67|census2001__09__68",3,"census2001__09__66|census2001__09__67|census2001__09__68",3,"exact_target_set_agreement"
"census1991__25__62","census2001__09__69",1,"census2001__09__69",1,"exact_target_set_agreement"
"census1991__26__06","census2001__19__07",1,"census2001__19__07",1,"exact_target_set_agreement"
"census1991__26__07","census2001__19__10",1,"census2001__19__10",1,"exact_target_set_agreement"
"census1991__26__10","census2001__19__17",1,"census2001__19__17",1,"exact_target_set_agreement"
"census1991__28__01","census2001__04__01",1,"census2001__04__01",1,"exact_target_set_agreement"
"census1991__08__02","census2001__06__03|census2001__06__04",2,NA,NA,"reference_only"
"census1991__11__15","census2001__29__22",1,NA,NA,"reference_only"
"census1991__02__03","census2001__28__13",1,NA,NA,"reference_only"
"census1991__02__04","census2001__28__14",1,NA,NA,"reference_only"
"census1991__02__05","census2001__28__15",1,NA,NA,"reference_only"
"census1991__02__06","census2001__28__16",1,NA,NA,"reference_only"
"census1991__14__23","census2001__27__05|census2001__27__06",2,NA,NA,"reference_only"
"census1991__14__24","census2001__27__07",1,NA,NA,"reference_only"
"census1991__14__25","census2001__27__14",1,NA,NA,"reference_only"
"census1991__14__26","census2001__27__08",1,NA,NA,"reference_only"
"census1991__04__17","census2001__18__15",1,NA,NA,"reference_only"
"census1991__08__13","census2001__06__13",1,NA,NA,"reference_only"
"census1991__14__29","census2001__27__13",1,NA,NA,"reference_only"
"census1991__02__14","census2001__28__07",1,NA,NA,"reference_only"
"census1991__02__15","census2001__28__06",1,NA,NA,"reference_only"
"census1991__04__22","census2001__18__23",1,NA,NA,"reference_only"
"census1991__25__22","census2001__09__17",1,NA,NA,"reference_only"
"census1991__09__03","census2001__02__06",1,NA,NA,"reference_only"
"census1991__02__19","census2001__28__01",1,NA,NA,"reference_only"
"census1991__02__20","census2001__28__03",1,NA,NA,"reference_only"
"census1991__02__21","census2001__28__09",1,NA,NA,"reference_only"
"census1991__02__22","census2001__28__10",1,NA,NA,"reference_only"
"census1991__09__08","census2001__02__03",1,NA,NA,"reference_only"
"census1991__03__01","census2001__12__01",1,NA,NA,"reference_only"
"census1991__03__02","census2001__12__02",1,NA,NA,"reference_only"
"census1991__03__03","census2001__12__03|census2001__12__07",2,NA,NA,"reference_only"
"census1991__09__12","census2001__02__12",1,NA,NA,"reference_only"
"census1991__11__01","census2001__29__20",1,NA,NA,"reference_only"
"census1991__11__02","census2001__29__21",1,NA,NA,"reference_only"
"census1991__17__03","census2001__15__07|census2001__15__08",2,NA,NA,"reference_only"
"census1991__03__08","census2001__12__10",1,NA,NA,"reference_only"
"census1991__03__09","census2001__12__05|census2001__12__11",2,NA,NA,"reference_only"
"census1991__03__10","census2001__12__12",1,NA,NA,"reference_only"
"census1991__03__11","census2001__12__13",1,NA,NA,"reference_only"
"census1991__18__05","census2001__13__03",1,NA,NA,"reference_only"
"census1991__11__09","census2001__29__16|census2001__29__24",2,NA,NA,"reference_only"
"census1991__25__42","census2001__09__40|census2001__09__41",2,NA,NA,"reference_only"
"census1991__11__11","census2001__29__04",1,NA,NA,"reference_only"
"census1991__11__12","census2001__29__23",1,NA,NA,"reference_only"
"census1991__11__13","census2001__29__25",1,NA,NA,"reference_only"
"census1991__11__14","census2001__29__19",1,NA,NA,"reference_only"
"census1991__13__21","census2001__23__24",1,NA,NA,"reference_only"
"census1991__11__16","census2001__29__26|census2001__29__27",2,NA,NA,"reference_only"
"census1991__04__10","census2001__18__12",1,NA,NA,"reference_only"
"census1991__04__11","census2001__18__13",1,NA,NA,"reference_only"
"census1991__04__12","census2001__18__09",1,NA,NA,"reference_only"
"census1991__04__13","census2001__18__10",1,NA,NA,"reference_only"
"census1991__12__01","census2001__32__01",1,NA,NA,"reference_only"
"census1991__19__12","census2001__21__19|census2001__21__20",2,NA,NA,"reference_only"
"census1991__25__55","census2001__09__59|census2001__09__60",2,NA,NA,"reference_only"
"census1991__05__34","census2001__20__03|census2001__20__04|census2001__20__05",3,NA,NA,"reference_only"
"census1991__04__18","census2001__18__14",1,NA,NA,"reference_only"
"census1991__04__19","census2001__18__19",1,NA,NA,"reference_only"
"census1991__04__20","census2001__18__20",1,NA,NA,"reference_only"
"census1991__04__21","census2001__18__22",1,NA,NA,"reference_only"
"census1991__05__39","census2001__20__18",1,NA,NA,"reference_only"
"census1991__04__23","census2001__18__21",1,NA,NA,"reference_only"
"census1991__12__11","census2001__32__11",1,NA,NA,"reference_only"
"census1991__26__01","census2001__19__03",1,NA,NA,"reference_only"
"census1991__26__02","census2001__19__02",1,NA,NA,"reference_only"
"census1991__12__14","census2001__32__14",1,NA,NA,"reference_only"
"census1991__05__05","census2001__10__34",1,NA,NA,"reference_only"
"census1991__05__06","census2001__10__33",1,NA,NA,"reference_only"
"census1991__05__07","census2001__10__35",1,NA,NA,"reference_only"
"census1991__05__08","census2001__10__36",1,NA,NA,"reference_only"
"census1991__13__05","census2001__23__06",1,NA,NA,"reference_only"
"census1991__13__06","census2001__23__07",1,NA,NA,"reference_only"
"census1991__13__07","census2001__23__08",1,NA,NA,"reference_only"
"census1991__05__12","census2001__10__01",1,NA,NA,"reference_only"
"census1991__05__13","census2001__10__02",1,NA,NA,"reference_only"
"census1991__05__14","census2001__10__03|census2001__10__04",2,NA,NA,"reference_only"
"census1991__05__15","census2001__10__14",1,NA,NA,"reference_only"
"census1991__05__16","census2001__10__18",1,NA,NA,"reference_only"
"census1991__13__13","census2001__23__14",1,NA,NA,"reference_only"
"census1991__05__18","census2001__10__19",1,NA,NA,"reference_only"
"census1991__05__19","census2001__10__13",1,NA,NA,"reference_only"
"census1991__05__20","census2001__10__05",1,NA,NA,"reference_only"
"census1991__13__17","census2001__23__20",1,NA,NA,"reference_only"
"census1991__13__18","census2001__23__21",1,NA,NA,"reference_only"
"census1991__05__23","census2001__10__09",1,NA,NA,"reference_only"
"census1991__05__24","census2001__10__10",1,NA,NA,"reference_only"
"census1991__19__04","census2001__21__07|census2001__21__29",2,NA,NA,"reference_only"
"census1991__13__22","census2001__23__25",1,NA,NA,"reference_only"
"census1991__05__27","census2001__10__22|census2001__10__23",2,NA,NA,"reference_only"
"census1991__05__28","census2001__20__08",1,NA,NA,"reference_only"
"census1991__05__29","census2001__20__09|census2001__20__10",2,NA,NA,"reference_only"
"census1991__05__30","census2001__20__11",1,NA,NA,"reference_only"
"census1991__05__31","census2001__20__07",1,NA,NA,"reference_only"
"census1991__13__27","census2001__23__31",1,NA,NA,"reference_only"
"census1991__22__01","census2001__11__01",1,NA,NA,"reference_only"
"census1991__23__12","census2001__33__14|census2001__33__15|census2001__33__16|census2001__33__17",4,NA,NA,"reference_only"
"census1991__05__35","census2001__20__01|census2001__20__02",2,NA,NA,"reference_only"
"census1991__05__36","census2001__20__15",1,NA,NA,"reference_only"
"census1991__05__37","census2001__20__16",1,NA,NA,"reference_only"
"census1991__05__38","census2001__20__14",1,NA,NA,"reference_only"
"census1991__15__01","census2001__14__01",1,NA,NA,"reference_only"
"census1991__05__40","census2001__20__17",1,NA,NA,"reference_only"
"census1991__05__41","census2001__10__07",1,NA,NA,"reference_only"
"census1991__05__42","census2001__10__08",1,NA,NA,"reference_only"
"census1991__06__01","census2001__30__01",1,NA,NA,"reference_only"
"census1991__06__02","census2001__30__02",1,NA,NA,"reference_only"
"census1991__07__01","census2001__24__10",1,NA,NA,"reference_only"
"census1991__07__02","census2001__24__09",1,NA,NA,"reference_only"
"census1991__25__01","census2001__05__01",1,NA,NA,"reference_only"
"census1991__13__44","census2001__22__11|census2001__22__12|census2001__22__13",3,NA,NA,"reference_only"
"census1991__13__45","census2001__22__14|census2001__22__15|census2001__22__16",3,NA,NA,"reference_only"
"census1991__14__02","census2001__27__21",1,NA,NA,"reference_only"
"census1991__07__07","census2001__24__01",1,NA,NA,"reference_only"
"census1991__07__08","census2001__24__02|census2001__24__03",2,NA,NA,"reference_only"
"census1991__07__09","census2001__24__05",1,NA,NA,"reference_only"
"census1991__07__10","census2001__24__03|census2001__24__04|census2001__24__06",3,NA,NA,"reference_only"
"census1991__14__07","census2001__27__01|census2001__27__02",2,NA,NA,"reference_only"
"census1991__07__12","census2001__24__06|census2001__24__07",2,NA,NA,"reference_only"
"census1991__14__09","census2001__27__26",1,NA,NA,"reference_only"
"census1991__07__14","census2001__24__17|census2001__24__18",2,NA,NA,"reference_only"
"census1991__14__11","census2001__27__31",1,NA,NA,"reference_only"
"census1991__25__54","census2001__09__58",1,NA,NA,"reference_only"
"census1991__07__17","census2001__24__22",1,NA,NA,"reference_only"
"census1991__07__18","census2001__24__13|census2001__24__24|census2001__24__25",3,NA,NA,"reference_only"
"census1991__07__19","census2001__24__23",1,NA,NA,"reference_only"
"census1991__19__03","census2001__21__06",1,NA,NA,"reference_only"
"census1991__13__20","census2001__23__23",1,NA,NA,"reference_only"
"census1991__19__05","census2001__21__08|census2001__21__09|census2001__21__11",3,NA,NA,"reference_only"
"census1991__14__19","census2001__27__15",1,NA,NA,"reference_only"
"census1991__13__23","census2001__23__26",1,NA,NA,"reference_only"
"census1991__19__08","census2001__21__21|census2001__21__22",2,NA,NA,"reference_only"
"census1991__14__22","census2001__27__04",1,NA,NA,"reference_only"
"census1991__25__52","census2001__09__57",1,NA,NA,"reference_only"
"census1991__25__51","census2001__09__54|census2001__09__56",2,NA,NA,"reference_only"
"census1991__09__07","census2001__02__04",1,NA,NA,"reference_only"
"census1991__25__28","census2001__09__23",1,NA,NA,"reference_only"
"census1991__25__56","census2001__09__62",1,NA,NA,"reference_only"
"census1991__12__05","census2001__32__05",1,NA,NA,"reference_only"
"census1991__25__58","census2001__09__64",1,NA,NA,"reference_only"
"census1991__14__30","census2001__27__12",1,NA,NA,"reference_only"
"census1991__25__60","census2001__09__65",1,NA,NA,"reference_only"
"census1991__20__06","census2001__03__03",1,NA,NA,"reference_only"
"census1991__13__36","census2001__23__43",1,NA,NA,"reference_only"
"census1991__20__08","census2001__03__07|census2001__03__08",2,NA,NA,"reference_only"
"census1991__25__24","census2001__09__19",1,NA,NA,"reference_only"
"census1991__09__05","census2001__02__08",1,NA,NA,"reference_only"
"census1991__09__06","census2001__02__05",1,NA,NA,"reference_only"
"census1991__25__40","census2001__09__37",1,NA,NA,"reference_only"
"census1991__25__41","census2001__09__38|census2001__09__39",2,NA,NA,"reference_only"
"census1991__25__29","census2001__09__24",1,NA,NA,"reference_only"
"census1991__25__30","census2001__09__25",1,NA,NA,"reference_only"
"census1991__09__11","census2001__02__10",1,NA,NA,"reference_only"
"census1991__16__05","census2001__17__01|census2001__17__03",2,NA,NA,"reference_only"
"census1991__17__01","census2001__15__01|census2001__15__02|census2001__15__03|census2001__15__04|census2001__15__05",5,NA,NA,"reference_only"
"census1991__17__02","census2001__15__06",1,NA,NA,"reference_only"
"census1991__13__09","census2001__23__10",1,NA,NA,"reference_only"
"census1991__13__10","census2001__23__11",1,NA,NA,"reference_only"
"census1991__11__05","census2001__29__05",1,NA,NA,"reference_only"
"census1991__11__06","census2001__29__02|census2001__29__03",2,NA,NA,"reference_only"
"census1991__11__07","census2001__29__17",1,NA,NA,"reference_only"
"census1991__33__04","census2001__34__01",1,NA,NA,"reference_only"
"census1991__13__01","census2001__23__01|census2001__23__02",2,NA,NA,"reference_only"
"census1991__13__16","census2001__23__18|census2001__23__19",2,NA,NA,"reference_only"
"census1991__19__01","census2001__21__01|census2001__21__02|census2001__21__03|census2001__21__04",4,NA,NA,"reference_only"
"census1991__19__02","census2001__21__05",1,NA,NA,"reference_only"
"census1991__13__19","census2001__23__22",1,NA,NA,"reference_only"
"census1991__25__45","census2001__09__44|census2001__09__45",2,NA,NA,"reference_only"
"census1991__21__20","census2001__08__24",1,NA,NA,"reference_only"
"census1991__25__48","census2001__09__46|census2001__09__47",2,NA,NA,"reference_only"
"census1991__23__04","census2001__33__05",1,NA,NA,"reference_only"
"census1991__13__24","census2001__23__27|census2001__23__28",2,NA,NA,"reference_only"
"census1991__11__19","census2001__29__18",1,NA,NA,"reference_only"
"census1991__13__26","census2001__23__30",1,NA,NA,"reference_only"
"census1991__20__11","census2001__03__14|census2001__03__15",2,NA,NA,"reference_only"
"census1991__13__14","census2001__23__15|census2001__23__16",2,NA,NA,"reference_only"
"census1991__13__02","census2001__23__03",1,NA,NA,"reference_only"
"census1991__13__30","census2001__23__34",1,NA,NA,"reference_only"
"census1991__13__31","census2001__23__35",1,NA,NA,"reference_only"
"census1991__22__04","census2001__11__02",1,NA,NA,"reference_only"
"census1991__12__07","census2001__32__07",1,NA,NA,"reference_only"
"census1991__13__34","census2001__23__40",1,NA,NA,"reference_only"
"census1991__13__35","census2001__23__41|census2001__23__42",2,NA,NA,"reference_only"
"census1991__25__34","census2001__09__29|census2001__09__30",2,NA,NA,"reference_only"
"census1991__13__37","census2001__23__44",1,NA,NA,"reference_only"
"census1991__13__38","census2001__23__45",1,NA,NA,"reference_only"
"census1991__13__39","census2001__22__01|census2001__22__02",2,NA,NA,"reference_only"
"census1991__21__12","census2001__08__22",1,NA,NA,"reference_only"
"census1991__13__40","census2001__22__05|census2001__22__06|census2001__22__07|census2001__22__08",4,NA,NA,"reference_only"
"census1991__13__15","census2001__23__17",1,NA,NA,"reference_only"
"census1991__21__02","census2001__08__03",1,NA,NA,"reference_only"
"census1991__21__03","census2001__08__04",1,NA,NA,"reference_only"
"census1991__21__04","census2001__08__05",1,NA,NA,"reference_only"
"census1991__26__09","census2001__19__18",1,NA,NA,"reference_only"
"census1991__21__06","census2001__08__07",1,NA,NA,"reference_only"
"census1991__13__08","census2001__23__09",1,NA,NA,"reference_only"
"census1991__33__01","census2001__34__02",1,NA,NA,"reference_only"
"census1991__14__06","census2001__27__20",1,NA,NA,"reference_only"
"census1991__13__11","census2001__23__12|census2001__23__22",2,NA,NA,"reference_only"
"census1991__13__12","census2001__23__13",1,NA,NA,"reference_only"
"census1991__25__11","census2001__09__05",1,NA,NA,"reference_only"
"census1991__25__38","census2001__09__35",1,NA,NA,"reference_only"
"census1991__13__41","census2001__22__03|census2001__22__04",2,NA,NA,"reference_only"
"census1991__27__01","census2001__35__01",1,NA,NA,"reference_only"
"census1991__21__16","census2001__08__20",1,NA,NA,"reference_only"
"census1991__21__17","census2001__08__17",1,NA,NA,"reference_only"
"census1991__14__15","census2001__27__19",1,NA,NA,"reference_only"
"census1991__21__18","census2001__08__18",1,NA,NA,"reference_only"
"census1991__25__46","census2001__09__50|census2001__09__51",2,NA,NA,"reference_only"
"census1991__23__03","census2001__33__04",1,NA,NA,"reference_only"
"census1991__21__07","census2001__08__08",1,NA,NA,"reference_only"
"census1991__21__22","census2001__08__24|census2001__08__29",2,NA,NA,"reference_only"
"census1991__13__25","census2001__23__29",1,NA,NA,"reference_only"
"census1991__23__07","census2001__33__01|census2001__33__08|census2001__33__09|census2001__33__13|census2001__33__30",5,NA,NA,"reference_only"
"census1991__19__09","census2001__21__23|census2001__21__24",2,NA,NA,"reference_only"
"census1991__14__10","census2001__27__25",1,NA,NA,"reference_only"
"census1991__13__42","census2001__22__08|census2001__22__09",2,NA,NA,"reference_only"
"census1991__21__01","census2001__08__01|census2001__08__02",2,NA,NA,"reference_only"
"census1991__22__02","census2001__11__04",1,NA,NA,"reference_only"
"census1991__22__03","census2001__11__03",1,NA,NA,"reference_only"
"census1991__13__33","census2001__23__38|census2001__23__39",2,NA,NA,"reference_only"
"census1991__23__02","census2001__33__01|census2001__33__03|census2001__33__22|census2001__33__24",4,NA,NA,"reference_only"
"census1991__25__33","census2001__09__28|census2001__09__42|census2001__09__49",3,NA,NA,"reference_only"
"census1991__25__47","census2001__09__52|census2001__09__53",2,NA,NA,"reference_only"
"census1991__23__05","census2001__33__06",1,NA,NA,"reference_only"
"census1991__25__63","census2001__09__63|census2001__09__66|census2001__09__70",3,NA,NA,"reference_only"
"census1991__14__08","census2001__27__03",1,NA,NA,"reference_only"
"census1991__21__10","census2001__08__13",1,NA,NA,"reference_only"
"census1991__25__25","census2001__09__20",1,NA,NA,"reference_only"
"census1991__26__17","census2001__19__08",1,NA,NA,"reference_only"
"census1991__25__27","census2001__09__22",1,NA,NA,"reference_only"
"census1991__26__05","census2001__19__06",1,NA,NA,"reference_only"
"census1991__23__14","census2001__33__22",1,NA,NA,"reference_only"
"census1991__23__15","census2001__33__07|census2001__33__23",2,NA,NA,"reference_only"
"census1991__14__03","census2001__27__24",1,NA,NA,"reference_only"
"census1991__21__19","census2001__08__19",1,NA,NA,"reference_only"
"census1991__30__01","census2001__25__02",1,NA,NA,"reference_only"
"census1991__26__12","census2001__19__12",1,NA,NA,"reference_only"
"census1991__23__20","census2001__33__29",1,NA,NA,"reference_only"
"census1991__21__23","census2001__08__27",1,NA,NA,"reference_only"
"census1991__33__02","census2001__34__04",1,NA,NA,"reference_only"
"census1991__21__11","census2001__08__21",1,NA,NA,"reference_only"
"census1991__25__26","census2001__09__21",1,NA,NA,"reference_only"
"census1991__26__03","census2001__19__01",1,NA,NA,"reference_only"
"census1991__21__15","census2001__08__14",1,NA,NA,"reference_only"
"census1991__27__02","census2001__35__02",1,NA,NA,"reference_only"
"census1991__25__44","census2001__09__43",1,NA,NA,"reference_only"
"census1991__25__04","census2001__05__05",1,NA,NA,"reference_only"
"census1991__25__32","census2001__09__27",1,NA,NA,"reference_only"
"census1991__23__19","census2001__33__28",1,NA,NA,"reference_only"
"census1991__32__01","census2001__31__01",1,NA,NA,"reference_only"
"census1991__26__11","census2001__19__16",1,NA,NA,"reference_only"
"census1991__23__06","census2001__33__07|census2001__33__18|census2001__33__28",3,NA,NA,"reference_only"
"census1991__23__11","census2001__33__10|census2001__33__13",2,NA,NA,"reference_only"
"census1991__21__24","census2001__08__28",1,NA,NA,"reference_only"
"census1991__25__39","census2001__09__36",1,NA,NA,"reference_only"
"census1991__26__16","census2001__19__09",1,NA,NA,"reference_only"
"census1991__26__08","census2001__19__11|census2001__19__12|census2001__19__15",3,NA,NA,"reference_only"
"census1991__23__10","census2001__33__12|census2001__33__26|census2001__33__27",3,NA,NA,"reference_only"
"census1991__23__09","census2001__33__11",1,NA,NA,"reference_only"
"census1991__16__04","census2001__17__02",1,NA,NA,"reference_only"
"census1991__26__13","census2001__19__15",1,NA,NA,"reference_only"
"census1991__26__04","census2001__19__04|census2001__19__05",2,NA,NA,"reference_only"
"census1991__30__02","census2001__25__01",1,NA,NA,"reference_only"
"census1991__26__14","census2001__19__13",1,NA,NA,"reference_only"
"census1991__33__03","census2001__34__03",1,NA,NA,"reference_only"
"census1991__23__08","census2001__33__10",1,NA,NA,"reference_only"
"census1991__29__01","census2001__26__01",1,NA,NA,"reference_only"
"census1991__26__15","census2001__19__14",1,NA,NA,"reference_only"
"census1991__23__21","census2001__33__30",1,NA,NA,"reference_only"
"census1991__10__10",NA,NA,"census2001__01__10",1,"candidate_only"
"census1991__10__01",NA,NA,"census2001__01__06",1,"candidate_only"
"census1991__10__04",NA,NA,"census2001__01__04",1,"candidate_only"
"census1991__10__09",NA,NA,"census2001__01__09",1,"candidate_only"
"census1991__10__12",NA,NA,"census2001__01__13",1,"candidate_only"
"census1991__10__11",NA,NA,"census2001__01__14",1,"candidate_only"
"census1991__10__06",NA,NA,"census2001__01__01",1,"candidate_only"
"census1991__10__02",NA,NA,"census2001__01__05",1,"candidate_only"
"census1991__10__03",NA,NA,"census2001__01__03",1,"candidate_only"
"census1991__23__01",NA,NA,"census2001__33__02",1,"candidate_only"
