"district_1991","pop_1991","district_2001","pct_01in91","pct_91in01",".source_row","source_name_key","target_name_key","state_code_1991","district_code_1991","state_code_2001","district_code_2001","source_name_exact_unique","target_name_exact_unique","source_share_to_2001","target_share_from_1991","source_identity_key","source_unit_id","target_unit_id","source_code_identity_count","transition_status"
"Anantapur",3183814,"Anantapur",99.91,100,1,"anantapur","anantapur","02","12","28","22",TRUE,TRUE,0.9991,1,"anantapur__3183814","census1991__02__12","census2001__28__22",1,"matched_exact_names"
"Anantapur",3183814,"Cuddapah",0.09,0.13,2,"anantapur","cuddapah","02","12","28","20",TRUE,TRUE,9e-04,0.0013,"anantapur__3183814","census1991__02__12","census2001__28__20",1,"matched_exact_names"
"Chittoor",3261118,"Chittoor",100,100,3,"chittoor","chittoor","02","10","28","23",TRUE,TRUE,1,1,"chittoor__3261118","census1991__02__10","census2001__28__23",1,"matched_exact_names"
"Cuddapah",2267769,"Cuddapah",100,99.87,4,"cuddapah","cuddapah","02","11","28","20",TRUE,TRUE,1,0.9987,"cuddapah__2267769","census1991__02__11","census2001__28__20",1,"matched_exact_names"
"Guntur",4106999,"Guntur",100,100,5,"guntur","guntur","02","07","28","17",TRUE,TRUE,1,1,"guntur__4106999","census1991__02__07","census2001__28__17",1,"matched_exact_names"
"Hyderabad",3145939,"Hyderabad",100,100,6,"hyderabad","hyderabad","02","16","28","05",TRUE,TRUE,1,1,"hyderabad__3145939","census1991__02__16","census2001__28__05",1,"matched_exact_names"
"Kurnool",2973024,"Kurnool",100,100,7,"kurnool","kurnool","02","13","28","21",TRUE,TRUE,1,1,"kurnool__2973024","census1991__02__13","census2001__28__21",1,"matched_exact_names"
"Medak",2269800,"Medak",100,100,8,"medak","medak","02","17","28","04",TRUE,TRUE,1,1,"medak__2269800","census1991__02__17","census2001__28__04",1,"matched_exact_names"
"Nalgonda",2852092,"Nalgonda",100,100,9,"nalgonda","nalgonda","02","23","28","08",TRUE,TRUE,1,1,"nalgonda__2852092","census1991__02__23","census2001__28__08",1,"matched_exact_names"
"Nellore",2392260,"Nellore",100,100,10,"nellore","nellore","02","09","28","19",TRUE,TRUE,1,1,"nellore__2392260","census1991__02__09","census2001__28__19",1,"matched_exact_names"
"Nizamabad",2037621,"Nizamabad",100,100,11,"nizamabad","nizamabad","02","18","28","02",TRUE,TRUE,1,1,"nizamabad__2037621","census1991__02__18","census2001__28__02",1,"matched_exact_names"
"Prakasam",2759166,"Prakasam",100,100,12,"prakasam","prakasam","02","08","28","18",TRUE,TRUE,1,1,"prakasam__2759166","census1991__02__08","census2001__28__18",1,"matched_exact_names"
"Rangareddi",2551966,"Rangareddi",100,100,13,"rangareddi","rangareddi",NA,NA,"28","06",FALSE,TRUE,1,1,"rangareddi__2551966",NA,"census2001__28__06",NA,"source_name_not_unique_exact"
"Srikakulam",2321126,"Srikakulam",100,100,14,"srikakulam","srikakulam","02","01","28","11",TRUE,TRUE,1,1,"srikakulam__2321126","census1991__02__01","census2001__28__11",1,"matched_exact_names"
"Visakhapatanam",3285092,"Visakhapatnam",100,100,15,"visakhapatanam","visakhapatnam",NA,NA,"28","13",FALSE,TRUE,1,1,"visakhapatanam__3285092",NA,"census2001__28__13",NA,"source_name_not_unique_exact"
"Vizianagaram",2110943,"Vizianagaram",100,100,16,"vizianagaram","vizianagaram","02","02","28","12",TRUE,TRUE,1,1,"vizianagaram__2110943","census1991__02__02","census2001__28__12",1,"matched_exact_names"
"East Siang",99643,"East Siang",72.12,100,17,"east siang","east siang","03","07","12","08",TRUE,TRUE,0.7212,1,"east siang__99643","census1991__03__07","census2001__12__08",1,"matched_exact_names"
"East Siang",99643,"Upper Siang",27.88,100,18,"east siang","upper siang","03","07","12","09",TRUE,TRUE,0.2788,1,"east siang__99643","census1991__03__07","census2001__12__09",1,"matched_exact_names"
"Lower Subansiri",155978,"Lower Subansiri",53.32,100,19,"lower subansiri","lower subansiri","03","04","12","05",TRUE,TRUE,0.5332,1,"lower subansiri__155978","census1991__03__04","census2001__12__05",1,"matched_exact_names"
"Lower Subansiri",155978,"Papum Pare",46.68,100,20,"lower subansiri","papum pare","03","04","12","04",TRUE,TRUE,0.4668,1,"lower subansiri__155978","census1991__03__04","census2001__12__04",1,"matched_exact_names"
"Upper Subansiri",50086,"Upper Subansiri",100,100,21,"upper subansiri","upper subansiri","03","05","12","06",TRUE,TRUE,1,1,"upper subansiri__50086","census1991__03__05","census2001__12__06",1,"matched_exact_names"
"West Siang",89936,"West Siang",100,100,22,"west siang","west siang","03","06","12","07",TRUE,TRUE,1,1,"west siang__89936","census1991__03__06","census2001__12__07",1,"matched_exact_names"
"Barpeta",1385659,"Barpeta",100,100,23,"barpeta","barpeta","04","05","18","05",TRUE,TRUE,1,1,"barpeta__1385659","census1991__04__05","census2001__18__05",1,"matched_exact_names"
"Bongaigaon",807523,"Bongaigaon",100,100,24,"bongaigaon","bongaigaon","04","03","18","04",TRUE,TRUE,1,1,"bongaigaon__807523","census1991__04__03","census2001__18__04",1,"matched_exact_names"
"Darrang",1298860,"Darrang",100,100,25,"darrang","darrang","04","08","18","08",TRUE,TRUE,1,1,"darrang__1298860","census1991__04__08","census2001__18__08",1,"matched_exact_names"
"Dhubri",1332475,"Dhubri",99.39,100,26,"dhubri","dhubri","04","01","18","02",TRUE,TRUE,0.9939,1,"dhubri__1332475","census1991__04__01","census2001__18__02",1,"matched_exact_names"
"Dhubri",1332475,"Kokrajhar",0.61,1,27,"dhubri","kokrajhar","04","01","18","01",TRUE,TRUE,0.0061,0.01,"dhubri__1332475","census1991__04__01","census2001__18__01",1,"matched_exact_names"
"Goalpara",668138,"Goalpara",100,100,28,"goalpara","goalpara","04","04","18","03",TRUE,TRUE,1,1,"goalpara__668138","census1991__04__04","census2001__18__03",1,"matched_exact_names"
"Golaghat",828096,"Golaghat",100,100,29,"golaghat","golaghat","04","14","18","18",TRUE,TRUE,1,1,"golaghat__828096","census1991__04__14","census2001__18__18",1,"matched_exact_names"
"Jorhat",871206,"Jorhat",100,100,30,"jorhat","jorhat","04","15","18","17",TRUE,TRUE,1,1,"jorhat__871206","census1991__04__15","census2001__18__17",1,"matched_exact_names"
"Kamrup",2000071,"Kamrup",100,100,31,"kamrup","kamrup","04","07","18","06",TRUE,TRUE,1,1,"kamrup__2000071","census1991__04__07","census2001__18__06",1,"matched_exact_names"
"Kokrajhar",800659,"Kokrajhar",100,99,32,"kokrajhar","kokrajhar","04","02","18","01",TRUE,TRUE,1,0.99,"kokrajhar__800659","census1991__04__02","census2001__18__01",1,"matched_exact_names"
"Marigaon",639682,"Marigaon",100,100,33,"marigaon","marigaon",NA,NA,"18","09",FALSE,TRUE,1,1,"marigaon__639682",NA,"census2001__18__09",NA,"source_name_not_unique_exact"
"Nagaon",1893171,"Nagaon",100,100,34,"nagaon","nagaon",NA,NA,"18","10",FALSE,TRUE,1,1,"nagaon__1893171",NA,"census2001__18__10",NA,"source_name_not_unique_exact"
"Nalbari",1016390,"Nalbari",100,100,35,"nalbari","nalbari","04","06","18","07",TRUE,TRUE,1,1,"nalbari__1016390","census1991__04__06","census2001__18__07",1,"matched_exact_names"
"Sibsagar",907983,"Sibsagar",100,100,36,"sibsagar","sibsagar","04","16","18","16",TRUE,TRUE,1,1,"sibsagar__907983","census1991__04__16","census2001__18__16",1,"matched_exact_names"
"Sonitpur",1424287,"Sonitpur",100,100,37,"sonitpur","sonitpur","04","09","18","11",TRUE,TRUE,1,1,"sonitpur__1424287","census1991__04__09","census2001__18__11",1,"matched_exact_names"
"Begusarai",1814773,"Begusarai",100,100,38,"begusarai","begusarai","05","17","10","20",TRUE,TRUE,1,1,"begusarai__1814773","census1991__05__17","census2001__10__20",1,"matched_exact_names"
"Bhojpur",2880447,"Bhojpur",62.24,100,39,"bhojpur","bhojpur","05","03","10","29",TRUE,TRUE,0.6224,1,"bhojpur__2880447","census1991__05__03","census2001__10__29",1,"matched_exact_names"
"Bhojpur",2880447,"Buxar",37.76,100,40,"bhojpur","buxar","05","03","10","30",TRUE,TRUE,0.3776,1,"bhojpur__2880447","census1991__05__03","census2001__10__30",1,"matched_exact_names"
"Dhanbad",2674651,"Bokaro",27.11,49.86,41,"dhanbad","bokaro","05","32","20","13",TRUE,TRUE,0.2711,0.4986,"dhanbad__2674651","census1991__05__32","census2001__20__13",1,"matched_exact_names"
"Dhanbad",2674651,"Dhanbad",72.89,100,42,"dhanbad","dhanbad","05","32","20","12",TRUE,TRUE,0.7289,1,"dhanbad__2674651","census1991__05__32","census2001__20__12",1,"matched_exact_names"
"Giridih",2225480,"Bokaro",32.77,50.14,43,"giridih","bokaro","05","33","20","13",TRUE,TRUE,0.3277,0.5014,"giridih__2225480","census1991__05__33","census2001__20__13",1,"matched_exact_names"
"Giridih",2225480,"Giridih",67.23,100,44,"giridih","giridih","05","33","20","06",TRUE,TRUE,0.6723,1,"giridih__2225480","census1991__05__33","census2001__20__06",1,"matched_exact_names"
"Gopalganj",1704310,"Gopalganj",100,100,45,"gopalganj","gopalganj","05","11","10","15",TRUE,TRUE,1,1,"gopalganj__1704310","census1991__05__11","census2001__10__15",1,"matched_exact_names"
"Hazaribag",2843544,"Chatra",21.55,100,46,"hazaribag","chatra",NA,NA,"20","03",FALSE,TRUE,0.2155,1,"hazaribag__2843544",NA,"census2001__20__03",NA,"source_name_not_unique_exact"
"Hazaribag",2843544,"Hazaribagh",64.57,100,47,"hazaribag","hazaribagh",NA,NA,"20","04",FALSE,TRUE,0.6457,1,"hazaribag__2843544",NA,"census2001__20__04",NA,"source_name_not_unique_exact"
"Hazaribag",2843544,"Kodarma",13.88,100,48,"hazaribag","kodarma",NA,NA,"20","05",FALSE,TRUE,0.1388,1,"hazaribag__2843544",NA,"census2001__20__05",NA,"source_name_not_unique_exact"
"Khagaria",987227,"Khagaria",100,100,49,"khagaria","khagaria","05","25","10","21",TRUE,TRUE,1,1,"khagaria__987227","census1991__05__25","census2001__10__21",1,"matched_exact_names"
"Madhepura",1177706,"Madhepura",100,100,50,"madhepura","madhepura","05","22","10","11",TRUE,TRUE,1,1,"madhepura__1177706","census1991__05__22","census2001__10__11",1,"matched_exact_names"
"Munger",3060027,"Jamui",34.36,100,51,"munger","jamui","05","26","10","37",TRUE,TRUE,0.3436,1,"munger__3060027","census1991__05__26","census2001__10__37",1,"matched_exact_names"
"Munger",3060027,"Lakhisarai",21.12,100,52,"munger","lakhisarai","05","26","10","25",TRUE,TRUE,0.2112,1,"munger__3060027","census1991__05__26","census2001__10__25",1,"matched_exact_names"
"Munger",3060027,"Munger",30.84,100,53,"munger","munger","05","26","10","24",TRUE,TRUE,0.3084,1,"munger__3060027","census1991__05__26","census2001__10__24",1,"matched_exact_names"
"Munger",3060027,"Sheikhpura",13.68,99.59,54,"munger","sheikhpura","05","26","10","26",TRUE,TRUE,0.1368,0.9959,"munger__3060027","census1991__05__26","census2001__10__26",1,"matched_exact_names"
"Nalanda",1997995,"Nalanda",99.91,100,55,"nalanda","nalanda","05","02","10","27",TRUE,TRUE,0.9991,1,"nalanda__1997995","census1991__05__02","census2001__10__27",1,"matched_exact_names"
"Nalanda",1997995,"Sheikhpura",0.09,0.41,56,"nalanda","sheikhpura","05","02","10","26",TRUE,TRUE,9e-04,0.0041,"nalanda__1997995","census1991__05__02","census2001__10__26",1,"matched_exact_names"
"Patna",3618211,"Patna",100,100,57,"patna","patna","05","01","10","28",TRUE,TRUE,1,1,"patna__3618211","census1991__05__01","census2001__10__28",1,"matched_exact_names"
"Rohtas",2900685,"Kaimur (Bhabua)",33.9,100,58,"rohtas","kaimur bhabua","05","04","10","31",TRUE,TRUE,0.339,1,"rohtas__2900685","census1991__05__04","census2001__10__31",1,"matched_exact_names"
"Rohtas",2900685,"Rohtas",66.1,100,59,"rohtas","rohtas","05","04","10","32",TRUE,TRUE,0.661,1,"rohtas__2900685","census1991__05__04","census2001__10__32",1,"matched_exact_names"
"Saharsa",2475254,"Saharsa",45.75,100,60,"saharsa","saharsa","05","21","10","12",TRUE,TRUE,0.4575,1,"saharsa__2475254","census1991__05__21","census2001__10__12",1,"matched_exact_names"
"Saharsa",2475254,"Supaul",54.25,100,61,"saharsa","supaul","05","21","10","06",TRUE,TRUE,0.5425,1,"saharsa__2475254","census1991__05__21","census2001__10__06",1,"matched_exact_names"
"Saran",2572980,"Saran",100,100,62,"saran","saran","05","09","10","17",TRUE,TRUE,1,1,"saran__2572980","census1991__05__09","census2001__10__17",1,"matched_exact_names"
"Siwan",2170971,"Siwan",100,100,63,"siwan","siwan","05","10","10","16",TRUE,TRUE,1,1,"siwan__2170971","census1991__05__10","census2001__10__16",1,"matched_exact_names"
"Chandigarh",642015,"Chandigarh",100,100,64,"chandigarh","chandigarh","28","01","04","01",TRUE,TRUE,1,1,"chandigarh__642015","census1991__28__01","census2001__04__01",1,"matched_exact_names"
"Ahmadabad",4801812,"Ahmadabad",95.54,100,65,"ahmadabad","ahmadabad",NA,NA,"24","07",FALSE,TRUE,0.9554,1,"ahmadabad__4801812",NA,"census2001__24__07",NA,"source_name_not_unique_exact"
"Ahmadabad",4801812,"Gandhinagar",4.46,19.89,66,"ahmadabad","gandhinagar",NA,NA,"24","06",FALSE,TRUE,0.0446,0.1989,"ahmadabad__4801812",NA,"census2001__24__06",NA,"source_name_not_unique_exact"
"Amreli",1252589,"Amreli",86.76,83.03,67,"amreli","amreli","07","05","24","13",TRUE,TRUE,0.8676,0.8303,"amreli__1252589","census1991__07__05","census2001__24__13",1,"matched_exact_names"
"Amreli",1252589,"Junagadh",13.24,7.93,68,"amreli","junagadh","07","05","24","12",TRUE,TRUE,0.1324,0.0793,"amreli__1252589","census1991__07__05","census2001__24__12",1,"matched_exact_names"
"Banas Kantha",2162578,"Banas Kantha",91.63,100,69,"banas kantha","banas kantha",NA,NA,"24","02",FALSE,TRUE,0.9163,1,"banas kantha__2162578",NA,"census2001__24__02",NA,"source_name_not_unique_exact"
"Banas Kantha",2162578,"Patan",8.37,17.48,70,"banas kantha","patan",NA,NA,"24","03",FALSE,TRUE,0.0837,0.1748,"banas kantha__2162578",NA,"census2001__24__03",NA,"source_name_not_unique_exact"
"Bharuch",1546145,"Bharuch",74.27,100,71,"bharuch","bharuch","07","16","24","21",TRUE,TRUE,0.7427,1,"bharuch__1546145","census1991__07__16","census2001__24__21",1,"matched_exact_names"
"Bharuch",1546145,"Narmada",25.73,88.54,72,"bharuch","narmada","07","16","24","20",TRUE,TRUE,0.2573,0.8854,"bharuch__1546145","census1991__07__16","census2001__24__20",1,"matched_exact_names"
"Bhavnagar",2292026,"Amreli",9.69,16.97,73,"bhavnagar","amreli","07","04","24","13",TRUE,TRUE,0.0969,0.1697,"bhavnagar__2292026","census1991__07__04","census2001__24__13",1,"matched_exact_names"
"Bhavnagar",2292026,"Bhavnagar",90.31,100,74,"bhavnagar","bhavnagar","07","04","24","14",TRUE,TRUE,0.9031,1,"bhavnagar__2292026","census1991__07__04","census2001__24__14",1,"matched_exact_names"
"Gandhinagar",408992,"Gandhinagar",100,37.96,75,"gandhinagar","gandhinagar","07","11","24","06",TRUE,TRUE,1,0.3796,"gandhinagar__408992","census1991__07__11","census2001__24__06",1,"matched_exact_names"
"Junagadh",2394859,"Junagadh",80.4,92.07,76,"junagadh","junagadh","07","06","24","12",TRUE,TRUE,0.804,0.9207,"junagadh__2394859","census1991__07__06","census2001__24__12",1,"matched_exact_names"
"Junagadh",2394859,"Porbandar",19.6,100,77,"junagadh","porbandar","07","06","24","11",TRUE,TRUE,0.196,1,"junagadh__2394859","census1991__07__06","census2001__24__11",1,"matched_exact_names"
"Kheda",3440897,"Anand",47.74,100,78,"kheda","anand","07","13","24","15",TRUE,TRUE,0.4774,1,"kheda__3440897","census1991__07__13","census2001__24__15",1,"matched_exact_names"
"Kheda",3440897,"Gandhinagar",0.33,1.07,79,"kheda","gandhinagar","07","13","24","06",TRUE,TRUE,0.0033,0.0107,"kheda__3440897","census1991__07__13","census2001__24__06",1,"matched_exact_names"
"Kheda",3440897,"Kheda",51.93,100,80,"kheda","kheda","07","13","24","16",TRUE,TRUE,0.5193,1,"kheda__3440897","census1991__07__13","census2001__24__16",1,"matched_exact_names"
"Mahasana",2937810,"Gandhinagar",15.07,41.08,81,"mahasana","gandhinagar",NA,NA,"24","06",FALSE,TRUE,0.1507,0.4108,"mahasana__2937810",NA,"census2001__24__06",NA,"source_name_not_unique_exact"
"Mahasana",2937810,"Mahesana",55.83,100,82,"mahasana","mahesana",NA,NA,"24","04",FALSE,TRUE,0.5583,1,"mahasana__2937810",NA,"census2001__24__04",NA,"source_name_not_unique_exact"
"Mahasana",2937810,"Patan",29.1,82.52,83,"mahasana","patan",NA,NA,"24","03",FALSE,TRUE,0.291,0.8252,"mahasana__2937810",NA,"census2001__24__03",NA,"source_name_not_unique_exact"
"Surendranagar",1208872,"Surendranagar",100,100,84,"surendranagar","surendranagar","07","03","24","08",TRUE,TRUE,1,1,"surendranagar__1208872","census1991__07__03","census2001__24__08",1,"matched_exact_names"
"Vadodara",3089610,"Narmada",1.67,11.46,85,"vadodara","narmada","07","15","24","20",TRUE,TRUE,0.0167,0.1146,"vadodara__3089610","census1991__07__15","census2001__24__20",1,"matched_exact_names"
"Vadodara",3089610,"Vadodara",98.33,100,86,"vadodara","vadodara","07","15","24","19",TRUE,TRUE,0.9833,1,"vadodara__3089610","census1991__07__15","census2001__24__19",1,"matched_exact_names"
"Ambala",1116878,"Ambala",72.21,100,87,"ambala","ambala","08","01","06","02",TRUE,TRUE,0.7221,1,"ambala__1116878","census1991__08__01","census2001__06__02",1,"matched_exact_names"
"Ambala",1116878,"Panchkula",27.79,100,88,"ambala","panchkula","08","01","06","01",TRUE,TRUE,0.2779,1,"ambala__1116878","census1991__08__01","census2001__06__01",1,"matched_exact_names"
"Bhiwani",1139718,"Bhiwani",99.81,97.78,89,"bhiwani","bhiwani",NA,NA,"06","13",FALSE,TRUE,0.9981,0.9778,"bhiwani__1139718",NA,"census2001__06__13",NA,"source_name_not_unique_exact"
"Bhiwani",1139718,"Hisar",0.19,0.18,90,"bhiwani","hisar",NA,NA,"06","12",FALSE,TRUE,0.0019,0.0018,"bhiwani__1139718",NA,"census2001__06__12",NA,"source_name_not_unique_exact"
"Faridabad",1477240,"Faridabad",100,100,91,"faridabad","faridabad","08","09","06","19",TRUE,TRUE,1,1,"faridabad__1477240","census1991__08__09","census2001__06__19",1,"matched_exact_names"
"Gurgaon",1146090,"Gurgaon",100,100,92,"gurgaon","gurgaon","08","10","06","18",TRUE,TRUE,1,1,"gurgaon__1146090","census1991__08__10","census2001__06__18",1,"matched_exact_names"
"Hisar",1844634,"Fatehabad",35.03,100,93,"hisar","fatehabad","08","15","06","10",TRUE,TRUE,0.3503,1,"hisar__1844634","census1991__08__15","census2001__06__10",1,"matched_exact_names"
"Hisar",1844634,"Hisar",64.97,99.11,94,"hisar","hisar","08","15","06","12",TRUE,TRUE,0.6497,0.9911,"hisar__1844634","census1991__08__15","census2001__06__12",1,"matched_exact_names"
"Jind",963104,"Jind",98.08,96.35,95,"jind","jind","08","14","06","09",TRUE,TRUE,0.9808,0.9635,"jind__963104","census1991__08__14","census2001__06__09",1,"matched_exact_names"
"Jind",963104,"Kaithal",1.05,1.29,96,"jind","kaithal","08","14","06","05",TRUE,TRUE,0.0105,0.0129,"jind__963104","census1991__08__14","census2001__06__05",1,"matched_exact_names"
"Jind",963104,"Karnal",0.87,0.81,97,"jind","karnal","08","14","06","06",TRUE,TRUE,0.0087,0.0081,"jind__963104","census1991__08__14","census2001__06__06",1,"matched_exact_names"
"Kaithal",820685,"Jind",3.82,3.2,98,"kaithal","jind","08","04","06","09",TRUE,TRUE,0.0382,0.032,"kaithal__820685","census1991__08__04","census2001__06__09",1,"matched_exact_names"
"Kaithal",820685,"Kaithal",93.56,98.21,99,"kaithal","kaithal","08","04","06","05",TRUE,TRUE,0.9356,0.9821,"kaithal__820685","census1991__08__04","census2001__06__05",1,"matched_exact_names"
"Kaithal",820685,"Karnal",0.96,0.76,100,"kaithal","karnal","08","04","06","06",TRUE,TRUE,0.0096,0.0076,"kaithal__820685","census1991__08__04","census2001__06__06",1,"matched_exact_names"
"Kaithal",820685,"Kurukshetra",1.66,2.03,101,"kaithal","kurukshetra","08","04","06","04",TRUE,TRUE,0.0166,0.0203,"kaithal__820685","census1991__08__04","census2001__06__04",1,"matched_exact_names"
"Karnal",885797,"Karnal",97.85,83.71,102,"karnal","karnal","08","05","06","06",TRUE,TRUE,0.9785,0.8371,"karnal__885797","census1991__08__05","census2001__06__06",1,"matched_exact_names"
"Karnal",885797,"Kurukshetra",0.24,0.31,103,"karnal","kurukshetra","08","05","06","04",TRUE,TRUE,0.0024,0.0031,"karnal__885797","census1991__08__05","census2001__06__04",1,"matched_exact_names"
"Karnal",885797,"Panipat",1.91,2.43,104,"karnal","panipat","08","05","06","07",TRUE,TRUE,0.0191,0.0243,"karnal__885797","census1991__08__05","census2001__06__07",1,"matched_exact_names"
"Kurukshetra",641943,"Kaithal",0.61,0.5,105,"kurukshetra","kaithal","08","03","06","05",TRUE,TRUE,0.0061,0.005,"kurukshetra__641943","census1991__08__03","census2001__06__05",1,"matched_exact_names"
"Kurukshetra",641943,"Kurukshetra",99.39,95.32,106,"kurukshetra","kurukshetra","08","03","06","04",TRUE,TRUE,0.9939,0.9532,"kurukshetra__641943","census1991__08__03","census2001__06__04",1,"matched_exact_names"
"Mahendragarh",681869,"Mahendragarh",100,100,107,"mahendragarh","mahendragarh","08","12","06","16",TRUE,TRUE,1,1,"mahendragarh__681869","census1991__08__12","census2001__06__16",1,"matched_exact_names"
"Panipat",833501,"Karnal",18.28,14.71,108,"panipat","karnal","08","06","06","06",TRUE,TRUE,0.1828,0.1471,"panipat__833501","census1991__08__06","census2001__06__06",1,"matched_exact_names"
"Panipat",833501,"Panipat",81.72,97.57,109,"panipat","panipat","08","06","06","07",TRUE,TRUE,0.8172,0.9757,"panipat__833501","census1991__08__06","census2001__06__07",1,"matched_exact_names"
"Rewari",623301,"Jhajjar",2.04,1.77,110,"rewari","jhajjar","08","11","06","15",TRUE,TRUE,0.0204,0.0177,"rewari__623301","census1991__08__11","census2001__06__15",1,"matched_exact_names"
"Rewari",623301,"Rewari",97.96,100,111,"rewari","rewari","08","11","06","17",TRUE,TRUE,0.9796,1,"rewari__623301","census1991__08__11","census2001__06__17",1,"matched_exact_names"
"Rohtak",1808606,"Bhiwani",1.43,2.22,112,"rohtak","bhiwani","08","08","06","13",TRUE,TRUE,0.0143,0.0222,"rohtak__1808606","census1991__08__08","census2001__06__13",1,"matched_exact_names"
"Rohtak",1808606,"Hisar",0.47,0.71,113,"rohtak","hisar","08","08","06","12",TRUE,TRUE,0.0047,0.0071,"rohtak__1808606","census1991__08__08","census2001__06__12",1,"matched_exact_names"
"Rohtak",1808606,"Jhajjar",38.84,98.23,114,"rohtak","jhajjar","08","08","06","15",TRUE,TRUE,0.3884,0.9823,"rohtak__1808606","census1991__08__08","census2001__06__15",1,"matched_exact_names"
"Rohtak",1808606,"Jind",0.25,0.45,115,"rohtak","jind","08","08","06","09",TRUE,TRUE,0.0025,0.0045,"rohtak__1808606","census1991__08__08","census2001__06__09",1,"matched_exact_names"
"Rohtak",1808606,"Rohtak",42.96,100,116,"rohtak","rohtak","08","08","06","14",TRUE,TRUE,0.4296,1,"rohtak__1808606","census1991__08__08","census2001__06__14",1,"matched_exact_names"
"Rohtak",1808606,"Sonipat",16.05,27.77,117,"rohtak","sonipat","08","08","06","08",TRUE,TRUE,0.1605,0.2777,"rohtak__1808606","census1991__08__08","census2001__06__08",1,"matched_exact_names"
"Sirsa",903536,"Sirsa",100,100,118,"sirsa","sirsa","08","16","06","11",TRUE,TRUE,1,1,"sirsa__903536","census1991__08__16","census2001__06__11",1,"matched_exact_names"
"Sonipat",754866,"Sonipat",100,72.23,119,"sonipat","sonipat","08","07","06","08",TRUE,TRUE,1,0.7223,"sonipat__754866","census1991__08__07","census2001__06__08",1,"matched_exact_names"
"Yamunanagar",821880,"Kurukshetra",1.9,2.33,120,"yamunanagar","kurukshetra",NA,NA,"06","04",FALSE,TRUE,0.019,0.0233,"yamunanagar__821880",NA,"census2001__06__04",NA,"source_name_not_unique_exact"
"Yamunanagar",821880,"Yamunanagar",98.1,100,121,"yamunanagar","yamunanagar",NA,NA,"06","03",FALSE,TRUE,0.981,1,"yamunanagar__821880",NA,"census2001__06__03",NA,"source_name_not_unique_exact"
"Chamba",393286,"Chamba",100,100,122,"chamba","chamba","09","01","02","01",TRUE,TRUE,1,1,"chamba__393286","census1991__09__01","census2001__02__01",1,"matched_exact_names"
"Hamirpur",369128,"Hamirpur",100,100,123,"hamirpur","hamirpur",NA,NA,NA,NA,FALSE,FALSE,1,1,"hamirpur__369128",NA,NA,NA,"source_name_not_unique_exact"
"Kangra",1174072,"Kangra",100,100,124,"kangra","kangra","09","02","02","02",TRUE,TRUE,1,1,"kangra__1174072","census1991__09__02","census2001__02__02",1,"matched_exact_names"
"Kullu",302432,"Kullu",100,100,125,"kullu","kullu",NA,NA,"02","04",FALSE,TRUE,1,1,"kullu__302432",NA,"census2001__02__04",NA,"source_name_not_unique_exact"
"Lahul & Spiti",31294,"Lahul & Spiti",100,100,126,"lahul and spiti","lahul and spiti",NA,NA,"02","03",FALSE,TRUE,1,1,"lahul and spiti__31294",NA,"census2001__02__03",NA,"source_name_not_unique_exact"
"Shimla",617404,"Shimla",100,100,127,"shimla","shimla","09","09","02","11",TRUE,TRUE,1,1,"shimla__617404","census1991__09__09","census2001__02__11",1,"matched_exact_names"
"Sirmaur",379695,"Sirmaur",100,100,128,"sirmaur","sirmaur",NA,NA,"02","10",FALSE,TRUE,1,1,"sirmaur__379695",NA,"census2001__02__10",NA,"source_name_not_unique_exact"
"Solan",382268,"Solan",100,100,129,"solan","solan","09","10","02","09",TRUE,TRUE,1,1,"solan__382268","census1991__09__10","census2001__02__09",1,"matched_exact_names"
"Una",378269,"Una",100,100,130,"una","una","09","04","02","07",TRUE,TRUE,1,1,"una__378269","census1991__09__04","census2001__02__07",1,"matched_exact_names"
"Anantnag",883043,"Anantnag",100,100,131,"anantnag","anantnag","10","01","01","06",TRUE,TRUE,1,1,"anantnag__883043","census1991__10__01","census2001__01__06",1,"matched_exact_names"
"Badgam",483698,"Badgam",100,100,132,"badgam","badgam","10","04","01","04",TRUE,TRUE,1,1,"badgam__483698","census1991__10__04","census2001__01__04",1,"matched_exact_names"
"Baramula",891044,"Baramula",100,100,133,"baramula","baramula",NA,NA,"01","02",FALSE,TRUE,1,1,"baramula__891044",NA,"census2001__01__02",NA,"source_name_not_unique_exact"
"Doda",545527,"Doda",100,100,134,"doda","doda","10","09","01","09",TRUE,TRUE,1,1,"doda__545527","census1991__10__09","census2001__01__09",1,"matched_exact_names"
"Jammu",1231553,"Jammu",100,100,135,"jammu","jammu","10","12","01","13",TRUE,TRUE,1,1,"jammu__1231553","census1991__10__12","census2001__01__13",1,"matched_exact_names"
"Kathua",452739,"Kathua",100,100,136,"kathua","kathua","10","11","01","14",TRUE,TRUE,1,1,"kathua__452739","census1991__10__11","census2001__01__14",1,"matched_exact_names"
"Kupwara",465948,"Kupwara",100,100,137,"kupwara","kupwara","10","06","01","01",TRUE,TRUE,1,1,"kupwara__465948","census1991__10__06","census2001__01__01",1,"matched_exact_names"
"Pulwama",516350,"Pulwama",100,100,138,"pulwama","pulwama","10","02","01","05",TRUE,TRUE,1,1,"pulwama__516350","census1991__10__02","census2001__01__05",1,"matched_exact_names"
"Srinagar",928526,"Srinagar",100,100,139,"srinagar","srinagar","10","03","01","03",TRUE,TRUE,1,1,"srinagar__928526","census1991__10__03","census2001__01__03",1,"matched_exact_names"
"Udhampur",584051,"Udhampur",100,100,140,"udhampur","udhampur","10","10","01","10",TRUE,TRUE,1,1,"udhampur__584051","census1991__10__10","census2001__01__10",1,"matched_exact_names"
"Belgaum",3583606,"Belgaum",100,100,141,"belgaum","belgaum","11","03","29","01",TRUE,TRUE,1,1,"belgaum__3583606","census1991__11__03","census2001__29__01",1,"matched_exact_names"
"Bellary",1890092,"Bellary",87.61,100,142,"bellary","bellary","11","04","29","12",TRUE,TRUE,0.8761,1,"bellary__1890092","census1991__11__04","census2001__29__12",1,"matched_exact_names"
"Bellary",1890092,"Davanagere",12.39,15.01,143,"bellary","davanagere","11","04","29","14",TRUE,TRUE,0.1239,0.1501,"bellary__1890092","census1991__11__04","census2001__29__14",1,"matched_exact_names"
"Chitradurga",2180443,"Chitradurga",60.2,100,144,"chitradurga","chitradurga","11","08","29","13",TRUE,TRUE,0.602,1,"chitradurga__2180443","census1991__11__08","census2001__29__13",1,"matched_exact_names"
"Chitradurga",2180443,"Davanagere",39.8,55.65,145,"chitradurga","davanagere","11","08","29","14",TRUE,TRUE,0.398,0.5565,"chitradurga__2180443","census1991__11__08","census2001__29__14",1,"matched_exact_names"
"Dharwad",3503150,"Dharwad",39.25,100,146,"dharwad","dharwad","11","10","29","09",TRUE,TRUE,0.3925,1,"dharwad__3503150","census1991__11__10","census2001__29__09",1,"matched_exact_names"
"Dharwad",3503150,"Gadag",24.52,100,147,"dharwad","gadag","11","10","29","08",TRUE,TRUE,0.2452,1,"dharwad__3503150","census1991__11__10","census2001__29__08",1,"matched_exact_names"
"Dharwad",3503150,"Haveri",36.23,100,148,"dharwad","haveri","11","10","29","11",TRUE,TRUE,0.3623,1,"dharwad__3503150","census1991__11__10","census2001__29__11",1,"matched_exact_names"
"Raichur",2309887,"Koppal",41.48,100,149,"raichur","koppal","11","17","29","07",TRUE,TRUE,0.4148,1,"raichur__2309887","census1991__11__17","census2001__29__07",1,"matched_exact_names"
"Raichur",2309887,"Raichur",58.52,100,150,"raichur","raichur","11","17","29","06",TRUE,TRUE,0.5852,1,"raichur__2309887","census1991__11__17","census2001__29__06",1,"matched_exact_names"
"Shimoga",1909663,"Davanagere",23.95,29.34,151,"shimoga","davanagere","11","18","29","14",TRUE,TRUE,0.2395,0.2934,"shimoga__1909663","census1991__11__18","census2001__29__14",1,"matched_exact_names"
"Shimoga",1909663,"Shimoga",76.05,100,152,"shimoga","shimoga","11","18","29","15",TRUE,TRUE,0.7605,1,"shimoga__1909663","census1991__11__18","census2001__29__15",1,"matched_exact_names"
"Uttar Kannad",1220260,"Uttara Kannada",100,100,153,"uttar kannad","uttara kannada","11","20","29","10",TRUE,TRUE,1,1,"uttar kannad__1220260","census1991__11__20","census2001__29__10",1,"matched_exact_names"
"Alappuzha",2001217,"Alappuzha",100,100,154,"alappuzha","alappuzha",NA,NA,"32","11",FALSE,TRUE,1,1,"alappuzha__2001217",NA,"census2001__32__11",NA,"source_name_not_unique_exact"
"Ernakulam",2817236,"Ernakulam",100,99.19,155,"ernakulam","ernakulam","12","08","32","08",TRUE,TRUE,1,0.9919,"ernakulam__2817236","census1991__12__08","census2001__32__08",1,"matched_exact_names"
"Idukki",1078066,"Ernakulam",2.14,0.81,156,"idukki","ernakulam","12","09","32","08",TRUE,TRUE,0.0214,0.0081,"idukki__1078066","census1991__12__09","census2001__32__08",1,"matched_exact_names"
"Idukki",1078066,"Idukki",97.86,100,157,"idukki","idukki","12","09","32","09",TRUE,TRUE,0.9786,1,"idukki__1078066","census1991__12__09","census2001__32__09",1,"matched_exact_names"
"Kannur",2251727,"Kannur",100,100,158,"kannur","kannur","12","02","32","02",TRUE,TRUE,1,1,"kannur__2251727","census1991__12__02","census2001__32__02",1,"matched_exact_names"
"Kasaragod",1071508,"Kasaragod",100,100,159,"kasaragod","kasaragod",NA,NA,"32","01",FALSE,TRUE,1,1,"kasaragod__1071508",NA,"census2001__32__01",NA,"source_name_not_unique_exact"
"Kollam",2407566,"Kollam",100,100,160,"kollam","kollam","12","13","32","13",TRUE,TRUE,1,1,"kollam__2407566","census1991__12__13","census2001__32__13",1,"matched_exact_names"
"Kottayam",1828271,"Kottayam",100,100,161,"kottayam","kottayam","12","10","32","10",TRUE,TRUE,1,1,"kottayam__1828271","census1991__12__10","census2001__32__10",1,"matched_exact_names"
"Kozhikode",2619941,"Kozhikode",100,100,162,"kozhikode","kozhikode","12","04","32","04",TRUE,TRUE,1,1,"kozhikode__2619941","census1991__12__04","census2001__32__04",1,"matched_exact_names"
"Malappuram",3096330,"Malappuram",100,100,163,"malappuram","malappuram",NA,NA,"32","05",FALSE,TRUE,1,1,"malappuram__3096330",NA,"census2001__32__05",NA,"source_name_not_unique_exact"
"Palakkad",2382235,"Palakkad",100,100,164,"palakkad","palakkad","12","06","32","06",TRUE,TRUE,1,1,"palakkad__2382235","census1991__12__06","census2001__32__06",1,"matched_exact_names"
"Pathanamthitta",1188332,"Pathanamthitta",100,100,165,"pathanamthitta","pathanamthitta","12","12","32","12",TRUE,TRUE,1,1,"pathanamthitta__1188332","census1991__12__12","census2001__32__12",1,"matched_exact_names"
"Thrissur",2737311,"Thrissur",100,100,166,"thrissur","thrissur",NA,NA,"32","07",FALSE,TRUE,1,1,"thrissur__2737311",NA,"census2001__32__07",NA,"source_name_not_unique_exact"
"Wayanad",672128,"Wayanad",100,100,167,"wayanad","wayanad","12","03","32","03",TRUE,TRUE,1,1,"wayanad__672128","census1991__12__03","census2001__32__03",1,"matched_exact_names"
"Bhopal",1351479,"Bhopal",100,100,168,"bhopal","bhopal","13","28","23","32",TRUE,TRUE,1,1,"bhopal__1351479","census1991__13__28","census2001__23__32",1,"matched_exact_names"
"Bilaspur",3793566,"Bilaspur",44.68,100,169,"bilaspur","bilaspur",NA,NA,NA,NA,FALSE,FALSE,0.4468,1,"bilaspur__3793566",NA,NA,NA,"source_name_not_unique_exact"
"Bilaspur",3793566,"Janjgir - Champa",29.27,100,170,"bilaspur","janjgir champa",NA,NA,"22","06",FALSE,TRUE,0.2927,1,"bilaspur__3793566",NA,"census2001__22__06",NA,"source_name_not_unique_exact"
"Bilaspur",3793566,"Kawardha",4.29,31.66,171,"bilaspur","kawardha",NA,NA,"22","08",FALSE,TRUE,0.0429,0.3166,"bilaspur__3793566",NA,"census2001__22__08",NA,"source_name_not_unique_exact"
"Bilaspur",3793566,"Korba",21.77,100,172,"bilaspur","korba",NA,NA,"22","05",FALSE,TRUE,0.2177,1,"bilaspur__3793566",NA,"census2001__22__05",NA,"source_name_not_unique_exact"
"Datia",396317,"Datia",100,76.9,173,"datia","datia","13","04","23","05",TRUE,TRUE,1,0.769,"datia__396317","census1991__13__04","census2001__23__05",1,"matched_exact_names"
"Durg",2397134,"Durg",100,100,174,"durg","durg","13","43","22","10",TRUE,TRUE,1,1,"durg__2397134","census1991__13__43","census2001__22__10",1,"matched_exact_names"
"Gwalior",1412610,"Datia",8.43,23.1,175,"gwalior","datia","13","03","23","05",TRUE,TRUE,0.0843,0.231,"gwalior__1412610","census1991__13__03","census2001__23__05",1,"matched_exact_names"
"Gwalior",1412610,"Gwalior",91.57,100,176,"gwalior","gwalior","13","03","23","04",TRUE,TRUE,0.9157,1,"gwalior__1412610","census1991__13__03","census2001__23__04",1,"matched_exact_names"
"Hoshangabad",1267211,"Harda",30.05,100,177,"hoshangabad","harda","13","32","23","36",TRUE,TRUE,0.3005,1,"hoshangabad__1267211","census1991__13__32","census2001__23__36",1,"matched_exact_names"
"Hoshangabad",1267211,"Hoshangabad",69.95,100,178,"hoshangabad","hoshangabad","13","32","23","37",TRUE,TRUE,0.6995,1,"hoshangabad__1267211","census1991__13__32","census2001__23__37",1,"matched_exact_names"
"Rajnandgaon",1439951,"Kawardha",24.37,68.34,179,"rajnandgaon","kawardha",NA,NA,"22","08",FALSE,TRUE,0.2437,0.6834,"rajnandgaon__1439951",NA,"census2001__22__08",NA,"source_name_not_unique_exact"
"Rajnandgaon",1439951,"Rajnandgaon",75.63,100,180,"rajnandgaon","rajnandgaon",NA,NA,"22","09",FALSE,TRUE,0.7563,1,"rajnandgaon__1439951",NA,"census2001__22__09",NA,"source_name_not_unique_exact"
"Sehore",841358,"Sehore",100,100,181,"sehore","sehore","13","29","23","33",TRUE,TRUE,1,1,"sehore__841358","census1991__13__29","census2001__23__33",1,"matched_exact_names"
"Ahmednagar",3372935,"Ahmadnagar",100,100,182,"ahmednagar","ahmadnagar",NA,NA,"27","26",FALSE,TRUE,1,1,"ahmednagar__3372935",NA,"census2001__27__26",NA,"source_name_not_unique_exact"
"Aurangabad",2213779,"Aurangabad",100,100,183,"aurangabad","aurangabad",NA,NA,NA,NA,FALSE,FALSE,1,1,"aurangabad__2213779",NA,NA,NA,"source_name_not_unique_exact"
"Bhandara",2107629,"Bhandara",48.46,100,184,"bhandara","bhandara","14","28","27","10",TRUE,TRUE,0.4846,1,"bhandara__2107629","census1991__14__28","census2001__27__10",1,"matched_exact_names"
"Bhandara",2107629,"Gondiya",51.54,100,185,"bhandara","gondiya","14","28","27","11",TRUE,TRUE,0.5154,1,"bhandara__2107629","census1991__14__28","census2001__27__11",1,"matched_exact_names"
"Bid",1822072,"Bid",100,100,186,"bid","bid","14","18","27","27",TRUE,TRUE,1,1,"bid__1822072","census1991__14__18","census2001__27__27",1,"matched_exact_names"
"Jalna",1364425,"Jalna",100,100,187,"jalna","jalna","14","16","27","18",TRUE,TRUE,1,1,"jalna__1364425","census1991__14__16","census2001__27__18",1,"matched_exact_names"
"Kolhapur",2989507,"Kolhapur",100,100,188,"kolhapur","kolhapur","14","14","27","34",TRUE,TRUE,1,1,"kolhapur__2989507","census1991__14__14","census2001__27__34",1,"matched_exact_names"
"Latur",1676641,"Latur",100,100,189,"latur","latur","14","21","27","28",TRUE,TRUE,1,1,"latur__1676641","census1991__14__21","census2001__27__28",1,"matched_exact_names"
"Nagpur",3287139,"Nagpur",100,100,190,"nagpur","nagpur","14","27","27","09",TRUE,TRUE,1,1,"nagpur__3287139","census1991__14__27","census2001__27__09",1,"matched_exact_names"
"Osmanabad",1276327,"Osmanabad",100,100,191,"osmanabad","osmanabad","14","20","27","29",TRUE,TRUE,1,1,"osmanabad__1276327","census1991__14__20","census2001__27__29",1,"matched_exact_names"
"Parbhani",2117035,"Hingoli",38.92,100,192,"parbhani","hingoli","14","17","27","16",TRUE,TRUE,0.3892,1,"parbhani__2117035","census1991__14__17","census2001__27__16",1,"matched_exact_names"
"Parbhani",2117035,"Parbhani",61.08,100,193,"parbhani","parbhani","14","17","27","17",TRUE,TRUE,0.6108,1,"parbhani__2117035","census1991__14__17","census2001__27__17",1,"matched_exact_names"
"Ratnagiri",1544057,"Ratnagiri",100,100,194,"ratnagiri","ratnagiri","14","04","27","32",TRUE,TRUE,1,1,"ratnagiri__1544057","census1991__14__04","census2001__27__32",1,"matched_exact_names"
"Sangli",2209488,"Sangli",100,100,195,"sangli","sangli","14","12","27","35",TRUE,TRUE,1,1,"sangli__2209488","census1991__14__12","census2001__27__35",1,"matched_exact_names"
"Sindhudurg",832152,"Sindhudurg",100,100,196,"sindhudurg","sindhudurg","14","05","27","33",TRUE,TRUE,1,1,"sindhudurg__832152","census1991__14__05","census2001__27__33",1,"matched_exact_names"
"Solapur",3231057,"Solapur",100,100,197,"solapur","solapur","14","13","27","30",TRUE,TRUE,1,1,"solapur__3231057","census1991__14__13","census2001__27__30",1,"matched_exact_names"
"Bishnupur",180773,"Bishnupur",100,100,198,"bishnupur","bishnupur","15","06","14","04",TRUE,TRUE,1,1,"bishnupur__180773","census1991__15__06","census2001__14__04",1,"matched_exact_names"
"Chandel",71014,"Chandel",100,100,199,"chandel","chandel","15","04","14","09",TRUE,TRUE,1,1,"chandel__71014","census1991__15__04","census2001__14__09",1,"matched_exact_names"
"Churachandpur",176184,"Churachandpur",100,100,200,"churachandpur","churachandpur","15","03","14","03",TRUE,TRUE,1,1,"churachandpur__176184","census1991__15__03","census2001__14__03",1,"matched_exact_names"
"Imphal",711261,"Imphal East",46.46,100,201,"imphal","imphal east","15","07","14","07",TRUE,TRUE,0.4646,1,"imphal__711261","census1991__15__07","census2001__14__07",1,"matched_exact_names"
"Imphal",711261,"Imphal West",53.54,100,202,"imphal","imphal west","15","07","14","06",TRUE,TRUE,0.5354,1,"imphal__711261","census1991__15__07","census2001__14__06",1,"matched_exact_names"
"Senapati",208406,"Senapati",100,100,203,"senapati","senapati","15","01",NA,NA,TRUE,FALSE,1,1,"senapati__208406","census1991__15__01",NA,1,"target_name_not_unique_exact"
"Tamenglong",86278,"Tamenglong",100,100,204,"tamenglong","tamenglong","15","02","14","02",TRUE,TRUE,1,1,"tamenglong__86278","census1991__15__02","census2001__14__02",1,"matched_exact_names"
"Thoubal",293958,"Thoubal",100,100,205,"thoubal","thoubal","15","05","14","05",TRUE,TRUE,1,1,"thoubal__293958","census1991__15__05","census2001__14__05",1,"matched_exact_names"
"Ukhrul",109275,"Ukhrul",100,100,206,"ukhrul","ukhrul","15","08","14","08",TRUE,TRUE,1,1,"ukhrul__109275","census1991__15__08","census2001__14__08",1,"matched_exact_names"
"East Khasi Hills",665218,"East Khasi Hills",80.51,100,207,"east khasi hills","east khasi hills","16","02","17","06",TRUE,TRUE,0.8051,1,"east khasi hills__665218","census1991__16__02","census2001__17__06",1,"matched_exact_names"
"East Khasi Hills",665218,"Ri Bhoi",19.14,100,208,"east khasi hills","ri bhoi","16","02","17","05",TRUE,TRUE,0.1914,1,"east khasi hills__665218","census1991__16__02","census2001__17__05",1,"matched_exact_names"
"East Khasi Hills",665218,"West Khasi Hills",0.35,1.06,209,"east khasi hills","west khasi hills","16","02","17","04",TRUE,TRUE,0.0035,0.0106,"east khasi hills__665218","census1991__16__02","census2001__17__04",1,"matched_exact_names"
"Jaintia Hills",220473,"Jaintia Hills",100,100,210,"jaintia hills","jaintia hills","16","01","17","07",TRUE,TRUE,1,1,"jaintia hills__220473","census1991__16__01","census2001__17__07",1,"matched_exact_names"
"West Khasi Hills",220157,"West Khasi Hills",100,98.94,211,"west khasi hills","west khasi hills","16","03","17","04",TRUE,TRUE,1,0.9894,"west khasi hills__220157","census1991__16__03","census2001__17__04",1,"matched_exact_names"
"Kohima",387581,"Dimapur",45.91,100,212,"kohima","dimapur","18","01","13","06",TRUE,TRUE,0.4591,1,"kohima__387581","census1991__18__01","census2001__13__06",1,"matched_exact_names"
"Kohima",387581,"Kohima",54.09,100,213,"kohima","kohima","18","01","13","07",TRUE,TRUE,0.5409,1,"kohima__387581","census1991__18__01","census2001__13__07",1,"matched_exact_names"
"Mokokchung",158374,"Mokokchung",100,100,214,"mokokchung","mokokchung",NA,NA,"13","03",FALSE,TRUE,1,1,"mokokchung__158374",NA,"census2001__13__03",NA,"source_name_not_unique_exact"
"Mon",149699,"Mon",100,100,215,"mon","mon","18","07","13","01",TRUE,TRUE,1,1,"mon__149699","census1991__18__07","census2001__13__01",1,"matched_exact_names"
"Phek",102156,"Phek",100,100,216,"phek","phek","18","02","13","08",TRUE,TRUE,1,1,"phek__102156","census1991__18__02","census2001__13__08",1,"matched_exact_names"
"Tuensang",232906,"Tuensang",100,100,217,"tuensang","tuensang","18","06","13","02",TRUE,TRUE,1,1,"tuensang__232906","census1991__18__06","census2001__13__02",1,"matched_exact_names"
"Wokha",82612,"Wokha",100,100,218,"wokha","wokha","18","04","13","05",TRUE,TRUE,1,1,"wokha__82612","census1991__18__04","census2001__13__05",1,"matched_exact_names"
"Zunheboto",96218,"Zunheboto",100,100,219,"zunheboto","zunheboto","18","03","13","04",TRUE,TRUE,1,1,"zunheboto__96218","census1991__18__03","census2001__13__04",1,"matched_exact_names"
"Cuttack",5522659,"Cuttack",37.18,100,220,"cuttack","cuttack","19","06","21","12",TRUE,TRUE,0.3718,1,"cuttack__5522659","census1991__19__06","census2001__21__12",1,"matched_exact_names"
"Cuttack",5522659,"Jagatsinghapur",16.91,100,221,"cuttack","jagatsinghapur","19","06","21","11",TRUE,TRUE,0.1691,1,"cuttack__5522659","census1991__19__06","census2001__21__11",1,"matched_exact_names"
"Cuttack",5522659,"Jajapur",25.1,100,222,"cuttack","jajapur","19","06","21","13",TRUE,TRUE,0.251,1,"cuttack__5522659","census1991__19__06","census2001__21__13",1,"matched_exact_names"
"Cuttack",5522659,"Kendrapara",20.81,100,223,"cuttack","kendrapara","19","06","21","10",TRUE,TRUE,0.2081,1,"cuttack__5522659","census1991__19__06","census2001__21__10",1,"matched_exact_names"
"Dhenkanal",1908907,"Anugul",50.34,100,224,"dhenkanal","anugul","19","07","21","15",TRUE,TRUE,0.5034,1,"dhenkanal__1908907","census1991__19__07","census2001__21__15",1,"matched_exact_names"
"Dhenkanal",1908907,"Dhenkanal",49.66,100,225,"dhenkanal","dhenkanal","19","07","21","14",TRUE,TRUE,0.4966,1,"dhenkanal__1908907","census1991__19__07","census2001__21__14",1,"matched_exact_names"
"Kalahandi",1600385,"Kalahandi",70.66,100,226,"kalahandi","kalahandi","19","10","21","26",TRUE,TRUE,0.7066,1,"kalahandi__1600385","census1991__19__10","census2001__21__26",1,"matched_exact_names"
"Kalahandi",1600385,"Nuapada",29.34,100,227,"kalahandi","nuapada","19","10","21","25",TRUE,TRUE,0.2934,1,"kalahandi__1600385","census1991__19__10","census2001__21__25",1,"matched_exact_names"
"Koraput",3012546,"Koraput",34.18,100,228,"koraput","koraput","19","11","21","29",TRUE,TRUE,0.3418,1,"koraput__3012546","census1991__19__11","census2001__21__29",1,"matched_exact_names"
"Koraput",3012546,"Malkangiri",14.02,100,229,"koraput","malkangiri","19","11","21","30",TRUE,TRUE,0.1402,1,"koraput__3012546","census1991__19__11","census2001__21__30",1,"matched_exact_names"
"Koraput",3012546,"Nabarangapur",28.1,100,230,"koraput","nabarangapur","19","11","21","28",TRUE,TRUE,0.281,1,"koraput__3012546","census1991__19__11","census2001__21__28",1,"matched_exact_names"
"Koraput",3012546,"Rayagada",23.7,100,231,"koraput","rayagada","19","11","21","27",TRUE,TRUE,0.237,1,"koraput__3012546","census1991__19__11","census2001__21__27",1,"matched_exact_names"
"Puri",3590026,"Khordha",41.84,100,232,"puri","khordha","19","13","21","17",TRUE,TRUE,0.4184,1,"puri__3590026","census1991__19__13","census2001__21__17",1,"matched_exact_names"
"Puri",3590026,"Nayagarh",21.8,100,233,"puri","nayagarh","19","13","21","16",TRUE,TRUE,0.218,1,"puri__3590026","census1991__19__13","census2001__21__16",1,"matched_exact_names"
"Puri",3590026,"Puri",36.36,100,234,"puri","puri","19","13","21","18",TRUE,TRUE,0.3636,1,"puri__3590026","census1991__19__13","census2001__21__18",1,"matched_exact_names"
"Amritsar",2504560,"Amritsar",100,99.98,235,"amritsar","amritsar","20","02","03","02",TRUE,TRUE,1,0.9998,"amritsar__2504560","census1991__20__02","census2001__03__02",1,"matched_exact_names"
"Bathinda",1559963,"Bathinda",63.16,100,236,"bathinda","bathinda",NA,NA,"03","14",FALSE,TRUE,0.6316,1,"bathinda__1559963",NA,"census2001__03__14",NA,"source_name_not_unique_exact"
"Bathinda",1559963,"Mansa",36.84,100,237,"bathinda","mansa",NA,NA,"03","15",FALSE,TRUE,0.3684,1,"bathinda__1559963",NA,"census2001__03__15",NA,"source_name_not_unique_exact"
"Faridkot",1730876,"Faridkot",26.29,100,238,"faridkot","faridkot","20","12","03","13",TRUE,TRUE,0.2629,1,"faridkot__1730876","census1991__20__12","census2001__03__13",1,"matched_exact_names"
"Faridkot",1730876,"Moga",35.98,80.06,239,"faridkot","moga","20","12","03","10",TRUE,TRUE,0.3598,0.8006,"faridkot__1730876","census1991__20__12","census2001__03__10",1,"matched_exact_names"
"Faridkot",1730876,"Muktsar",37.73,99.79,240,"faridkot","muktsar","20","12","03","12",TRUE,TRUE,0.3773,0.9979,"faridkot__1730876","census1991__20__12","census2001__03__12",1,"matched_exact_names"
"Firozpur",1607817,"Amritsar",0.03,0.02,241,"firozpur","amritsar","20","03","03","02",TRUE,TRUE,3e-04,2e-04,"firozpur__1607817","census1991__20__03","census2001__03__02",1,"matched_exact_names"
"Firozpur",1607817,"Firozpur",90.12,100,242,"firozpur","firozpur","20","03","03","11",TRUE,TRUE,0.9012,1,"firozpur__1607817","census1991__20__03","census2001__03__11",1,"matched_exact_names"
"Firozpur",1607817,"Jalandhar",0.12,0.12,243,"firozpur","jalandhar","20","03","03","04",TRUE,TRUE,0.0012,0.0012,"firozpur__1607817","census1991__20__03","census2001__03__04",1,"matched_exact_names"
"Firozpur",1607817,"Moga",9.65,19.94,244,"firozpur","moga","20","03","03","10",TRUE,TRUE,0.0965,0.1994,"firozpur__1607817","census1991__20__03","census2001__03__10",1,"matched_exact_names"
"Firozpur",1607817,"Muktsar",0.08,0.21,245,"firozpur","muktsar","20","03","03","12",TRUE,TRUE,8e-04,0.0021,"firozpur__1607817","census1991__20__03","census2001__03__12",1,"matched_exact_names"
"Gurdaspur",1756732,"Gurdaspur",100,99.97,246,"gurdaspur","gurdaspur","20","01","03","01",TRUE,TRUE,1,0.9997,"gurdaspur__1756732","census1991__20__01","census2001__03__01",1,"matched_exact_names"
"Hoshiarpur",1455028,"Gurdaspur",0.04,0.03,247,"hoshiarpur","gurdaspur","20","07","03","01",TRUE,TRUE,4e-04,3e-04,"hoshiarpur__1455028","census1991__20__07","census2001__03__01",1,"matched_exact_names"
"Hoshiarpur",1455028,"Hoshiarpur",89.26,100,248,"hoshiarpur","hoshiarpur","20","07","03","05",TRUE,TRUE,0.8926,1,"hoshiarpur__1455028","census1991__20__07","census2001__03__05",1,"matched_exact_names"
"Hoshiarpur",1455028,"Ludhiana",0.14,0.08,249,"hoshiarpur","ludhiana","20","07","03","09",TRUE,TRUE,0.0014,8e-04,"hoshiarpur__1455028","census1991__20__07","census2001__03__09",1,"matched_exact_names"
"Hoshiarpur",1455028,"Nawanshahr",10.57,28.94,250,"hoshiarpur","nawanshahr","20","07","03","06",TRUE,TRUE,0.1057,0.2894,"hoshiarpur__1455028","census1991__20__07","census2001__03__06",1,"matched_exact_names"
"Jalandhar",2026787,"Jalandhar",81.31,99.88,251,"jalandhar","jalandhar","20","05","03","04",TRUE,TRUE,0.8131,0.9988,"jalandhar__2026787","census1991__20__05","census2001__03__04",1,"matched_exact_names"
"Jalandhar",2026787,"Ludhiana",0.07,0.06,252,"jalandhar","ludhiana","20","05","03","09",TRUE,TRUE,7e-04,6e-04,"jalandhar__2026787","census1991__20__05","census2001__03__09",1,"matched_exact_names"
"Jalandhar",2026787,"Nawanshahr",18.62,71.06,253,"jalandhar","nawanshahr","20","05","03","06",TRUE,TRUE,0.1862,0.7106,"jalandhar__2026787","census1991__20__05","census2001__03__06",1,"matched_exact_names"
"Ludhiana",2471594,"Fatehgarh Sahib",2.82,15.34,254,"ludhiana","fatehgarh sahib","20","04","03","08",TRUE,TRUE,0.0282,0.1534,"ludhiana__2471594","census1991__20__04","census2001__03__08",1,"matched_exact_names"
"Ludhiana",2471594,"Ludhiana",97.06,98.79,255,"ludhiana","ludhiana","20","04","03","09",TRUE,TRUE,0.9706,0.9879,"ludhiana__2471594","census1991__20__04","census2001__03__09",1,"matched_exact_names"
"Ludhiana",2471594,"Rupnagar",0.12,0.32,256,"ludhiana","rupnagar","20","04","03","07",TRUE,TRUE,0.0012,0.0032,"ludhiana__2471594","census1991__20__04","census2001__03__07",1,"matched_exact_names"
"Patiala",1896242,"Fatehgarh Sahib",19.17,79.89,257,"patiala","fatehgarh sahib","20","09","03","08",TRUE,TRUE,0.1917,0.7989,"patiala__1896242","census1991__20__09","census2001__03__08",1,"matched_exact_names"
"Patiala",1896242,"Ludhiana",0.08,0.06,258,"patiala","ludhiana","20","09","03","09",TRUE,TRUE,8e-04,6e-04,"patiala__1896242","census1991__20__09","census2001__03__09",1,"matched_exact_names"
"Patiala",1896242,"Patiala",80.58,99.96,259,"patiala","patiala","20","09","03","17",TRUE,TRUE,0.8058,0.9996,"patiala__1896242","census1991__20__09","census2001__03__17",1,"matched_exact_names"
"Patiala",1896242,"Rupnagar",0.18,0.38,260,"patiala","rupnagar","20","09","03","07",TRUE,TRUE,0.0018,0.0038,"patiala__1896242","census1991__20__09","census2001__03__07",1,"matched_exact_names"
"Rupnagar",915603,"Fatehgarh Sahib",2.37,4.77,261,"rupnagar","fatehgarh sahib",NA,NA,"03","08",FALSE,TRUE,0.0237,0.0477,"rupnagar__915603",NA,"census2001__03__08",NA,"source_name_not_unique_exact"
"Rupnagar",915603,"Patiala",0.07,0.04,262,"rupnagar","patiala",NA,NA,"03","17",FALSE,TRUE,7e-04,4e-04,"rupnagar__915603",NA,"census2001__03__17",NA,"source_name_not_unique_exact"
"Rupnagar",915603,"Rupnagar",97.56,99.3,263,"rupnagar","rupnagar",NA,NA,"03","07",FALSE,TRUE,0.9756,0.993,"rupnagar__915603",NA,"census2001__03__07",NA,"source_name_not_unique_exact"
"Sangrur",1710120,"Ludhiana",1.44,1.02,264,"sangrur","ludhiana","20","10","03","09",TRUE,TRUE,0.0144,0.0102,"sangrur__1710120","census1991__20__10","census2001__03__09",1,"matched_exact_names"
"Sangrur",1710120,"Sangrur",98.56,100,265,"sangrur","sangrur","20","10","03","16",TRUE,TRUE,0.9856,1,"sangrur__1710120","census1991__20__10","census2001__03__16",1,"matched_exact_names"
"Alwar",2296580,"Alwar",100,100,266,"alwar","alwar","21","05","08","06",TRUE,TRUE,1,1,"alwar__2296580","census1991__21__05","census2001__08__06",1,"matched_exact_names"
"Bundi",770248,"Bundi",100,100,267,"bundi","bundi","21","25","08","23",TRUE,TRUE,1,1,"bundi__770248","census1991__21__25","census2001__08__23",1,"matched_exact_names"
"Chittorgarh",1484190,"Chittaurgarh",100,100,268,"chittorgarh","chittaurgarh",NA,NA,"08","29",FALSE,TRUE,1,1,"chittorgarh__1484190",NA,"census2001__08__29",NA,"source_name_not_unique_exact"
"Jaipur",4722551,"Dausa",17.67,83.93,269,"jaipur","dausa","21","09","08","11",TRUE,TRUE,0.1767,0.8393,"jaipur__4722551","census1991__21__09","census2001__08__11",1,"matched_exact_names"
"Jaipur",4722551,"Jaipur",82.33,100,270,"jaipur","jaipur","21","09","08","12",TRUE,TRUE,0.8233,1,"jaipur__4722551","census1991__21__09","census2001__08__12",1,"matched_exact_names"
"Jaisalmer",344517,"Jaisalmer",100,100,271,"jaisalmer","jaisalmer","21","13","08","16",TRUE,TRUE,1,1,"jaisalmer__344517","census1991__21__13","census2001__08__16",1,"matched_exact_names"
"Jhalawar",956971,"Jhalawar",100,100,272,"jhalawar","jhalawar","21","27","08","32",TRUE,TRUE,1,1,"jhalawar__956971","census1991__21__27","census2001__08__32",1,"matched_exact_names"
"Jodhpur",2153483,"Jodhpur",100,100,273,"jodhpur","jodhpur","21","14","08","15",TRUE,TRUE,1,1,"jodhpur__2153483","census1991__21__14","census2001__08__15",1,"matched_exact_names"
"Kota",2030831,"Baran",39.9,100,274,"kota","baran","21","26","08","31",TRUE,TRUE,0.399,1,"kota__2030831","census1991__21__26","census2001__08__31",1,"matched_exact_names"
"Kota",2030831,"Kota",60.1,100,275,"kota","kota","21","26","08","30",TRUE,TRUE,0.601,1,"kota__2030831","census1991__21__26","census2001__08__30",1,"matched_exact_names"
"Sawai Madhopur",1963246,"Dausa",8.14,16.07,276,"sawai madhopur","dausa","21","08","08","11",TRUE,TRUE,0.0814,0.1607,"sawai madhopur__1963246","census1991__21__08","census2001__08__11",1,"matched_exact_names"
"Sawai Madhopur",1963246,"Karauli",47.25,100,277,"sawai madhopur","karauli","21","08","08","09",TRUE,TRUE,0.4725,1,"sawai madhopur__1963246","census1991__21__08","census2001__08__09",1,"matched_exact_names"
"Sawai Madhopur",1963246,"Sawai Madhopur",44.61,100,278,"sawai madhopur","sawai madhopur","21","08","08","10",TRUE,TRUE,0.4461,1,"sawai madhopur__1963246","census1991__21__08","census2001__08__10",1,"matched_exact_names"
"Udaipur",2889301,"Rajsamand",28.47,100,279,"udaipur","rajsamand","21","21","08","25",TRUE,TRUE,0.2847,1,"udaipur__2889301","census1991__21__21","census2001__08__25",1,"matched_exact_names"
"Udaipur",2889301,"Udaipur",71.53,100,280,"udaipur","udaipur","21","21","08","26",TRUE,TRUE,0.7153,1,"udaipur__2889301","census1991__21__21","census2001__08__26",1,"matched_exact_names"
"East",178452,"East",100,100,281,"east","east",NA,NA,NA,NA,FALSE,FALSE,1,1,"east__178452",NA,NA,NA,"source_name_not_unique_exact"
"North",31240,"North",100,100,282,"north","north",NA,NA,NA,NA,FALSE,FALSE,1,1,"north__31240",NA,NA,NA,"source_name_not_unique_exact"
"South",98604,"South",100,100,283,"south","south",NA,NA,NA,NA,FALSE,FALSE,1,1,"south__98604",NA,NA,NA,"source_name_not_unique_exact"
"West",98161,"West",100,100,284,"west","west",NA,NA,NA,NA,FALSE,FALSE,1,1,"west__98161",NA,NA,NA,"source_name_not_unique_exact"
"Chengalpattu-MGR",4653593,"Kancheepuram",51.9,100,285,"chengalpattu mgr","kancheepuram",NA,NA,"33","03",FALSE,TRUE,0.519,1,"chengalpattu mgr__4653593",NA,"census2001__33__03",NA,"source_name_not_unique_exact"
"Chengalpattu-MGR",4653593,"Thiruvallur",48.1,100,286,"chengalpattu mgr","thiruvallur",NA,NA,"33","01",FALSE,TRUE,0.481,1,"chengalpattu mgr__4653593",NA,"census2001__33__01",NA,"source_name_not_unique_exact"
"Dindigul Anna",1760601,"Dindigul",100,100,287,"dindigul anna","dindigul",NA,NA,"33","13",FALSE,TRUE,1,1,"dindigul anna__1760601",NA,"census2001__33__13",NA,"source_name_not_unique_exact"
"Kamarajar",1565037,"Virudhunagar",100,100,288,"kamarajar","virudhunagar","23","18","33","26",TRUE,TRUE,1,1,"kamarajar__1565037","census1991__23__18","census2001__33__26",1,"matched_exact_names"
"Madras",3841396,"Chennai",100,100,289,"madras","chennai","23","01","33","02",TRUE,TRUE,1,1,"madras__3841396","census1991__23__01","census2001__33__02",1,"matched_exact_names"
"Madurai",3449662,"Madurai",69.58,100,290,"madurai","madurai","23","16","33","24",TRUE,TRUE,0.6958,1,"madurai__3449662","census1991__23__16","census2001__33__24",1,"matched_exact_names"
"Madurai",3449662,"Theni",30.42,100,291,"madurai","theni","23","16","33","25",TRUE,TRUE,0.3042,1,"madurai__3449662","census1991__23__16","census2001__33__25",1,"matched_exact_names"
"Pasumpon M. Thevar",1078190,"Sivaganga",100,97.74,292,"pasumpon m thevar","sivaganga",NA,NA,"33","23",FALSE,TRUE,1,0.9774,"pasumpon m thevar__1078190",NA,"census2001__33__23",NA,"source_name_not_unique_exact"
"Puddukkottai",1327148,"Pudukkottai",100,100,293,"puddukkottai","pudukkottai",NA,NA,"33","22",FALSE,TRUE,1,1,"puddukkottai__1327148",NA,"census2001__33__22",NA,"source_name_not_unique_exact"
"Ramanathapuram",1144040,"Ramanathapuram",97.82,100,294,"ramanathapuram","ramanathapuram","23","17","33","27",TRUE,TRUE,0.9782,1,"ramanathapuram__1144040","census1991__23__17","census2001__33__27",1,"matched_exact_names"
"Ramanathapuram",1144040,"Sivaganga",2.18,2.26,295,"ramanathapuram","sivaganga","23","17","33","23",TRUE,TRUE,0.0218,0.0226,"ramanathapuram__1144040","census1991__23__17","census2001__33__23",1,"matched_exact_names"
"Thanjavur",4531457,"Nagapattinam",30.4,100,296,"thanjavur","nagapattinam","23","13","33","19",TRUE,TRUE,0.304,1,"thanjavur__4531457","census1991__23__13","census2001__33__19",1,"matched_exact_names"
"Thanjavur",4531457,"Thanjavur",45.32,100,297,"thanjavur","thanjavur","23","13","33","21",TRUE,TRUE,0.4532,1,"thanjavur__4531457","census1991__23__13","census2001__33__21",1,"matched_exact_names"
"Thanjavur",4531457,"Thiruvarur",24.28,100,298,"thanjavur","thiruvarur","23","13","33","20",TRUE,TRUE,0.2428,1,"thanjavur__4531457","census1991__23__13","census2001__33__20",1,"matched_exact_names"
"Tiruchirapalli",4138048,"Ariyalur",15.38,100,299,"tiruchirapalli","ariyalur",NA,NA,"33","17",FALSE,TRUE,0.1538,1,"tiruchirapalli__4138048",NA,"census2001__33__17",NA,"source_name_not_unique_exact"
"Tiruchirapalli",4138048,"Karur",20.64,100,300,"tiruchirapalli","karur",NA,NA,"33","14",FALSE,TRUE,0.2064,1,"tiruchirapalli__4138048",NA,"census2001__33__14",NA,"source_name_not_unique_exact"
"Tiruchirapalli",4138048,"Perambalur",10.9,100,301,"tiruchirapalli","perambalur",NA,NA,"33","16",FALSE,TRUE,0.109,1,"tiruchirapalli__4138048",NA,"census2001__33__16",NA,"source_name_not_unique_exact"
"Tiruchirapalli",4138048,"Tiruchirappalli",53.08,100,302,"tiruchirapalli","tiruchirappalli",NA,NA,"33","15",FALSE,TRUE,0.5308,1,"tiruchirapalli__4138048",NA,"census2001__33__15",NA,"source_name_not_unique_exact"
"North Tripura",697330,"Dhalai",33.01,82.96,303,"north tripura","dhalai","24","02","16","03",TRUE,TRUE,0.3301,0.8296,"north tripura__697330","census1991__24__02","census2001__16__03",1,"matched_exact_names"
"North Tripura",697330,"North Tripura",66.99,100,304,"north tripura","north tripura","24","02","16","04",TRUE,TRUE,0.6699,1,"north tripura__697330","census1991__24__02","census2001__16__04",1,"matched_exact_names"
"South Tripura",766014,"Dhalai",6.17,17.04,305,"south tripura","dhalai","24","03","16","03",TRUE,TRUE,0.0617,0.1704,"south tripura__766014","census1991__24__03","census2001__16__03",1,"matched_exact_names"
"South Tripura",766014,"South Tripura",93.83,100,306,"south tripura","south tripura","24","03","16","02",TRUE,TRUE,0.9383,1,"south tripura__766014","census1991__24__03","census2001__16__02",1,"matched_exact_names"
"West Tripura",1293861,"West Tripura",100,100,307,"west tripura","west tripura","24","01","16","01",TRUE,TRUE,1,1,"west tripura__1293861","census1991__24__01","census2001__16__01",1,"matched_exact_names"
"Agra",2751021,"Agra",100,100,308,"agra","agra","25","20","09","15",TRUE,TRUE,1,1,"agra__2751021","census1991__25__20","census2001__09__15",1,"matched_exact_names"
"Aligarh",3295982,"Aligarh",74.32,100,309,"aligarh","aligarh","25","18","09","12",TRUE,TRUE,0.7432,1,"aligarh__3295982","census1991__25__18","census2001__09__12",1,"matched_exact_names"
"Aligarh",3295982,"Hathras",25.68,75.11,310,"aligarh","hathras","25","18","09","13",TRUE,TRUE,0.2568,0.7511,"aligarh__3295982","census1991__25__18","census2001__09__13",1,"matched_exact_names"
"Almora",836617,"Almora",72.7,100,311,"almora","almora","25","07","05","09",TRUE,TRUE,0.727,1,"almora__836617","census1991__25__07","census2001__05__09",1,"matched_exact_names"
"Almora",836617,"Bageshwar",27.3,100,312,"almora","bageshwar","25","07","05","08",TRUE,TRUE,0.273,1,"almora__836617","census1991__25__07","census2001__05__08",1,"matched_exact_names"
"Azamgarh",3153885,"Ambedkar Nagar",0.8,1.55,313,"azamgarh","ambedkar nagar","25","57","09","48",TRUE,TRUE,0.008,0.0155,"azamgarh__3153885","census1991__25__57","census2001__09__48",1,"matched_exact_names"
"Azamgarh",3153885,"Azamgarh",99.2,100,314,"azamgarh","azamgarh","25","57","09","61",TRUE,TRUE,0.992,1,"azamgarh__3153885","census1991__25__57","census2001__09__61",1,"matched_exact_names"
"Ballia",2262273,"Ballia",100,100,315,"ballia","ballia","25","59","09","63",TRUE,TRUE,1,1,"ballia__2262273","census1991__25__59","census2001__09__63",1,"matched_exact_names"
"Barabanki",2423136,"Barabanki",87.19,100,316,"barabanki","barabanki",NA,NA,"09","46",FALSE,TRUE,0.8719,1,"barabanki__2423136",NA,"census2001__09__46",NA,"source_name_not_unique_exact"
"Barabanki",2423136,"Faizabad",12.81,18.42,317,"barabanki","faizabad",NA,NA,"09","47",FALSE,TRUE,0.1281,0.1842,"barabanki__2423136",NA,"census2001__09__47",NA,"source_name_not_unique_exact"
"Basti",2738522,"Basti",61.58,100,318,"basti","basti","25","53","09","55",TRUE,TRUE,0.6158,1,"basti__2738522","census1991__25__53","census2001__09__55",1,"matched_exact_names"
"Basti",2738522,"Sant Kabir Nagar",38.42,91.33,319,"basti","sant kabir nagar","25","53","09","56",TRUE,TRUE,0.3842,0.9133,"basti__2738522","census1991__25__53","census2001__09__56",1,"matched_exact_names"
"Bijnor",2454521,"Bijnor",100,100,320,"bijnor","bijnor","25","09","09","03",TRUE,TRUE,1,1,"bijnor__2454521","census1991__25__09","census2001__09__03",1,"matched_exact_names"
"Bulandshahr",2849859,"Bulandshahar",86.61,100,321,"bulandshahr","bulandshahar","25","17","09","11",TRUE,TRUE,0.8661,1,"bulandshahr__2849859","census1991__25__17","census2001__09__11",1,"matched_exact_names"
"Bulandshahr",2849859,"Gautam Buddha Nagar",13.39,44.89,322,"bulandshahr","gautam buddha nagar","25","17","09","10",TRUE,TRUE,0.1339,0.4489,"bulandshahr__2849859","census1991__25__17","census2001__09__10",1,"matched_exact_names"
"Chamoli",454871,"Chamoli",71.5,100,323,"chamoli","chamoli","25","02","05","02",TRUE,TRUE,0.715,1,"chamoli__454871","census1991__25__02","census2001__05__02",1,"matched_exact_names"
"Chamoli",454871,"Rudraprayag",28.5,64.65,324,"chamoli","rudraprayag","25","02","05","03",TRUE,TRUE,0.285,0.6465,"chamoli__454871","census1991__25__02","census2001__05__03",1,"matched_exact_names"
"Etawah",2124655,"Auraiya",47.07,100,325,"etawah","auraiya","25","35","09","32",TRUE,TRUE,0.4707,1,"etawah__2124655","census1991__25__35","census2001__09__32",1,"matched_exact_names"
"Etawah",2124655,"Etawah",52.93,99.49,326,"etawah","etawah","25","35","09","31",TRUE,TRUE,0.5293,0.9949,"etawah__2124655","census1991__25__35","census2001__09__31",1,"matched_exact_names"
"Faizabad",2978484,"Ambedkar Nagar",53.86,98.45,327,"faizabad","ambedkar nagar","25","49","09","48",TRUE,TRUE,0.5386,0.9845,"faizabad__2978484","census1991__25__49","census2001__09__48",1,"matched_exact_names"
"Faizabad",2978484,"Faizabad",46.14,81.58,328,"faizabad","faizabad","25","49","09","47",TRUE,TRUE,0.4614,0.8158,"faizabad__2978484","census1991__25__49","census2001__09__47",1,"matched_exact_names"
"Fatehpur",1899241,"Fatehpur",100,99.99,329,"fatehpur","fatehpur","25","43","09","42",TRUE,TRUE,1,0.9999,"fatehpur__1899241","census1991__25__43","census2001__09__42",1,"matched_exact_names"
"Firozabad",1533054,"Firozabad",100,100,330,"firozabad","firozabad","25","21","09","16",TRUE,TRUE,1,1,"firozabad__1533054","census1991__25__21","census2001__09__16",1,"matched_exact_names"
"Garhwal",682535,"Garhwal",98.29,100,331,"garhwal","garhwal","25","05","05","06",TRUE,TRUE,0.9829,1,"garhwal__682535","census1991__25__05","census2001__05__06",1,"matched_exact_names"
"Garhwal",682535,"Nainital",0.1,0.12,332,"garhwal","nainital","25","05","05","11",TRUE,TRUE,0.001,0.0012,"garhwal__682535","census1991__25__05","census2001__05__11",1,"matched_exact_names"
"Garhwal",682535,"Rudraprayag",1.61,5.48,333,"garhwal","rudraprayag","25","05","05","03",TRUE,TRUE,0.0161,0.0548,"garhwal__682535","census1991__25__05","census2001__05__03",1,"matched_exact_names"
"Ghaziabad",2703933,"Gautam Buddha Nagar",17.32,55.11,334,"ghaziabad","gautam buddha nagar","25","16","09","10",TRUE,TRUE,0.1732,0.5511,"ghaziabad__2703933","census1991__25__16","census2001__09__10",1,"matched_exact_names"
"Ghaziabad",2703933,"Ghaziabad",82.68,100,335,"ghaziabad","ghaziabad","25","16","09","09",TRUE,TRUE,0.8268,1,"ghaziabad__2703933","census1991__25__16","census2001__09__09",1,"matched_exact_names"
"Hardwar",1124488,"Hardwar",100,100,336,"hardwar","hardwar","25","13","05","13",TRUE,TRUE,1,1,"hardwar__1124488","census1991__25__13","census2001__05__13",1,"matched_exact_names"
"Kanpur Dehat",2138317,"Kanpur Dehat",60.95,100,337,"kanpur dehat","kanpur dehat","25","36","09","33",TRUE,TRUE,0.6095,1,"kanpur dehat__2138317","census1991__25__36","census2001__09__33",1,"matched_exact_names"
"Kanpur Dehat",2138317,"Kanpur Nagar",39.05,25.67,338,"kanpur dehat","kanpur nagar","25","36","09","34",TRUE,TRUE,0.3905,0.2567,"kanpur dehat__2138317","census1991__25__36","census2001__09__34",1,"matched_exact_names"
"Kanpur Nagar",2418487,"Kanpur Nagar",100,74.33,339,"kanpur nagar","kanpur nagar","25","37","09","34",TRUE,TRUE,1,0.7433,"kanpur nagar__2418487","census1991__25__37","census2001__09__34",1,"matched_exact_names"
"Mainpuri",1316746,"Etawah",0.43,0.51,340,"mainpuri","etawah","25","23","09","31",TRUE,TRUE,0.0043,0.0051,"mainpuri__1316746","census1991__25__23","census2001__09__31",1,"matched_exact_names"
"Mainpuri",1316746,"Mainpuri",99.57,100,341,"mainpuri","mainpuri","25","23","09","18",TRUE,TRUE,0.9957,1,"mainpuri__1316746","census1991__25__23","census2001__09__18",1,"matched_exact_names"
"Mathura",1931186,"Hathras",14.53,24.89,342,"mathura","hathras","25","19","09","13",TRUE,TRUE,0.1453,0.2489,"mathura__1931186","census1991__25__19","census2001__09__13",1,"matched_exact_names"
"Mathura",1931186,"Mathura",85.47,100,343,"mathura","mathura","25","19","09","14",TRUE,TRUE,0.8547,1,"mathura__1931186","census1991__25__19","census2001__09__14",1,"matched_exact_names"
"Mau",1445782,"Mau",100,100,344,"mau","mau",NA,NA,"09","62",FALSE,TRUE,1,1,"mau__1445782",NA,"census2001__09__62",NA,"source_name_not_unique_exact"
"Meerut",3447912,"Baghpat",29.88,100,345,"meerut","baghpat","25","15","09","08",TRUE,TRUE,0.2988,1,"meerut__3447912","census1991__25__15","census2001__09__08",1,"matched_exact_names"
"Meerut",3447912,"Meerut",70.12,100,346,"meerut","meerut","25","15","09","07",TRUE,TRUE,0.7012,1,"meerut__3447912","census1991__25__15","census2001__09__07",1,"matched_exact_names"
"Mirzapur",1657139,"Mirzapur",100,100,347,"mirzapur","mirzapur","25","62","09","69",TRUE,TRUE,1,1,"mirzapur__1657139","census1991__25__62","census2001__09__69",1,"matched_exact_names"
"Moradabad",4121035,"Jyotiba Phule Nagar",28.04,100,348,"moradabad","jyotiba phule nagar","25","10","09","06",TRUE,TRUE,0.2804,1,"moradabad__4121035","census1991__25__10","census2001__09__06",1,"matched_exact_names"
"Moradabad",4121035,"Moradabad",71.96,100,349,"moradabad","moradabad","25","10","09","04",TRUE,TRUE,0.7196,1,"moradabad__4121035","census1991__25__10","census2001__09__04",1,"matched_exact_names"
"Muzaffarnagar",2842543,"Muzaffarnagar",100,100,350,"muzaffarnagar","muzaffarnagar","25","14","09","02",TRUE,TRUE,1,1,"muzaffarnagar__2842543","census1991__25__14","census2001__09__02",1,"matched_exact_names"
"Nainital",1540174,"Champawat",2.67,21.56,351,"nainital","champawat","25","08","05","10",TRUE,TRUE,0.0267,0.2156,"nainital__1540174","census1991__25__08","census2001__05__10",1,"matched_exact_names"
"Nainital",1540174,"Nainital",37.28,99.88,352,"nainital","nainital","25","08","05","11",TRUE,TRUE,0.3728,0.9988,"nainital__1540174","census1991__25__08","census2001__05__11",1,"matched_exact_names"
"Nainital",1540174,"Udham Singh Nagar",60.05,100,353,"nainital","udham singh nagar","25","08","05","12",TRUE,TRUE,0.6005,1,"nainital__1540174","census1991__25__08","census2001__05__12",1,"matched_exact_names"
"Pithoragarh",566408,"Champawat",26.44,78.44,354,"pithoragarh","champawat","25","06","05","10",TRUE,TRUE,0.2644,0.7844,"pithoragarh__566408","census1991__25__06","census2001__05__10",1,"matched_exact_names"
"Pithoragarh",566408,"Pithoragarh",73.56,100,355,"pithoragarh","pithoragarh","25","06","05","07",TRUE,TRUE,0.7356,1,"pithoragarh__566408","census1991__25__06","census2001__05__07",1,"matched_exact_names"
"Rae Bareli",2322810,"Fatehpur",0.01,0.01,356,"rae bareli","fatehpur",NA,NA,"09","42",FALSE,TRUE,1e-04,1e-04,"rae bareli__2322810",NA,"census2001__09__42",NA,"source_name_not_unique_exact"
"Rae Bareli",2322810,"Rae Bareli",99.45,100,357,"rae bareli","rae bareli",NA,NA,"09","28",FALSE,TRUE,0.9945,1,"rae bareli__2322810",NA,"census2001__09__28",NA,"source_name_not_unique_exact"
"Rae Bareli",2322810,"Sultanpur",0.55,0.5,358,"rae bareli","sultanpur",NA,NA,"09","49",FALSE,TRUE,0.0055,0.005,"rae bareli__2322810",NA,"census2001__09__49",NA,"source_name_not_unique_exact"
"Saharanpur",2309029,"Saharanpur",100,100,359,"saharanpur","saharanpur","25","12","09","01",TRUE,TRUE,1,1,"saharanpur__2309029","census1991__25__12","census2001__09__01",1,"matched_exact_names"
"Siddharth Nagar",1707885,"Sant Kabir Nagar",5.85,8.67,360,"siddharth nagar","sant kabir nagar",NA,NA,"09","56",FALSE,TRUE,0.0585,0.0867,"siddharth nagar__1707885",NA,"census2001__09__56",NA,"source_name_not_unique_exact"
"Siddharth Nagar",1707885,"Siddharthnagar",94.15,100,361,"siddharth nagar","siddharthnagar",NA,NA,"09","54",FALSE,TRUE,0.9415,1,"siddharth nagar__1707885",NA,"census2001__09__54",NA,"source_name_not_unique_exact"
"Sonbhadra",1075041,"Sonbhadra",100,100,362,"sonbhadra","sonbhadra",NA,NA,"09","70",FALSE,TRUE,1,1,"sonbhadra__1075041",NA,"census2001__09__70",NA,"source_name_not_unique_exact"
"Sultanpur",2558970,"Sultanpur",100,99.5,363,"sultanpur","sultanpur","25","50","09","49",TRUE,TRUE,1,0.995,"sultanpur__2558970","census1991__25__50","census2001__09__49",1,"matched_exact_names"
"Tehri Garhwal",580153,"Rudraprayag",10.32,29.87,364,"tehri garhwal","rudraprayag","25","03","05","03",TRUE,TRUE,0.1032,0.2987,"tehri garhwal__580153","census1991__25__03","census2001__05__03",1,"matched_exact_names"
"Tehri Garhwal",580153,"Tehri Garhwal",89.68,100,365,"tehri garhwal","tehri garhwal","25","03","05","04",TRUE,TRUE,0.8968,1,"tehri garhwal__580153","census1991__25__03","census2001__05__04",1,"matched_exact_names"
"Unnao",2200397,"Unnao",100,100,366,"unnao","unnao","25","31","09","26",TRUE,TRUE,1,1,"unnao__2200397","census1991__25__31","census2001__09__26",1,"matched_exact_names"
"Varanasi",4860582,"Chandauli",26.23,100,367,"varanasi","chandauli","25","61","09","66",TRUE,TRUE,0.2623,1,"varanasi__4860582","census1991__25__61","census2001__09__66",1,"matched_exact_names"
"Varanasi",4860582,"Sant Ravidas Nagar Bhadohi",22.17,100,368,"varanasi","sant ravidas nagar bhadohi","25","61","09","68",TRUE,TRUE,0.2217,1,"varanasi__4860582","census1991__25__61","census2001__09__68",1,"matched_exact_names"
"Varanasi",4860582,"Varanasi",51.6,100,369,"varanasi","varanasi","25","61","09","67",TRUE,TRUE,0.516,1,"varanasi__4860582","census1991__25__61","census2001__09__67",1,"matched_exact_names"
"Barddhaman",6050605,"Barddhaman",100,100,370,"barddhaman","barddhaman",NA,NA,"19","09",FALSE,TRUE,1,1,"barddhaman__6050605",NA,"census2001__19__09",NA,"source_name_not_unique_exact"
"Calcutta",4399819,"Kolkata",100,100,371,"calcutta","kolkata","26","10","19","17",TRUE,TRUE,1,1,"calcutta__4399819","census1991__26__10","census2001__19__17",1,"matched_exact_names"
"Hugli",4355230,"Hugli",100,100,372,"hugli","hugli",NA,NA,"19","12",FALSE,TRUE,1,1,"hugli__4355230",NA,"census2001__19__12",NA,"source_name_not_unique_exact"
"Murshidabad",4740149,"Murshidabad",100,100,373,"murshidabad","murshidabad","26","06","19","07",TRUE,TRUE,1,1,"murshidabad__4740149","census1991__26__06","census2001__19__07",1,"matched_exact_names"
"Nadia",3852097,"Nadia",100,100,374,"nadia","nadia","26","07","19","10",TRUE,TRUE,1,1,"nadia__3852097","census1991__26__07","census2001__19__10",1,"matched_exact_names"
"North 24 Paraganas",7281881,"North Twenty Four Parganas",100,100,375,"north 24 paraganas","north twenty four parganas",NA,NA,"19","11",FALSE,TRUE,1,1,"north 24 paraganas__7281881",NA,"census2001__19__11",NA,"source_name_not_unique_exact"
"South 24 Paraganas",5715030,"South Twenty Four Parganas",100,100,376,"south 24 paraganas","south twenty four parganas",NA,NA,"19","18",FALSE,TRUE,1,1,"south 24 paraganas__5715030",NA,"census2001__19__18",NA,"source_name_not_unique_exact"
