"canonical_language","state_code_2001","unmapped_speakers","n_districts","share_of_unmapped_speakers"
"Bhili/Bhilodi","23",2973201,43,13.3349099725691
"Bhili/Bhilodi","24",2405663,25,10.7894822883957
"Bhili/Bhilodi","08",2208369,27,9.90461183122581
"Dogri","01",2203656,11,9.88347386218143
"Khandeshi","27",1854808,33,8.31887843990397
"Bhili/Bhilodi","27",1482953,33,6.65109582182679
"Nepali","19",1022725,18,4.58695722276957
"Nepali","18",562599,22,2.52327609726264
"Halabi","22",544874,12,2.44377885531237
"Miri/Mishing","18",517170,22,2.31952545102519
"Karbi / Mikir","18",406156,22,1.82162379698472
"Korku","23",372224,20,1.66943759592088
"Nepali","11",338606,4,1.51865969578637
"Koya","28",248095,22,1.11271471038942
"Konyak","13",248002,8,1.11229760215239
"Nepali","09",247062,68,1.10808166943401
"Korku","27",195652,22,0.877506030017172
"Lotha","13",168356,8,0.755082519931158
"Coorgi/Kodagu","29",164403,27,0.737353177339936
"Khandeshi","24",152096,23,0.682155853972828
"Tangkhul","14",139979,9,0.62781068721901
"Kisan","21",139425,21,0.625325977936051
"Phom","13",122454,8,0.549210452230096
"Rabha","18",120603,21,0.540908652802736
"Koya","21",113668,16,0.50980493641768
"Dimasa","18",108133,21,0.484980268762123
"Nepali","12",94919,13,0.425715018825261
"Sema","13",92884,8,0.416587972993453
"Yimchungre","13",92092,8,0.413035825426479
"Kolami","27",90263,16,0.404832696764868
"Bhili/Bhilodi","26",89132,1,0.399760122398394
"Kabui","14",87950,9,0.394458811256774
"Nepali","05",86988,12,0.390144207772646
"Sangtam","13",84150,8,0.377415678990989
"Chakru/Chokri","13",83506,6,0.374527316575419
"English","27",81231,32,0.364323862389983
"Nepali","02",70272,12,0.315172365942422
"Kinnauri","02",64293,12,0.288356342832652
"Zeliang","13",61492,8,0.275793760338846
"Nepali","27",56993,33,0.255615588743119
"Monpa","12",55428,13,0.2485965092705
"Bishnupuriya","18",53808,22,0.241330752883507
"Nepali","17",52155,7,0.233916990347891
"Wancho","12",48544,13,0.217721529660589
"Nepali","14",45998,9,0.206302631042514
"Hmar","14",43137,8,0.193470946460301
"Nepali","07",41230,7,0.184917985083761
"Parji","22",39498,3,0.177149904798409
"Jatapu","28",39312,5,0.176315688324347
"Khiemnungan","13",37752,8,0.169319034025761
"Vaiphei","14",37553,9,0.168426512099211
"Lepcha","11",35728,4,0.160241323576828
"Lakher","15",34731,8,0.155769743874463
"Limbu","11",34292,4,0.153800813594284
"Tangsa","12",34231,13,0.15352722647107
"Nepali","13",34222,8,0.153486861157809
"Mishmi","12",33522,12,0.150347336793059
"Miri/Mishing","12",33381,13,0.149714946885303
"Liangmei","14",32787,8,0.147050836210072
"Kolami","28",31490,2,0.141233746065671
"Halabi","27",29453,28,0.13209773016425
"Mogh","16",28850,4,0.129393254175758
"Nicobarese","35",28651,2,0.128500732249208
"Lahnda","06",26985,19,0.121028664261103
"Lalung","18",26480,18,0.118763721683677
"Shina","01",25770,8,0.115579346970859
"English","33",25111,29,0.112623709033188
"Khandeshi","23",24985,16,0.112058594647533
"Pawi","15",24900,8,0.111677366688956
"Hmar","18",24865,15,0.111520390470718
"Juang","21",23701,8,0.10629980995562
"Rabha","17",22395,7,0.100442354497958
"Anal","14",22187,6,0.0995094672581471
"Lahnda","01",22176,8,0.0994601318752724
"Maring","14",22154,8,0.0993614611095232
"Bishnupuriya","16",21716,4,0.0973970158641512
"Koch","17",20834,7,0.0934412151645665
"Khandeshi","01",20804,11,0.0933066641203629
"Zou","14",20626,9,0.0925083279247551
"Nepali","06",20362,19,0.0913242787357638
"Nepali","03",18963,16,0.085049715041071
"Dogri","02",18777,12,0.084215498567009
"Nepali","10",18763,36,0.084152708079714
"Arabic/Arbi","10",18030,37,0.0808651775663403
"English","29",17773,27,0.0797125236209964
"Dogri","03",17614,16,0.0789994030867176
"Nepali","20",17326,18,0.0777077130623634
"Nepali","24",17123,25,0.076797250996586
"Kuki","13",16846,8,0.0755548963551064
"Pochury","13",16681,8,0.0748148656119868
"Halabi","21",16102,6,0.0722180304588581
"Kuki","18",15893,20,0.0712806581842399
"English","19",15681,18,0.0703298308052014
"Lepcha","19",14731,10,0.0660690477387553
"Kom","14",14558,9,0.0652931367171815
"Hmar","15",14240,8,0.0638668956486237
"Sherpa","11",13922,4,0.062440654580066
"Kuki","14",12900,9,0.0578569490075313
"Korwa","27",12884,16,0.0577851884506227
"Korwa","23",12597,11,0.0564979834610753
"Karbi / Mikir","17",11789,6,0.0528740753371928
"Rabha","19",10967,7,0.0491873767260152
"Nepali","23",10904,44,0.0489048195331877
"Sema","18",10345,11,0.0463976850761947
"Parji","21",10310,6,0.0462407088579572
"English","28",10281,23,0.0461106428485604
"Nepali","29",10038,27,0.0450207793905116
"Simte","14",10028,6,0.0449759290424437
"English","09",9957,68,0.044657491571162
"Nepali","21",9810,28,0.0439981914545645
"Chakhesang","13",9544,8,0.0428051721959596
"Nepali","15",8948,8,0.0401320914511155
"Rai","11",8856,4,0.0397194682488913
"Bhili/Bhilodi","01",8470,8,0.0379882448134721
"Nepali","28",8233,23,0.036925291564264
"English","30",8190,2,0.0367324350675722
"Arabic/Arbi","09",8026,63,0.0359968893592594
"Koch","18",7534,14,0.033790252234321
"Nepali","08",7524,26,0.0337454018862531
"Afghani/Kabuli/Pashto","01",7389,8,0.0331399221873371
"Lahnda","27",7057,16,0.0316508906314844
"Sanskrit","09",6996,55,0.0313773035082705
"Lahnda","03",6881,9,0.0308615245054902
"Korwa","22",6870,8,0.0308121891226155
"Lahnda","23",6865,14,0.0307897639485816
"Dogri","07",6489,7,0.0291033908612303
"Korku","22",6356,6,0.0285068812319278
"Lahnda","07",5960,7,0.0267308074484408
"English","24",5878,24,0.0263630345942844
"Lahnda","08",5722,12,0.0256633691644259
"Nepali","01",5712,11,0.025618518816358
"Nepali","04",5390,1,0.0241743376085732
"English","32",5087,14,0.0228153720621172
"Kuki","16",5003,4,0.0224386291383472
"English","07",4710,7,0.0211245139399591
"English","10",4534,36,0.0203351478139649
"Dogri","09",4353,28,0.0195233565139367
"Nepali","33",4302,28,0.0192946197387907
"Lahnda","28",4026,5,0.0180567501321179
"Rai","12",3862,11,0.0173212044238051
"Dogri","05",3809,12,0.0170834975790455
"Persian","19",3670,17,0.0164600777409023
"Arabic/Arbi","20",3531,18,0.0158366579027592
"Dimasa","13",3504,7,0.0157155619629759
"Arabic/Arbi","27",3484,33,0.0156258612668402
"Nepali","22",3424,16,0.0153567591784331
"Dogri","23",3410,28,0.0152939686911381
"Kabui","18",3379,9,0.0151549326121278
"Nepali","16",3377,4,0.0151459625425142
"Kabui","13",3022,7,0.0135537751861054
"Arabic/Arbi","19",2913,18,0.0130649063921658
"Sherpa","19",2902,3,0.0130155710092912
"Bhili/Bhilodi","02",2840,9,0.0127374988512705
"Nepali","32",2715,14,0.0121768695004223
"English","23",2709,42,0.0121499592915816
"Arabic/Arbi","29",2700,26,0.0121095939783205
"Dogri","08",2625,16,0.0117732163678116
"Dogri","06",2613,18,0.0117193959501302
"Khandeshi","05",2388,7,0.0107102631186035
"Limbu","19",2377,2,0.0106609277357288
"English","20",2370,18,0.0106295324920813
"Balti","01",2367,8,0.010616077387661
"Dogri","18",2200,20,0.00986707657492782
"Nepali","30",2135,2,0.00957554931248677
"Persian","20",2048,18,0.00918535128429644
"Dogri","19",2006,15,0.00899697982241146
"English","08",1969,27,0.0088310335345604
"Tangsa","18",1798,7,0.0080640925826001
"Halabi","23",1779,20,0.00797887692127118
"Chakhesang","14",1768,2,0.00792954153839654
"Arabic/Arbi","18",1738,19,0.00779499049419298
"English","18",1734,22,0.00777705035496584
"Dogri","27",1727,20,0.00774565511131834
"Arabic/Arbi","23",1706,36,0.00765146938037585
"Tangsa","01",1683,2,0.00754831357981978
"Bhili/Bhilodi","29",1596,27,0.00715811555162946
"Persian","27",1586,20,0.0071132652035616
"Koch","19",1583,7,0.00709981009914125
"Khandeshi","02",1573,12,0.00705495975107339
"English","21",1479,28,0.00663336647923557
"Kisan","18",1475,5,0.00661542634000843
"Bishnupuriya","14",1457,4,0.00653469571348629
"English","22",1450,16,0.00650330046983879
"Bhili/Bhilodi","28",1438,15,0.00644948005215737
"Nepali","25",1407,2,0.00631044397314702
"Lotha","18",1370,10,0.00614449768529596
"English","03",1362,16,0.00610861740684168
"Persian","10",1350,24,0.00605479698916025
"Sanskrit","28",1340,22,0.0060099466410924
"Liangmei","13",1295,3,0.00580812007478706
"Bhili/Bhilodi","22",1295,16,0.00580812007478706
"English","06",1290,19,0.00578569490075313
"Karbi / Mikir","12",1246,11,0.00558835336925457
"Arabic/Arbi","32",1245,14,0.00558386833444779
"Korwa","20",1227,8,0.00550313770792565
"Tangkhul","13",1143,7,0.00512639478415568
"Arabic/Arbi","07",1140,7,0.00511293967973533
"Rai","19",1137,3,0.00509948457531497
"Tangsa","13",1126,5,0.00505014919244033
"Halabi","24",1108,5,0.00496941856591819
"Arabic/Arbi","28",1085,23,0.00486626276536213
"Afghani/Kabuli/Pashto","07",1056,7,0.00473619675596535
"Nepali","26",1030,1,0.00461958585098893
"English","25",1020,2,0.00457473550292108
"Bhili/Bhilodi","16",1013,4,0.00454334025927358
"English","05",988,12,0.00443121438910395
"Bhili/Bhilodi","15",978,7,0.0043863640410361
"English","01",975,11,0.00437290893661574
"Hmar","17",950,5,0.0042607830664461
"Dogri","04",923,1,0.0041396871266629
"Khandeshi","03",905,8,0.00405895650014076
"Dogri","12",900,13,0.00403653132610684
"Tangsa","14",899,5,0.00403204629130005
"Sanskrit","08",897,25,0.00402307622168648
"Lahnda","24",895,9,0.00401410615207291
"Persian","22",864,13,0.00387507007306256
"Bhili/Bhilodi","32",851,4,0.00381676462057435
"Vaiphei","18",847,8,0.00379882448134721
"Sanskrit","29",830,22,0.00372257888963186
"Arabic/Arbi","22",826,15,0.00370463875040472
"Kuki","17",809,5,0.00362839315868937
"Afghani/Kabuli/Pashto","27",796,10,0.00357008770620116
"Dogri","24",793,17,0.0035566326017808
"Nepali","35",782,2,0.00350729721890616
"Bhili/Bhilodi","21",766,14,0.0034355366619976
"Balti","05",759,1,0.0034041414183501
"Sanskrit","10",754,30,0.00338171624431617
"Mogh","19",745,12,0.0033413509310551
"Afghani/Kabuli/Pashto","06",721,4,0.00323371009569225
"Vaiphei","17",714,3,0.00320231485204476
"Bhili/Bhilodi","33",708,8,0.00317540464320404
"Mogh","15",704,4,0.0031574645039769
"Dogri","20",702,10,0.00314849443436333
"Coorgi/Kodagu","22",697,6,0.0031260692603294
"Dogri","14",696,8,0.00312158422552262
"Sherpa","02",670,8,0.0030049733205462
"Bhili/Bhilodi","10",670,10,0.0030049733205462
"Arabic/Arbi","06",650,13,0.00291527262441049
"Dogri","13",626,8,0.00280763178904764
"Arabic/Arbi","24",611,19,0.00274035626694586
"Parji","18",601,7,0.00269550591887801
"Dogri","16",595,4,0.0026685957100373
"Lalung","17",570,2,0.00255646983986766
"Bhili/Bhilodi","13",557,4,0.00249816438737945
"Miri/Mishing","01",550,3,0.00246676914373196
"English","17",501,7,0.00224700243819947
"Parji","28",496,1,0.00222457726416555
"Dogri","29",487,14,0.00218421195090448
"Persian","08",479,3,0.00214833167245019
"Dogri","28",473,11,0.00212142146360948
"Wancho","18",472,8,0.0021169364288027
"Korwa","21",459,7,0.00205863097631449
"Tangkhul","17",457,5,0.00204966090670092
"English","34",454,4,0.00203620580228056
"English","02",452,12,0.00202723573266699
"Vaiphei","15",452,7,0.00202723573266699
"Arabic/Arbi","08",436,19,0.00195547517575842
"Sherpa","12",436,9,0.00195547517575842
"Arabic/Arbi","03",417,13,0.0018702595144295
"English","13",413,8,0.00185231937520236
"Sanskrit","05",412,7,0.00184783434039557
"Nepali","34",411,3,0.00184334930558879
"Arabic/Arbi","33",404,22,0.00181195406194129
"Persian","18",401,9,0.00179849895752093
"Persian","09",400,6,0.00179401392271415
"Sanskrit","27",393,18,0.00176261867906665
"Arabic/Arbi","21",380,17,0.00170431322657844
"Sanskrit","23",378,33,0.00169534315696487
"Dogri","17",370,7,0.00165946287851059
"Lahnda","22",365,4,0.00163703770447666
"English","14",359,8,0.00161012749563595
"English","04",356,1,0.00159667239121559
"Coorgi/Kodagu","27",353,10,0.00158321728679524
"Persian","07",351,7,0.00157424721718167
"Khandeshi","20",350,5,0.00156976218237488
"Afghani/Kabuli/Pashto","02",347,4,0.00155630707795452
"Bhili/Bhilodi","25",347,2,0.00155630707795452
"Bhili/Bhilodi","07",343,7,0.00153836693872738
"Bhili/Bhilodi","14",340,3,0.00152491183430703
"Anal","22",314,6,0.00140830092933061
"Rabha","16",310,2,0.00139036079010347
"Khandeshi","22",304,5,0.00136345058126275
"Arabic/Arbi","02",298,8,0.00133654037242204
"Limbu","18",288,10,0.00129169002435419
"Coorgi/Kodagu","23",283,8,0.00126926485032026
"Dogri","15",275,7,0.00123338457186598
"Bishnupuriya","17",268,3,0.00120198932821848
"Kinnauri","05",263,5,0.00117956415418455
"Kuki","07",251,6,0.00112574373650313
"Kuki","19",251,7,0.00112574373650313
"Rai","27",249,6,0.00111677366688956
"Tangsa","17",239,3,0.0010719233188217
"Sanskrit","02",236,11,0.00105846821440135
"Sanskrit","07",234,7,0.00104949814478778
"Lahnda","20",221,9,0.000991192692299567
"Bhili/Bhilodi","20",220,12,0.000986707657492782
"Dogri","11",215,3,0.000964282483458855
"Bhili/Bhilodi","18",212,9,0.000950827379038499
"Sanskrit","20",210,15,0.000941857309424928
"Karbi / Mikir","13",207,6,0.000928402205004572
"Sanskrit","06",204,18,0.000914947100584216
"Bhili/Bhilodi","06",202,11,0.000905977030970645
"Mogh","18",202,10,0.000905977030970645
"Korku","19",201,5,0.00090149199616386
"English","26",192,1,0.000861126682902792
"Parji","19",188,1,0.00084318654367565
"English","16",183,4,0.000820761369641723
"Mishmi","14",180,4,0.000807306265221367
"Arabic/Arbi","05",174,11,0.000780396056380655
"Dogri","10",173,8,0.00077591102157387
"Dimasa","17",170,6,0.000762455917153513
"Kuki","15",166,7,0.000744515777926372
"Sanskrit","32",166,9,0.000744515777926372
"Afghani/Kabuli/Pashto","05",157,2,0.000704150464665304
"Anal","17",149,3,0.000668270186211021
"Koya","18",146,6,0.000654815081790665
"Korwa","19",146,7,0.000654815081790665
"Limbu","08",141,1,0.000632389907756738
"Kabui","17",140,4,0.000627904872949952
"Sanskrit","24",140,13,0.000627904872949952
"Dogri","33",140,9,0.000627904872949952
"Sanskrit","19",138,10,0.000618934803336381
"Kuki","12",133,8,0.000596509629302455
"Persian","28",133,4,0.000596509629302455
"Dogri","22",132,6,0.000592024594495669
"Tangkhul","07",131,7,0.000587539559688884
"Sanskrit","21",128,17,0.000574084455268528
"Sanskrit","22",128,12,0.000574084455268528
"Dogri","32",126,5,0.000565114385654957
"Sherpa","18",124,7,0.000556144316041386
"Lotha","17",122,2,0.000547174246427816
"Monpa","29",112,3,0.000502323898359962
"Monpa","17",111,2,0.000497838863553176
"Afghani/Kabuli/Pashto","18",111,16,0.000497838863553176
"Afghani/Kabuli/Pashto","19",111,11,0.000497838863553176
"Khandeshi","21",111,7,0.000497838863553176
"Coorgi/Kodagu","33",111,8,0.000497838863553176
"Sema","17",109,2,0.000488868793939606
"Anal","19",108,7,0.00048438375913282
"Koch","20",108,9,0.00048438375913282
"Rabha","12",106,7,0.00047541368951925
"English","15",106,7,0.00047541368951925
"Persian","29",106,7,0.00047541368951925
"Afghani/Kabuli/Pashto","08",105,5,0.000470928654712464
"Bhili/Bhilodi","19",103,11,0.000461958585098893
"Kisan","19",101,5,0.000452988515485323
"Sanskrit","03",100,13,0.000448503480678537
"Lahnda","02",98,6,0.000439533411064967
"Lahnda","05",98,5,0.000439533411064967
"Khandeshi","08",96,5,0.000430563341451396
"Kinnauri","27",96,8,0.000430563341451396
"Sherpa","14",95,2,0.00042607830664461
"Bhili/Bhilodi","30",94,2,0.000421593271837825
"Tangkhul","18",93,13,0.00041710823703104
"Dogri","30",93,2,0.00041710823703104
"Limbu","12",92,7,0.000412623202224254
"Koya","19",92,1,0.000412623202224254
"Korwa","18",90,6,0.000403653132610684
"Khandeshi","07",89,3,0.000399168097803898
"Monpa","18",84,8,0.000376742923769971
"Lahnda","04",82,1,0.000367772854156401
"Maring","17",81,3,0.000363287819349615
"Zou","17",80,2,0.00035880278454283
"Korwa","29",80,7,0.00035880278454283
"Kinnauri","04",79,1,0.000354317749736045
"Arabic/Arbi","01",78,6,0.000349832714929259
"Kuki","01",78,9,0.000349832714929259
"Bhili/Bhilodi","09",77,14,0.000345347680122474
"Shina","02",76,3,0.000340862645315688
"Simte","15",76,4,0.000340862645315688
"Mishmi","18",74,6,0.000331892575702118
"Kolami","21",74,1,0.000331892575702118
"Anal","05",72,2,0.000322922506088547
"Coorgi/Kodagu","28",72,4,0.000322922506088547
"Chakhesang","18",71,5,0.000318437471281762
"Kuki","20",71,4,0.000318437471281762
"Bishnupuriya","12",68,8,0.000304982366861405
"Korwa","06",67,2,0.00030049733205462
"Khandeshi","09",67,8,0.00030049733205462
"Kuki","11",67,3,0.00030049733205462
"Anal","13",67,4,0.00030049733205462
"Hmar","16",67,4,0.00030049733205462
"Khandeshi","33",67,8,0.00030049733205462
"Kinnauri","21",66,2,0.000296012297247835
"Parji","27",65,4,0.000291527262441049
"Rai","28",65,1,0.000291527262441049
"Rai","18",64,6,0.000287042227634264
"Persian","06",62,3,0.000278072158020693
"Dogri","21",62,9,0.000278072158020693
"English","11",61,4,0.000273587123213908
"Bishnupuriya","13",61,3,0.000273587123213908
"Arabic/Arbi","16",60,4,0.000269102088407122
"Kabui","21",60,5,0.000269102088407122
"Korwa","24",60,3,0.000269102088407122
"Mogh","07",59,4,0.000264617053600337
"Afghani/Kabuli/Pashto","23",59,6,0.000264617053600337
"Monpa","01",58,2,0.000260132018793552
"Afghani/Kabuli/Pashto","24",58,5,0.000260132018793552
"Kinnauri","07",57,4,0.000255646983986766
"Zou","15",57,5,0.000255646983986766
"Khandeshi","26",57,1,0.000255646983986766
"Tangsa","15",56,4,0.000251161949179981
"Shina","24",55,4,0.000246676914373196
"Lahnda","21",54,13,0.00024219187956641
"Coorgi/Kodagu","32",54,7,0.00024219187956641
"Konyak","18",52,3,0.000233221809952839
"Sanskrit","33",50,9,0.000224251740339269
"Balti","02",48,2,0.000215281670725698
"Kinnauri","20",48,2,0.000215281670725698
"Koya","13",47,1,0.000210796635918913
"Kinnauri","29",47,7,0.000210796635918913
"Simte","17",46,3,0.000206311601112127
"Sanskrit","18",46,7,0.000206311601112127
"Sanskrit","30",46,2,0.000206311601112127
"Arabic/Arbi","12",44,2,0.000197341531498556
"Bhili/Bhilodi","03",42,7,0.000188371461884986
"Kabui","07",42,6,0.000188371461884986
"Anal","28",42,1,0.000188371461884986
"Dogri","35",42,2,0.000188371461884986
"Tangkhul","12",41,7,0.0001838864270782
"Miri/Mishing","17",41,2,0.0001838864270782
"Bishnupuriya","19",41,5,0.0001838864270782
"Kuki","06",40,4,0.000179401392271415
"Coorgi/Kodagu","07",40,3,0.000179401392271415
"Kisan","20",40,6,0.000179401392271415
"Kabui","29",40,5,0.000179401392271415
"Lepcha","29",40,3,0.000179401392271415
"Miri/Mishing","13",39,4,0.00017491635746463
"Sherpa","29",38,1,0.000170431322657844
"Arabic/Arbi","30",37,2,0.000165946287851059
"Lahnda","33",37,7,0.000165946287851059
"Kabui","15",36,4,0.000161461253044273
"Kinnauri","19",36,5,0.000161461253044273
"Kuki","27",36,7,0.000161461253044273
"English","35",36,2,0.000161461253044273
"Lahnda","09",35,9,0.000156976218237488
"Bhili/Bhilodi","05",34,4,0.000152491183430703
"Maring","13",34,3,0.000152491183430703
"Kom","17",34,2,0.000152491183430703
"Lahnda","29",34,9,0.000152491183430703
"Sangtam","35",34,1,0.000152491183430703
"English","12",33,8,0.000148006148623917
"Lotha","19",33,5,0.000148006148623917
"Koch","24",33,4,0.000148006148623917
"Khandeshi","28",33,4,0.000148006148623917
"Arabic/Arbi","04",32,1,0.000143521113817132
"Mishmi","04",32,1,0.000143521113817132
"Hmar","07",32,1,0.000143521113817132
"Sema","19",32,5,0.000143521113817132
"Mishmi","29",32,3,0.000143521113817132
"Sangtam","05",31,1,0.000139036079010347
"Mishmi","13",31,3,0.000139036079010347
"Vaiphei","13",31,5,0.000139036079010347
"Hmar","19",31,4,0.000139036079010347
"Anal","02",30,2,0.000134551044203561
"Lahnda","19",30,4,0.000134551044203561
"Afghani/Kabuli/Pashto","20",30,4,0.000134551044203561
"Afghani/Kabuli/Pashto","14",29,5,0.000130066009396776
"Monpa","19",29,5,0.000130066009396776
"Vaiphei","19",29,4,0.000130066009396776
"Persian","24",29,4,0.000130066009396776
"Karbi / Mikir","33",29,1,0.000130066009396776
"Phom","06",28,2,0.00012558097458999
"Lotha","07",28,4,0.00012558097458999
"Sema","07",28,4,0.00012558097458999
"Nicobarese","19",28,3,0.00012558097458999
"Tangkhul","19",27,4,0.000121095939783205
"Yimchungre","18",26,2,0.00011661090497642
"Khandeshi","19",26,10,0.00011661090497642
"Kisan","22",26,3,0.00011661090497642
"Lotha","29",26,2,0.00011661090497642
"Coorgi/Kodagu","30",26,2,0.00011661090497642
"Lahnda","30",26,1,0.00011661090497642
"Anal","07",25,3,0.000112125870169634
"Kuki","09",25,3,0.000112125870169634
"Tangkhul","15",25,6,0.000112125870169634
"Nicobarese","33",25,1,0.000112125870169634
"Bishnupuriya","15",24,4,0.000107640835362849
"Anal","27",24,9,0.000107640835362849
"Khandeshi","29",24,6,0.000107640835362849
"Kinnauri","06",23,4,0.000103155800556064
"Rai","08",23,1,0.000103155800556064
"Lepcha","12",23,7,0.000103155800556064
"Rai","14",23,1,0.000103155800556064
"Rabha","27",23,6,0.000103155800556064
"Anal","32",23,6,0.000103155800556064
"Coorgi/Kodagu","01",22,4,9.86707657492782e-05
"Afghani/Kabuli/Pashto","03",22,3,9.86707657492782e-05
"Sanskrit","04",22,1,9.86707657492782e-05
"Dimasa","07",22,4,9.86707657492782e-05
"Dimasa","15",22,5,9.86707657492782e-05
"Tangkhul","16",22,3,9.86707657492782e-05
"Lepcha","17",22,1,9.86707657492782e-05
"Karbi / Mikir","19",22,3,9.86707657492782e-05
"Sema","01",21,5,9.41857309424928e-05
"Sema","12",21,6,9.41857309424928e-05
"Dimasa","14",21,2,9.41857309424928e-05
"Zeliang","17",21,1,9.41857309424928e-05
"Simte","18",21,5,9.41857309424928e-05
"Coorgi/Kodagu","19",21,7,9.41857309424928e-05
"Tangkhul","04",20,1,8.97006961357075e-05
"Anal","06",20,4,8.97006961357075e-05
"Maring","07",20,2,8.97006961357075e-05
"Bhili/Bhilodi","12",20,5,8.97006961357075e-05
"Mogh","12",20,3,8.97006961357075e-05
"Kom","13",20,1,8.97006961357075e-05
"Rabha","13",20,2,8.97006961357075e-05
"Sherpa","17",20,3,8.97006961357075e-05
"Kuki","21",20,3,8.97006961357075e-05
"Rabha","21",20,2,8.97006961357075e-05
"Liangmei","32",20,4,8.97006961357075e-05
"Coorgi/Kodagu","03",19,6,8.52156613289221e-05
"Simte","07",19,2,8.52156613289221e-05
"Vaiphei","07",19,2,8.52156613289221e-05
"Anal","11",19,1,8.52156613289221e-05
"Mishmi","19",19,2,8.52156613289221e-05
"Zou","19",19,3,8.52156613289221e-05
"Liangmei","24",19,5,8.52156613289221e-05
"Liangmei","27",19,4,8.52156613289221e-05
"Rabha","28",19,3,8.52156613289221e-05
"Anal","29",19,3,8.52156613289221e-05
"Kinnauri","01",18,5,8.07306265221367e-05
"Dimasa","12",18,6,8.07306265221367e-05
"Hmar","12",18,2,8.07306265221367e-05
"Arabic/Arbi","13",18,2,8.07306265221367e-05
"Halabi","29",18,1,8.07306265221367e-05
"Liangmei","29",18,4,8.07306265221367e-05
"Persian","01",17,2,7.62455917153513e-05
"Sanskrit","01",17,4,7.62455917153513e-05
"Konyak","05",17,1,7.62455917153513e-05
"Bishnupuriya","07",17,1,7.62455917153513e-05
"Monpa","07",17,2,7.62455917153513e-05
"Koch","08",17,2,7.62455917153513e-05
"Hmar","11",17,1,7.62455917153513e-05
"Limbu","16",17,2,7.62455917153513e-05
"Bhili/Bhilodi","17",17,2,7.62455917153513e-05
"Rai","17",17,2,7.62455917153513e-05
"Lahnda","18",17,3,7.62455917153513e-05
"Limbu","27",17,5,7.62455917153513e-05
"Tangsa","29",17,5,7.62455917153513e-05
"Halabi","07",16,3,7.1760556908566e-05
"Kabui","12",16,3,7.1760556908566e-05
"Wancho","13",16,3,7.1760556908566e-05
"Lotha","14",16,3,7.1760556908566e-05
"Rai","15",16,5,7.1760556908566e-05
"Rai","16",16,1,7.1760556908566e-05
"Khandeshi","18",16,4,7.1760556908566e-05
"Kom","19",16,4,7.1760556908566e-05
"Kolami","20",16,2,7.1760556908566e-05
"Bishnupuriya","27",16,2,7.1760556908566e-05
"Zou","07",15,2,6.72755221017806e-05
"Korwa","08",15,1,6.72755221017806e-05
"Tangsa","08",15,2,6.72755221017806e-05
"Sema","14",15,4,6.72755221017806e-05
"Liangmei","17",15,1,6.72755221017806e-05
"Parji","20",15,1,6.72755221017806e-05
"Hmar","27",15,5,6.72755221017806e-05
"Koch","29",15,4,6.72755221017806e-05
"Koch","01",14,2,6.27904872949952e-05
"Korwa","05",14,2,6.27904872949952e-05
"Khandeshi","06",14,5,6.27904872949952e-05
"Tangkhul","11",14,2,6.27904872949952e-05
"Korwa","12",14,4,6.27904872949952e-05
"Hmar","13",14,3,6.27904872949952e-05
"Mogh","17",14,2,6.27904872949952e-05
"Shina","18",14,1,6.27904872949952e-05
"Zou","27",14,2,6.27904872949952e-05
"Korwa","33",14,4,6.27904872949952e-05
"Pochury","01",13,3,5.83054524882098e-05
"Tangkhul","01",13,3,5.83054524882098e-05
"Kinnauri","03",13,4,5.83054524882098e-05
"Nicobarese","06",13,2,5.83054524882098e-05
"Limbu","13",13,3,5.83054524882098e-05
"Karbi / Mikir","14",13,4,5.83054524882098e-05
"Karbi / Mikir","16",13,2,5.83054524882098e-05
"Pawi","17",13,1,5.83054524882098e-05
"Lepcha","18",13,4,5.83054524882098e-05
"Liangmei","18",13,4,5.83054524882098e-05
"Sangtam","18",13,4,5.83054524882098e-05
"Zeliang","18",13,2,5.83054524882098e-05
"Zou","18",13,4,5.83054524882098e-05
"Mogh","22",13,2,5.83054524882098e-05
"Dogri","25",13,1,5.83054524882098e-05
"Karbi / Mikir","27",13,1,5.83054524882098e-05
"Kuki","28",13,3,5.83054524882098e-05
"Kuki","03",12,4,5.38204176814245e-05
"Sema","05",12,2,5.38204176814245e-05
"Sangtam","07",12,3,5.38204176814245e-05
"Konyak","17",12,1,5.38204176814245e-05
"Kom","18",12,5,5.38204176814245e-05
"Wancho","19",12,2,5.38204176814245e-05
"Bishnupuriya","20",12,1,5.38204176814245e-05
"Dimasa","27",12,4,5.38204176814245e-05
"Mishmi","27",12,5,5.38204176814245e-05
"Mogh","27",12,3,5.38204176814245e-05
"Nicobarese","27",12,5,5.38204176814245e-05
"Dogri","34",12,2,5.38204176814245e-05
"Coorgi/Kodagu","35",12,1,5.38204176814245e-05
"Anal","01",11,2,4.93353828746391e-05
"Tangkhul","05",11,2,4.93353828746391e-05
"Liangmei","07",11,3,4.93353828746391e-05
"Anal","12",11,4,4.93353828746391e-05
"Rai","13",11,2,4.93353828746391e-05
"Lakher","17",11,1,4.93353828746391e-05
"Coorgi/Kodagu","18",11,3,4.93353828746391e-05
"Konyak","19",11,3,4.93353828746391e-05
"Anal","20",11,4,4.93353828746391e-05
"Anal","23",11,4,4.93353828746391e-05
"Kinnauri","23",11,4,4.93353828746391e-05
"Pawi","27",11,3,4.93353828746391e-05
"Shina","28",11,2,4.93353828746391e-05
"Korwa","32",11,2,4.93353828746391e-05
"Persian","04",10,1,4.48503480678537e-05
"Kuki","05",10,3,4.48503480678537e-05
"Persian","05",10,2,4.48503480678537e-05
"Bishnupuriya","09",10,4,4.48503480678537e-05
"Bishnupuriya","11",10,1,4.48503480678537e-05
"Sema","11",10,3,4.48503480678537e-05
"Lalung","12",10,4,4.48503480678537e-05
"Vaiphei","12",10,4,4.48503480678537e-05
"Monpa","13",10,3,4.48503480678537e-05
"Nicobarese","13",10,2,4.48503480678537e-05
"Dimasa","16",10,3,4.48503480678537e-05
"Afghani/Kabuli/Pashto","17",10,2,4.48503480678537e-05
"Maring","18",10,1,4.48503480678537e-05
"Halabi","19",10,1,4.48503480678537e-05
"Rai","21",10,2,4.48503480678537e-05
"Sanskrit","25",10,1,4.48503480678537e-05
"Sema","27",10,3,4.48503480678537e-05
"Limbu","29",10,3,4.48503480678537e-05
"Parji","33",10,2,4.48503480678537e-05
"Persian","35",10,1,4.48503480678537e-05
"Bishnupuriya","01",9,3,4.03653132610684e-05
"Hmar","01",9,1,4.03653132610684e-05
"Pochury","02",9,2,4.03653132610684e-05
"Korwa","07",9,3,4.03653132610684e-05
"Halabi","08",9,2,4.03653132610684e-05
"Coorgi/Kodagu","09",9,3,4.03653132610684e-05
"Koch","12",9,3,4.03653132610684e-05
"Zou","12",9,2,4.03653132610684e-05
"Pawi","13",9,1,4.03653132610684e-05
"Zou","13",9,2,4.03653132610684e-05
"Yimchungre","16",9,2,4.03653132610684e-05
"Arabic/Arbi","17",9,2,4.03653132610684e-05
"Khandeshi","17",9,2,4.03653132610684e-05
"Anal","18",9,4,4.03653132610684e-05
"Kabui","19",9,2,4.03653132610684e-05
"Kuki","22",9,2,4.03653132610684e-05
"Chakru/Chokri","23",9,1,4.03653132610684e-05
"Mishmi","23",9,2,4.03653132610684e-05
"Pawi","23",9,1,4.03653132610684e-05
"Lotha","27",9,5,4.03653132610684e-05
"Tangkhul","27",9,3,4.03653132610684e-05
"Kabui","28",9,2,4.03653132610684e-05
"Kuki","29",9,2,4.03653132610684e-05
"Mishmi","01",8,2,3.5880278454283e-05
"Kom","07",8,3,3.5880278454283e-05
"Lepcha","08",8,2,3.5880278454283e-05
"Lahnda","10",8,3,3.5880278454283e-05
"Lepcha","13",8,4,3.5880278454283e-05
"Parji","13",8,2,3.5880278454283e-05
"Rabha","15",8,4,3.5880278454283e-05
"Kabui","16",8,2,3.5880278454283e-05
"Sema","16",8,2,3.5880278454283e-05
"Sangtam","17",8,1,3.5880278454283e-05
"Wancho","17",8,2,3.5880278454283e-05
"Afghani/Kabuli/Pashto","22",8,4,3.5880278454283e-05
"Rai","22",8,1,3.5880278454283e-05
"Koch","23",8,1,3.5880278454283e-05
"Anal","24",8,3,3.5880278454283e-05
"Chakru/Chokri","24",8,3,3.5880278454283e-05
"Kuki","24",8,3,3.5880278454283e-05
"Kabui","27",8,3,3.5880278454283e-05
"Halabi","28",8,2,3.5880278454283e-05
"Tangkhul","29",8,2,3.5880278454283e-05
"Yimchungre","29",8,1,3.5880278454283e-05
"Koch","33",8,1,3.5880278454283e-05
"Persian","33",8,2,3.5880278454283e-05
"Tangkhul","33",8,2,3.5880278454283e-05
"Lotha","01",7,2,3.13952436474976e-05
"Tangkhul","03",7,2,3.13952436474976e-05
"Halabi","06",7,2,3.13952436474976e-05
"Lepcha","07",7,1,3.13952436474976e-05
"Coorgi/Kodagu","08",7,1,3.13952436474976e-05
"Lotha","11",7,2,3.13952436474976e-05
"Mogh","11",7,3,3.13952436474976e-05
"Monpa","11",7,1,3.13952436474976e-05
"Wancho","11",7,1,3.13952436474976e-05
"Chakhesang","12",7,1,3.13952436474976e-05
"Lotha","15",7,3,3.13952436474976e-05
"Chakru/Chokri","17",7,1,3.13952436474976e-05
"Coorgi/Kodagu","17",7,2,3.13952436474976e-05
"Chakru/Chokri","18",7,6,3.13952436474976e-05
"Kinnauri","18",7,1,3.13952436474976e-05
"Sangtam","19",7,2,3.13952436474976e-05
"Lepcha","23",7,2,3.13952436474976e-05
"Chakhesang","27",7,5,3.13952436474976e-05
"Lepcha","27",7,2,3.13952436474976e-05
"Dimasa","28",7,3,3.13952436474976e-05
"Kinnauri","28",7,4,3.13952436474976e-05
"Korwa","28",7,1,3.13952436474976e-05
"Kom","29",7,1,3.13952436474976e-05
"Rabha","29",7,2,3.13952436474976e-05
"Sema","29",7,1,3.13952436474976e-05
"Korku","30",7,2,3.13952436474976e-05
"Kuki","30",7,1,3.13952436474976e-05
"Zou","01",6,2,2.69102088407122e-05
"Coorgi/Kodagu","06",6,1,2.69102088407122e-05
"Lepcha","06",6,2,2.69102088407122e-05
"Pawi","06",6,1,2.69102088407122e-05
"Simte","06",6,2,2.69102088407122e-05
"Tangkhul","06",6,1,2.69102088407122e-05
"Chakru/Chokri","07",6,2,2.69102088407122e-05
"Konyak","07",6,2,2.69102088407122e-05
"Dimasa","09",6,1,2.69102088407122e-05
"Kabui","09",6,1,2.69102088407122e-05
"Korwa","09",6,4,2.69102088407122e-05
"Lotha","12",6,4,2.69102088407122e-05
"Simte","12",6,2,2.69102088407122e-05
"Juang","13",6,1,2.69102088407122e-05
"Simte","13",6,2,2.69102088407122e-05
"Miri/Mishing","14",6,2,2.69102088407122e-05
"Sangtam","14",6,2,2.69102088407122e-05
"Sanskrit","15",6,2,2.69102088407122e-05
"Lakher","16",6,1,2.69102088407122e-05
"Lalung","16",6,2,2.69102088407122e-05
"Sherpa","16",6,2,2.69102088407122e-05
"Tangsa","16",6,2,2.69102088407122e-05
"Chakhesang","17",6,1,2.69102088407122e-05
"Phom","17",6,1,2.69102088407122e-05
"Korku","18",6,1,2.69102088407122e-05
"Miri/Mishing","20",6,2,2.69102088407122e-05
"Mishmi","22",6,1,2.69102088407122e-05
"Dimasa","23",6,3,2.69102088407122e-05
"Phom","27",6,2,2.69102088407122e-05
"Zeliang","27",6,3,2.69102088407122e-05
"Hmar","28",6,1,2.69102088407122e-05
"Korku","28",6,2,2.69102088407122e-05
"Pochury","28",6,1,2.69102088407122e-05
"Koya","29",6,2,2.69102088407122e-05
"Shina","29",6,3,2.69102088407122e-05
"Kisan","30",6,1,2.69102088407122e-05
"Mishmi","33",6,4,2.69102088407122e-05
"Khandeshi","35",6,1,2.69102088407122e-05
"Kabui","01",5,3,2.24251740339269e-05
"Karbi / Mikir","01",5,3,2.24251740339269e-05
"Konyak","01",5,1,2.24251740339269e-05
"Koya","02",5,1,2.24251740339269e-05
"Pawi","02",5,1,2.24251740339269e-05
"Bishnupuriya","03",5,2,2.24251740339269e-05
"Afghani/Kabuli/Pashto","04",5,1,2.24251740339269e-05
"Kabui","05",5,1,2.24251740339269e-05
"Maring","05",5,1,2.24251740339269e-05
"Koch","06",5,2,2.24251740339269e-05
"Rai","06",5,1,2.24251740339269e-05
"Chakhesang","07",5,2,2.24251740339269e-05
"Korku","07",5,1,2.24251740339269e-05
"Sherpa","07",5,2,2.24251740339269e-05
"Sherpa","08",5,1,2.24251740339269e-05
"Kisan","10",5,1,2.24251740339269e-05
"Mishmi","11",5,1,2.24251740339269e-05
"Tangsa","11",5,1,2.24251740339269e-05
"Lahnda","13",5,3,2.24251740339269e-05
"Sanskrit","13",5,1,2.24251740339269e-05
"Lepcha","14",5,2,2.24251740339269e-05
"Zeliang","14",5,2,2.24251740339269e-05
"Liangmei","15",5,3,2.24251740339269e-05
"Lepcha","16",5,3,2.24251740339269e-05
"Persian","16",5,1,2.24251740339269e-05
"Lahnda","17",5,1,2.24251740339269e-05
"Pochury","18",5,2,2.24251740339269e-05
"Liangmei","19",5,1,2.24251740339269e-05
"Maring","19",5,1,2.24251740339269e-05
"Miri/Mishing","19",5,2,2.24251740339269e-05
"Karbi / Mikir","20",5,1,2.24251740339269e-05
"Shina","20",5,2,2.24251740339269e-05
"Liangmei","21",5,1,2.24251740339269e-05
"Pawi","22",5,1,2.24251740339269e-05
"Kisan","23",5,1,2.24251740339269e-05
"Parji","23",5,2,2.24251740339269e-05
"Koya","24",5,1,2.24251740339269e-05
"Limbu","26",5,1,2.24251740339269e-05
"Koch","27",5,5,2.24251740339269e-05
"Koch","28",5,2,2.24251740339269e-05
"Maring","28",5,1,2.24251740339269e-05
"Korku","29",5,2,2.24251740339269e-05
"Miri/Mishing","29",5,3,2.24251740339269e-05
"Sanskrit","34",5,1,2.24251740339269e-05
"Mogh","35",5,1,2.24251740339269e-05
"Pochury","35",5,1,2.24251740339269e-05
"Vaiphei","01",4,2,1.79401392271415e-05
"Rai","02",4,1,1.79401392271415e-05
"Sema","02",4,1,1.79401392271415e-05
"Kom","06",4,2,1.79401392271415e-05
"Lalung","06",4,1,1.79401392271415e-05
"Parji","06",4,1,1.79401392271415e-05
"Karbi / Mikir","08",4,1,1.79401392271415e-05
"Kuki","08",4,1,1.79401392271415e-05
"Anal","09",4,1,1.79401392271415e-05
"Miri/Mishing","09",4,1,1.79401392271415e-05
"Mishmi","09",4,3,1.79401392271415e-05
"Karbi / Mikir","11",4,1,1.79401392271415e-05
"Sangtam","11",4,2,1.79401392271415e-05
"Zou","11",4,1,1.79401392271415e-05
"Korku","12",4,1,1.79401392271415e-05
"Phom","12",4,1,1.79401392271415e-05
"Pochury","12",4,1,1.79401392271415e-05
"Coorgi/Kodagu","13",4,2,1.79401392271415e-05
"Koch","13",4,2,1.79401392271415e-05
"Chakru/Chokri","14",4,3,1.79401392271415e-05
"Limbu","14",4,1,1.79401392271415e-05
"Karbi / Mikir","15",4,1,1.79401392271415e-05
"Kinnauri","15",4,1,1.79401392271415e-05
"Sema","15",4,3,1.79401392271415e-05
"Sherpa","15",4,1,1.79401392271415e-05
"Simte","16",4,2,1.79401392271415e-05
"Dimasa","19",4,1,1.79401392271415e-05
"Pawi","19",4,1,1.79401392271415e-05
"Monpa","20",4,2,1.79401392271415e-05
"Tangkhul","20",4,1,1.79401392271415e-05
"Korku","21",4,2,1.79401392271415e-05
"Lotha","21",4,1,1.79401392271415e-05
"Pochury","21",4,1,1.79401392271415e-05
"Bishnupuriya","22",4,1,1.79401392271415e-05
"Tangsa","23",4,2,1.79401392271415e-05
"Coorgi/Kodagu","24",4,3,1.79401392271415e-05
"Dimasa","24",4,3,1.79401392271415e-05
"Parji","24",4,1,1.79401392271415e-05
"Tangkhul","24",4,1,1.79401392271415e-05
"Khandeshi","25",4,1,1.79401392271415e-05
"Jatapu","27",4,2,1.79401392271415e-05
"Vaiphei","27",4,2,1.79401392271415e-05
"Yimchungre","27",4,1,1.79401392271415e-05
"Bishnupuriya","28",4,1,1.79401392271415e-05
"Lepcha","30",4,1,1.79401392271415e-05
"Persian","32",4,2,1.79401392271415e-05
"Kabui","33",4,2,1.79401392271415e-05
"Kinnauri","33",4,3,1.79401392271415e-05
"Coorgi/Kodagu","34",4,1,1.79401392271415e-05
"Korwa","35",4,1,1.79401392271415e-05
"Lepcha","01",3,2,1.34551044203561e-05
"Nicobarese","01",3,2,1.34551044203561e-05
"Sherpa","01",3,3,1.34551044203561e-05
"Wancho","01",3,3,1.34551044203561e-05
"Nicobarese","03",3,1,1.34551044203561e-05
"Sema","04",3,1,1.34551044203561e-05
"Kom","05",3,2,1.34551044203561e-05
"Lepcha","05",3,1,1.34551044203561e-05
"Lotha","05",3,2,1.34551044203561e-05
"Balti","07",3,1,1.34551044203561e-05
"Mishmi","07",3,2,1.34551044203561e-05
"Anal","08",3,2,1.34551044203561e-05
"Monpa","08",3,2,1.34551044203561e-05
"Rabha","08",3,2,1.34551044203561e-05
"Koch","09",3,3,1.34551044203561e-05
"Afghani/Kabuli/Pashto","10",3,1,1.34551044203561e-05
"Rabha","11",3,2,1.34551044203561e-05
"Sanskrit","11",3,1,1.34551044203561e-05
"Jatapu","12",3,1,1.34551044203561e-05
"Sherpa","13",3,1,1.34551044203561e-05
"Monpa","14",3,3,1.34551044203561e-05
"Phom","14",3,2,1.34551044203561e-05
"Pochury","14",3,1,1.34551044203561e-05
"Anal","15",3,3,1.34551044203561e-05
"Miri/Mishing","15",3,1,1.34551044203561e-05
"Pochury","15",3,2,1.34551044203561e-05
"Kom","16",3,1,1.34551044203561e-05
"Miri/Mishing","16",3,2,1.34551044203561e-05
"Mishmi","16",3,1,1.34551044203561e-05
"Vaiphei","16",3,1,1.34551044203561e-05
"Phom","20",3,1,1.34551044203561e-05
"Rabha","20",3,1,1.34551044203561e-05
"Coorgi/Kodagu","21",3,1,1.34551044203561e-05
"Dimasa","21",3,2,1.34551044203561e-05
"Kuki","23",3,2,1.34551044203561e-05
"Rai","23",3,1,1.34551044203561e-05
"Koch","25",3,1,1.34551044203561e-05
"Korku","26",3,1,1.34551044203561e-05
"Liangmei","28",3,2,1.34551044203561e-05
"Limbu","28",3,2,1.34551044203561e-05
"Bishnupuriya","29",3,3,1.34551044203561e-05
"Jatapu","29",3,2,1.34551044203561e-05
"Halabi","30",3,1,1.34551044203561e-05
"Nicobarese","30",3,1,1.34551044203561e-05
"Nepali","31",3,1,1.34551044203561e-05
"Simte","32",3,3,1.34551044203561e-05
"Kuki","33",3,1,1.34551044203561e-05
"Limbu","33",3,1,1.34551044203561e-05
"Pochury","33",3,3,1.34551044203561e-05
"Sema","33",3,2,1.34551044203561e-05
"Arabic/Arbi","34",3,2,1.34551044203561e-05
"Lahnda","34",3,1,1.34551044203561e-05
"Nicobarese","34",3,1,1.34551044203561e-05
"Chakru/Chokri","35",3,1,1.34551044203561e-05
"Kuki","35",3,1,1.34551044203561e-05
"Dimasa","01",2,1,8.97006961357075e-06
"Khiemnungan","01",2,1,8.97006961357075e-06
"Kom","01",2,1,8.97006961357075e-06
"Mogh","01",2,2,8.97006961357075e-06
"Kuki","02",2,1,8.97006961357075e-06
"Mishmi","02",2,1,8.97006961357075e-06
"Anal","03",2,2,8.97006961357075e-06
"Shina","03",2,2,8.97006961357075e-06
"Wancho","03",2,1,8.97006961357075e-06
"Bhili/Bhilodi","04",2,1,8.97006961357075e-06
"Nicobarese","04",2,1,8.97006961357075e-06
"Bishnupuriya","05",2,1,8.97006961357075e-06
"Chakhesang","05",2,1,8.97006961357075e-06
"Chakru/Chokri","06",2,1,8.97006961357075e-06
"Kabui","06",2,2,8.97006961357075e-06
"Liangmei","06",2,1,8.97006961357075e-06
"Lotha","06",2,1,8.97006961357075e-06
"Maring","06",2,1,8.97006961357075e-06
"Jatapu","07",2,1,8.97006961357075e-06
"Limbu","07",2,2,8.97006961357075e-06
"Phom","07",2,2,8.97006961357075e-06
"Wancho","07",2,2,8.97006961357075e-06
"Liangmei","08",2,1,8.97006961357075e-06
"Nicobarese","09",2,1,8.97006961357075e-06
"Shina","09",2,2,8.97006961357075e-06
"Koch","10",2,2,8.97006961357075e-06
"Mogh","10",2,2,8.97006961357075e-06
"Kabui","11",2,1,8.97006961357075e-06
"Koch","11",2,2,8.97006961357075e-06
"Maring","11",2,1,8.97006961357075e-06
"Vaiphei","11",2,2,8.97006961357075e-06
"Chakru/Chokri","12",2,2,8.97006961357075e-06
"Coorgi/Kodagu","12",2,1,8.97006961357075e-06
"Kisan","12",2,2,8.97006961357075e-06
"Kom","12",2,1,8.97006961357075e-06
"Persian","12",2,2,8.97006961357075e-06
"Afghani/Kabuli/Pashto","13",2,2,8.97006961357075e-06
"Korku","13",2,2,8.97006961357075e-06
"Korwa","13",2,2,8.97006961357075e-06
"Mogh","14",2,1,8.97006961357075e-06
"Nicobarese","14",2,1,8.97006961357075e-06
"Chakhesang","15",2,2,8.97006961357075e-06
"Halabi","15",2,1,8.97006961357075e-06
"Zeliang","15",2,1,8.97006961357075e-06
"Coorgi/Kodagu","16",2,1,8.97006961357075e-06
"Pochury","17",2,1,8.97006961357075e-06
"Lakher","18",2,2,8.97006961357075e-06
"Nicobarese","18",2,2,8.97006961357075e-06
"Chakhesang","19",2,1,8.97006961357075e-06
"Simte","19",2,2,8.97006961357075e-06
"Jatapu","20",2,1,8.97006961357075e-06
"Kabui","20",2,2,8.97006961357075e-06
"Lepcha","20",2,1,8.97006961357075e-06
"Lotha","20",2,1,8.97006961357075e-06
"Koch","21",2,2,8.97006961357075e-06
"Monpa","21",2,1,8.97006961357075e-06
"Kinnauri","22",2,1,8.97006961357075e-06
"Koch","22",2,2,8.97006961357075e-06
"Tangkhul","22",2,1,8.97006961357075e-06
"Tangkhul","23",2,2,8.97006961357075e-06
"Korku","24",2,1,8.97006961357075e-06
"Rai","24",2,1,8.97006961357075e-06
"Nicobarese","25",2,1,8.97006961357075e-06
"Anal","26",2,1,8.97006961357075e-06
"Koch","26",2,1,8.97006961357075e-06
"Rai","26",2,1,8.97006961357075e-06
"Kom","27",2,2,8.97006961357075e-06
"Koya","27",2,1,8.97006961357075e-06
"Maring","27",2,2,8.97006961357075e-06
"Miri/Mishing","27",2,2,8.97006961357075e-06
"Sangtam","27",2,1,8.97006961357075e-06
"Wancho","27",2,1,8.97006961357075e-06
"Sangtam","28",2,1,8.97006961357075e-06
"Dimasa","29",2,2,8.97006961357075e-06
"Mogh","29",2,1,8.97006961357075e-06
"Parji","29",2,1,8.97006961357075e-06
"Rai","29",2,2,8.97006961357075e-06
"Zeliang","29",2,2,8.97006961357075e-06
"Parji","30",2,1,8.97006961357075e-06
"Sherpa","30",2,1,8.97006961357075e-06
"Tangsa","30",2,1,8.97006961357075e-06
"Lahnda","31",2,1,8.97006961357075e-06
"Bishnupuriya","32",2,2,8.97006961357075e-06
"Kuki","32",2,2,8.97006961357075e-06
"Sema","32",2,2,8.97006961357075e-06
"Halabi","33",2,1,8.97006961357075e-06
"Liangmei","33",2,1,8.97006961357075e-06
"Miri/Mishing","33",2,2,8.97006961357075e-06
"Bhili/Bhilodi","34",2,1,8.97006961357075e-06
"Sema","34",2,1,8.97006961357075e-06
"Arabic/Arbi","35",2,1,8.97006961357075e-06
"Chakru/Chokri","01",1,1,4.48503480678537e-06
"Maring","01",1,1,4.48503480678537e-06
"Phom","01",1,1,4.48503480678537e-06
"Rabha","01",1,1,4.48503480678537e-06
"Sangtam","01",1,1,4.48503480678537e-06
"Simte","01",1,1,4.48503480678537e-06
"Yimchungre","01",1,1,4.48503480678537e-06
"Zeliang","01",1,1,4.48503480678537e-06
"Kolami","02",1,1,4.48503480678537e-06
"Korku","02",1,1,4.48503480678537e-06
"Monpa","02",1,1,4.48503480678537e-06
"Persian","02",1,1,4.48503480678537e-06
"Tangsa","02",1,1,4.48503480678537e-06
"Halabi","03",1,1,4.48503480678537e-06
"Koch","03",1,1,4.48503480678537e-06
"Korwa","03",1,1,4.48503480678537e-06
"Miri/Mishing","03",1,1,4.48503480678537e-06
"Mishmi","03",1,1,4.48503480678537e-06
"Monpa","03",1,1,4.48503480678537e-06
"Pochury","03",1,1,4.48503480678537e-06
"Rabha","03",1,1,4.48503480678537e-06
"Rai","03",1,1,4.48503480678537e-06
"Vaiphei","03",1,1,4.48503480678537e-06
"Anal","04",1,1,4.48503480678537e-06
"Coorgi/Kodagu","04",1,1,4.48503480678537e-06
"Kabui","04",1,1,4.48503480678537e-06
"Wancho","04",1,1,4.48503480678537e-06
"Chakru/Chokri","05",1,1,4.48503480678537e-06
"Coorgi/Kodagu","05",1,1,4.48503480678537e-06
"Jatapu","05",1,1,4.48503480678537e-06
"Juang","05",1,1,4.48503480678537e-06
"Koya","05",1,1,4.48503480678537e-06
"Mishmi","05",1,1,4.48503480678537e-06
"Nicobarese","05",1,1,4.48503480678537e-06
"Vaiphei","05",1,1,4.48503480678537e-06
"Yimchungre","05",1,1,4.48503480678537e-06
"Balti","06",1,1,4.48503480678537e-06
"Mishmi","06",1,1,4.48503480678537e-06
"Rabha","06",1,1,4.48503480678537e-06
"Sema","06",1,1,4.48503480678537e-06
"Shina","06",1,1,4.48503480678537e-06
"Wancho","06",1,1,4.48503480678537e-06
"Zeliang","06",1,1,4.48503480678537e-06
"Lakher","07",1,1,4.48503480678537e-06
"Miri/Mishing","07",1,1,4.48503480678537e-06
"Nicobarese","07",1,1,4.48503480678537e-06
"Shina","07",1,1,4.48503480678537e-06
"Tangsa","07",1,1,4.48503480678537e-06
"Zeliang","07",1,1,4.48503480678537e-06
"Kabui","08",1,1,4.48503480678537e-06
"Kinnauri","08",1,1,4.48503480678537e-06
"Mishmi","08",1,1,4.48503480678537e-06
"Sema","08",1,1,4.48503480678537e-06
"Tangkhul","08",1,1,4.48503480678537e-06
"Vaiphei","08",1,1,4.48503480678537e-06
"Yimchungre","08",1,1,4.48503480678537e-06
"Karbi / Mikir","09",1,1,4.48503480678537e-06
"Kom","09",1,1,4.48503480678537e-06
"Lepcha","09",1,1,4.48503480678537e-06
"Pawi","09",1,1,4.48503480678537e-06
"Sangtam","09",1,1,4.48503480678537e-06
"Tangkhul","09",1,1,4.48503480678537e-06
"Tangsa","09",1,1,4.48503480678537e-06
"Vaiphei","09",1,1,4.48503480678537e-06
"Bishnupuriya","10",1,1,4.48503480678537e-06
"Khandeshi","10",1,1,4.48503480678537e-06
"Rai","10",1,1,4.48503480678537e-06
"Sherpa","10",1,1,4.48503480678537e-06
"Dimasa","11",1,1,4.48503480678537e-06
"Khandeshi","11",1,1,4.48503480678537e-06
"Lalung","11",1,1,4.48503480678537e-06
"Nicobarese","11",1,1,4.48503480678537e-06
"Simte","11",1,1,4.48503480678537e-06
"Zeliang","11",1,1,4.48503480678537e-06
"Khandeshi","12",1,1,4.48503480678537e-06
"Khiemnungan","12",1,1,4.48503480678537e-06
"Konyak","12",1,1,4.48503480678537e-06
"Lahnda","12",1,1,4.48503480678537e-06
"Liangmei","12",1,1,4.48503480678537e-06
"Parji","12",1,1,4.48503480678537e-06
"Pawi","12",1,1,4.48503480678537e-06
"Sanskrit","12",1,1,4.48503480678537e-06
"Yimchungre","12",1,1,4.48503480678537e-06
"Jatapu","13",1,1,4.48503480678537e-06
"Kolami","13",1,1,4.48503480678537e-06
"Lalung","13",1,1,4.48503480678537e-06
"Shina","13",1,1,4.48503480678537e-06
"Jatapu","14",1,1,4.48503480678537e-06
"Khandeshi","14",1,1,4.48503480678537e-06
"Konyak","14",1,1,4.48503480678537e-06
"Yimchungre","14",1,1,4.48503480678537e-06
"Chakru/Chokri","15",1,1,4.48503480678537e-06
"Lahnda","15",1,1,4.48503480678537e-06
"Lepcha","15",1,1,4.48503480678537e-06
"Limbu","15",1,1,4.48503480678537e-06
"Monpa","15",1,1,4.48503480678537e-06
"Afghani/Kabuli/Pashto","16",1,1,4.48503480678537e-06
"Halabi","16",1,1,4.48503480678537e-06
"Jatapu","16",1,1,4.48503480678537e-06
"Khandeshi","16",1,1,4.48503480678537e-06
"Kinnauri","16",1,1,4.48503480678537e-06
"Koch","16",1,1,4.48503480678537e-06
"Nicobarese","16",1,1,4.48503480678537e-06
"Korwa","17",1,1,4.48503480678537e-06
"Mishmi","17",1,1,4.48503480678537e-06
"Nicobarese","17",1,1,4.48503480678537e-06
"Parji","17",1,1,4.48503480678537e-06
"Sanskrit","17",1,1,4.48503480678537e-06
"Balti","18",1,1,4.48503480678537e-06
"Chakru/Chokri","19",1,1,4.48503480678537e-06
"Phom","19",1,1,4.48503480678537e-06
"Pochury","19",1,1,4.48503480678537e-06
"Shina","19",1,1,4.48503480678537e-06
"Chakru/Chokri","20",1,1,4.48503480678537e-06
"Mishmi","20",1,1,4.48503480678537e-06
"Pochury","20",1,1,4.48503480678537e-06
"Tangsa","20",1,1,4.48503480678537e-06
"Jatapu","21",1,1,4.48503480678537e-06
"Sangtam","21",1,1,4.48503480678537e-06
"Wancho","21",1,1,4.48503480678537e-06
"Kom","22",1,1,4.48503480678537e-06
"Monpa","22",1,1,4.48503480678537e-06
"Bishnupuriya","23",1,1,4.48503480678537e-06
"Karbi / Mikir","23",1,1,4.48503480678537e-06
"Koya","23",1,1,4.48503480678537e-06
"Maring","23",1,1,4.48503480678537e-06
"Sema","23",1,1,4.48503480678537e-06
"Chakhesang","24",1,1,4.48503480678537e-06
"Kinnauri","24",1,1,4.48503480678537e-06
"Kolami","24",1,1,4.48503480678537e-06
"Rabha","24",1,1,4.48503480678537e-06
"Sema","24",1,1,4.48503480678537e-06
"Tangsa","24",1,1,4.48503480678537e-06
"Rai","25",1,1,4.48503480678537e-06
"Korwa","26",1,1,4.48503480678537e-06
"Chakru/Chokri","27",1,1,4.48503480678537e-06
"Monpa","27",1,1,4.48503480678537e-06
"Pochury","27",1,1,4.48503480678537e-06
"Mishmi","28",1,1,4.48503480678537e-06
"Nicobarese","28",1,1,4.48503480678537e-06
"Balti","29",1,1,4.48503480678537e-06
"Kolami","29",1,1,4.48503480678537e-06
"Pochury","29",1,1,4.48503480678537e-06
"Anal","30",1,1,4.48503480678537e-06
"Konyak","30",1,1,4.48503480678537e-06
"Korwa","30",1,1,4.48503480678537e-06
"Lotha","30",1,1,4.48503480678537e-06
"Persian","30",1,1,4.48503480678537e-06
"Zeliang","30",1,1,4.48503480678537e-06
"Zou","30",1,1,4.48503480678537e-06
"English","31",1,1,4.48503480678537e-06
"Kabui","32",1,1,4.48503480678537e-06
"Koya","32",1,1,4.48503480678537e-06
"Miri/Mishing","32",1,1,4.48503480678537e-06
"Nicobarese","32",1,1,4.48503480678537e-06
"Pochury","32",1,1,4.48503480678537e-06
"Shina","32",1,1,4.48503480678537e-06
"Tangkhul","32",1,1,4.48503480678537e-06
"Zou","32",1,1,4.48503480678537e-06
"Dimasa","33",1,1,4.48503480678537e-06
"Konyak","33",1,1,4.48503480678537e-06
"Lepcha","33",1,1,4.48503480678537e-06
"Lotha","33",1,1,4.48503480678537e-06
"Monpa","33",1,1,4.48503480678537e-06
"Zeliang","33",1,1,4.48503480678537e-06
"Kabui","34",1,1,4.48503480678537e-06
"Korwa","34",1,1,4.48503480678537e-06
"Lotha","34",1,1,4.48503480678537e-06
"Parji","34",1,1,4.48503480678537e-06
"Afghani/Kabuli/Pashto","35",1,1,4.48503480678537e-06
"Bhili/Bhilodi","35",1,1,4.48503480678537e-06
