"panel_unit_id","vanneman_state_id","vanneman_district_id","year","version","population","rural_population","main_workers","farm_workers","literates","primary_plus","matriculate_plus","log_population","urban_share","main_worker_share","nonfarm_worker_share_main_workers","literate_share_population","primary_plus_share_population","matriculate_plus_share_population","dist91_state_id","dist91_district_id","state_code_2001","district_code_2001","pretrend_geography_status","preferred_vanneman_pretrend_eligible"
"geo_component_0001",NA,NA,1961,5,1555045,1419103,779846,582443,244279,77295,11565,14.2570150420835,0.0874199781999878,0.501494168979033,0.253130746326839,0.15708805854493,0.0497059570623358,0.00743708381429476,NA,NA,"28",NA,"kumar_somanathan_exact_amalgamation",TRUE
"geo_component_0001",NA,NA,1971,5,1770000,1581573,755215,577991,327745,193082,27122,14.38649010455,0.10645593220339,0.426675141242938,0.234666949146932,0.185166666666667,0.109085875706215,0.0153231638418079,NA,NA,"28",NA,"kumar_somanathan_exact_amalgamation",TRUE
"geo_component_0001",NA,NA,1981,5,1959352,1745948,852235,643766,445209,335776,64780,14.4881243642975,0.108915600667976,0.43495757781144,0.244614454933205,0.227222571544062,0.171370943046477,0.0330619510940352,NA,NA,"28",NA,"kumar_somanathan_exact_amalgamation",TRUE
"geo_component_0001",NA,NA,1991,5,2321126,2030888,1021083,757081,699207,479362,150681,14.6575629707284,0.125041897768583,0.439908475455447,0.258550969901565,0.301236124191448,0.20652131767082,0.0649171996694708,NA,NA,"28",NA,"kumar_somanathan_exact_amalgamation",TRUE
"geo_component_0002",NA,NA,1961,5,1350505,1179994,667500,487467,220311,79008,15844,14.1159891545404,0.126257214893688,0.494259554759146,0.269712359550562,0.163132309765606,0.0585025601534241,0.0117319076937886,NA,NA,"28",NA,"kumar_somanathan_exact_amalgamation",TRUE
"geo_component_0002",NA,NA,1971,5,1589503,1330634,662712,489604,315359,191148,34794,14.2789319467172,0.162861598877133,0.416930323503636,0.261211506657492,0.198401009623763,0.120256457521628,0.0218898611704413,NA,NA,"28",NA,"kumar_somanathan_exact_amalgamation",TRUE
"geo_component_0002",NA,NA,1981,5,1804196,1516697,785283,585881,392277,335444,64237,14.4056256211531,0.159350203636412,0.435253708577117,0.253923744688221,0.217424825240717,0.185924367419061,0.0356042248181461,NA,NA,"28",NA,"kumar_somanathan_exact_amalgamation",TRUE
"geo_component_0002",NA,NA,1991,5,2110943,1747443,960265,696820,607170,425490,129253,14.5626453250448,0.172197922918809,0.454898592714251,0.274346144033157,0.28762974651613,0.201563945592088,0.0612299811032321,NA,NA,"28",NA,"kumar_somanathan_exact_amalgamation",TRUE
"geo_component_0003",NA,NA,1961,5,2327265,1844501,1067561,673914,641334,265879,46108,14.6602043163334,0.20743834501013,0.458719140278395,0.368734901331165,0.275574118117189,0.114245262142472,0.0198120970323534,NA,NA,"28",NA,"kumar_somanathan_exact_amalgamation",TRUE
"geo_component_0003",NA,NA,1971,5,2844488,2133855,1143964,778023,874047,759631,101214,14.8608936444963,0.249828088569894,0.402168685542003,0.319888562926805,0.30727744325165,0.267053684177961,0.0355825020179378,NA,NA,"28",NA,"kumar_somanathan_exact_amalgamation",TRUE
"geo_component_0003",NA,NA,1981,5,3434724,2489022,1500725,1057785,1238404,974595,228417,15.0494471310654,0.275335660157847,0.436927392128159,0.2951506771727,0.360554152240471,0.283747689770706,0.0665022866466127,NA,NA,"28",NA,"kumar_somanathan_exact_amalgamation",TRUE
"geo_component_0003",NA,NA,1991,5,4106999,2920299,1878952,1351680,1620364,1179754,427069,15.2282031494519,0.288945772813677,0.457499989651811,0.28062026065594,0.3945372277909,0.287254513575484,0.10398565960206,NA,NA,"28",NA,"kumar_somanathan_exact_amalgamation",TRUE
"geo_component_0004",NA,NA,1961,5,1671750,1391292,775982,512532,399863,154299,28010,14.3293815399162,0.167763122476447,0.464173470913713,0.3395052978033,0.239188275758935,0.092297891431135,0.0167548975624346,NA,NA,"28",NA,"kumar_somanathan_exact_amalgamation",TRUE
"geo_component_0004",NA,NA,1971,5,1919995,1707367,777207,549173,444597,405475,45001,14.4678331398339,0.110744038395933,0.404796366657205,0.293401886498706,0.231561540524845,0.211185445795432,0.0234380818700049,NA,NA,"28",NA,"kumar_somanathan_exact_amalgamation",TRUE
"geo_component_0004",NA,NA,1981,5,2329571,1980294,1037683,776044,684667,512818,105512,14.661194688418,0.14993189733217,0.445439525131451,0.252137695230624,0.293902611253317,0.22013409335882,0.0452924594270791,NA,NA,"28",NA,"kumar_somanathan_exact_amalgamation",TRUE
"geo_component_0004",NA,NA,1991,5,2759166,2305264,1274570,985582,936048,671858,230702,14.8304390181166,0.164506956087455,0.461940310949033,0.226733721961132,0.3392503386893,0.243500391060197,0.0836129468107392,NA,NA,"28",NA,"kumar_somanathan_exact_amalgamation",TRUE
"geo_component_0005",NA,NA,1961,5,1414094,1258491,667499,448511,298789,104540,19779,14.1619996013055,0.110037239391441,0.472032976591372,0.328072401606594,0.211293591515133,0.0739271929588839,0.013987047537151,NA,NA,"28",NA,"kumar_somanathan_exact_amalgamation",TRUE
"geo_component_0005",NA,NA,1971,5,1627673,1371447,670019,482653,436401,285414,49476,14.3026619454187,0.157418596978631,0.411642264754653,0.279642816099245,0.268113435561074,0.175350945798081,0.0303967688841678,NA,NA,"28",NA,"kumar_somanathan_exact_amalgamation",TRUE
"geo_component_0005",NA,NA,1981,5,2014879,1596490,860928,610761,648006,492976,120949,14.5160697019321,0.207649690130276,0.427285211667797,0.290578306199822,0.321610379581106,0.244667793946932,0.0600279222722556,NA,NA,"28",NA,"kumar_somanathan_exact_amalgamation",TRUE
"geo_component_0005",NA,NA,1991,5,2392260,1823198,1024999,706625,970810,695912,227676,14.6877490837979,0.237876317791544,0.428464715373747,0.310609083521057,0.405812913312098,0.290901490640649,0.095171929472549,NA,NA,"28",NA,"kumar_somanathan_exact_amalgamation",TRUE
"geo_component_0006",NA,NA,1961,5,1900123,1682190,923906,709857,397842,163370,26583,14.4574291788834,0.11469415401003,0.486234838481509,0.231678330912452,0.209376971911818,0.0859786445403797,0.0139901469536446,NA,NA,"28",NA,"kumar_somanathan_exact_amalgamation",TRUE
"geo_component_0006",NA,NA,1971,5,2267480,1962455,931966,720282,576003,365351,64539,14.6341796406459,0.134521583431827,0.41101398909803,0.227137041480054,0.254027819429499,0.161126448744862,0.0284628750859986,NA,NA,"28",NA,"kumar_somanathan_exact_amalgamation",TRUE
"geo_component_0006",NA,NA,1981,5,2737316,2275174,1152579,871760,871844,679011,148956,14.822488436236,0.168830343299787,0.421061726158032,0.243644036547603,0.318503234555309,0.248057221015038,0.05441680828958,NA,NA,"28",NA,"kumar_somanathan_exact_amalgamation",TRUE
"geo_component_0006",NA,NA,1991,5,3261118,2615286,1401633,1018874,1383282,1031413,339564,14.997580639336,0.198040058654731,0.42980137486592,0.273080756517576,0.42417416358439,0.31627589066081,0.104125027061272,NA,NA,"28",NA,"kumar_somanathan_exact_amalgamation",TRUE
"geo_component_0007",NA,NA,1961,5,3109479,2624739,1474176,1066151,656210,212191,40817,14.9499657460059,0.155891067281689,0.474090997237801,0.27678174112182,0.21103535351099,0.0682400492172483,0.0131266363271789,NA,NA,"28",NA,"kumar_somanathan_exact_amalgamation",TRUE
"geo_component_0007",NA,NA,1971,5,3692588,3093155,1522415,1131116,894373,685516,88790,15.1218381251958,0.162334113635207,0.412289429527475,0.25702518695625,0.242207633237177,0.185646489670659,0.0240454662150232,NA,NA,"28",NA,"kumar_somanathan_exact_amalgamation",TRUE
"geo_component_0007",NA,NA,1981,5,4481316,3575896,1881979,1385341,1340876,1018972,214454,15.3154273112551,0.202043328343728,0.419961234601621,0.263891361168217,0.299214784228561,0.227382313588241,0.0478551389814956,NA,NA,"28",NA,"kumar_somanathan_exact_amalgamation",TRUE
"geo_component_0007",NA,NA,1991,5,5451583,4158557,2297522,1664912,2041082,1506258,490420,15.5114165831801,0.237183585024753,0.421441258438145,0.275344479835231,0.374401710475655,0.276297361702096,0.089959191669649,NA,NA,"28",NA,"kumar_somanathan_exact_amalgamation",TRUE
"geo_component_0008",NA,NA,1961,5,1570893,1268869,727285,527413,336276,126402,24241,14.2671548054338,0.192262617504821,0.462975517746912,0.274819362423259,0.214066776031213,0.0804650603191942,0.015431350193807,NA,NA,"28",NA,"kumar_somanathan_exact_amalgamation",TRUE
"geo_component_0008",NA,NA,1971,5,1982090,1579641,839664,626336,467125,403307,61352,14.4996624015192,0.203042747806608,0.423625566952056,0.254063530173974,0.235672951278701,0.203475624214844,0.0309531857786478,NA,NA,"28",NA,"kumar_somanathan_exact_amalgamation",TRUE
"geo_component_0008",NA,NA,1981,5,2407299,1817700,1065137,778477,691574,527098,128939,14.6940159300724,0.244921382844424,0.442461447456257,0.269129698808698,0.287282136535594,0.218958259858871,0.053561688847127,NA,NA,"28",NA,"kumar_somanathan_exact_amalgamation",TRUE
"geo_component_0008",NA,NA,1991,5,2973024,2204924,1340980,996170,966974,700413,253638,14.9050901746015,0.258356474754324,0.451049167447017,0.257132843144566,0.325249308448233,0.235589420065227,0.0853131357163615,NA,NA,"28",NA,"kumar_somanathan_exact_amalgamation",TRUE
"geo_component_0010",NA,NA,1961,5,1232378,1136278,635905,483829,173317,35087,7096,14.0244561941983,0.0779793212796723,0.515998338172217,0.23914892947846,0.140636233363465,0.0284709723802275,0.00575797360874667,NA,NA,"28",NA,"kumar_somanathan_exact_amalgamation",TRUE
"geo_component_0010",NA,NA,1971,5,1467944,1342958,669567,519275,236399,128448,27818,14.19937334029,0.0851435749592627,0.456125710517567,0.224461480329825,0.16104088439341,0.0875019755522009,0.0189503141809224,NA,NA,"28",NA,"kumar_somanathan_exact_amalgamation",TRUE
"geo_component_0010",NA,NA,1981,5,1807139,1590735,809424,625450,389058,256963,64224,14.4072554896929,0.119749504603686,0.447903564695355,0.2272900235229,0.215289471368832,0.14219326792239,0.0355390481861108,NA,NA,"28",NA,"kumar_somanathan_exact_amalgamation",TRUE
"geo_component_0010",NA,NA,1991,5,2269800,1941313,1051266,806823,601869,391798,161665,14.6352022798492,0.144720680236144,0.463153581813376,0.23252250144112,0.265163891091726,0.172613446118601,0.0712243369459864,NA,NA,"28",NA,"kumar_somanathan_exact_amalgamation",TRUE
"geo_component_0011",NA,NA,1961,5,1018027,870308,554271,381710,145830,67716,8633,13.8333769983342,0.145103224177748,0.544456090064409,0.311329656431601,0.1432476741776,0.0665168998464677,0.00848012871957227,NA,NA,"28",NA,"kumar_somanathan_exact_amalgamation",TRUE
"geo_component_0011",NA,NA,1971,5,1313268,1103886,598514,393531,225749,173095,32182,14.0880292451757,0.15943585010828,0.455743991325457,0.342486558376245,0.171898652826384,0.131804780136271,0.0245052799580893,NA,NA,"28",NA,"kumar_somanathan_exact_amalgamation",TRUE
"geo_component_0011",NA,NA,1981,5,1679683,1357030,807634,540767,364987,262199,67766,14.334115643099,0.192091602998899,0.480825250955091,0.330430615848268,0.217295168195427,0.156100287971004,0.0403445173881024,NA,NA,"28",NA,"kumar_somanathan_exact_amalgamation",TRUE
"geo_component_0011",NA,NA,1991,5,2037621,1624677,975342,634358,577911,377223,146091,14.5272935088369,0.202659866579702,0.478667033761431,0.349604548968464,0.283620457386334,0.185129128527827,0.0716968464694857,NA,NA,"28",NA,"kumar_somanathan_exact_amalgamation",TRUE
"geo_component_0012",NA,NA,1961,5,1557779,1412801,809143,561201,219818,66810,11903,14.2587716468276,0.0930671167091096,0.519420919141932,0.306425440249746,0.141109875020783,0.0428879834687719,0.00764100684371788,NA,NA,"28",NA,"kumar_somanathan_exact_amalgamation",TRUE
"geo_component_0012",NA,NA,1971,5,1819738,1698049,813900,601388,310343,218409,44877,14.4142030926464,0.0668717144995599,0.44726218829304,0.261103329647377,0.170542682518033,0.120022222979352,0.0246612424425934,NA,NA,"28",NA,"kumar_somanathan_exact_amalgamation",TRUE
"geo_component_0012",NA,NA,1981,5,2279685,2020168,1012044,764159,511542,336360,73514,14.6395478334912,0.113838973366934,0.443940281223064,0.244935002825964,0.224391527776864,0.147546700530994,0.0322474376942428,NA,NA,"28",NA,"kumar_somanathan_exact_amalgamation",TRUE
"geo_component_0012",NA,NA,1991,5,2852092,2513639,1292277,972473,894309,589361,208279,14.8635633180606,0.118668331877092,0.453097936532202,0.247473258442269,0.313562465726912,0.206641651110834,0.0730267466827858,NA,NA,"28",NA,"kumar_somanathan_exact_amalgamation",TRUE
"geo_component_0019",NA,NA,1961,5,1543892,1441749,549083,420246,325172,83926,8736,14.2498170589338,0.0661594204775982,0.355648581636539,0.234640300282471,0.210618359315289,0.0543600200013991,0.0056584268847821,NA,NA,"18",NA,"kumar_somanathan_exact_amalgamation",TRUE
"geo_component_0019",NA,NA,1971,5,2225103,2052809,598886,467464,488989,360566,27073,14.6153137646459,0.0774319211290444,0.26914978767275,0.219444101214588,0.219760163911513,0.162044633439441,0.0121670772094595,NA,NA,"18",NA,"kumar_somanathan_exact_amalgamation",TRUE
"geo_component_0019",NA,NA,1981,5,NA,NA,NA,NA,NA,NA,NA,NA,NA,NA,NA,NA,NA,NA,NA,NA,"18",NA,"kumar_somanathan_exact_amalgamation",TRUE
"geo_component_0019",NA,NA,1991,5,3608795,3270140,1072076,808403,1204820,923959,211049,15.0988844795733,0.0938415731566908,0.297073122745958,0.245946182919868,0.333856592020328,0.256029782794534,0.0584818478190088,NA,NA,"18",NA,"kumar_somanathan_exact_amalgamation",TRUE
"geo_component_0022",NA,NA,1961,5,2062572,1843073,743194,487800,564307,200841,34414,14.5394643056726,0.106420042548818,0.360323906268484,0.343643786144668,0.273593843027056,0.0973740553057057,0.0166849932996278,NA,NA,"18",NA,"kumar_somanathan_exact_amalgamation",TRUE
"geo_component_0022",NA,NA,1971,5,2854183,2519028,744610,520069,821030,603515,88792,14.8642961954959,0.117425897358368,0.260883762533797,0.301555176535367,0.287658499822892,0.211449300903271,0.0311094278117416,NA,NA,"18",NA,"kumar_somanathan_exact_amalgamation",TRUE
"geo_component_0022",NA,NA,1981,5,NA,NA,NA,NA,NA,NA,NA,NA,NA,NA,NA,NA,NA,NA,NA,NA,"18",NA,"kumar_somanathan_exact_amalgamation",TRUE
"geo_component_0022",NA,NA,1991,5,4402120,3626112,1209833,706761,2010023,1622503,527529,15.2975968010332,0.176280519386114,0.274829627543093,0.415819373417654,0.456603409266444,0.368573096598911,0.119835215759679,NA,NA,"18",NA,"kumar_somanathan_exact_amalgamation",TRUE
"geo_component_0023",NA,NA,1961,5,1289670,1239376,524808,369308,295463,76773,8900,14.0698969296584,0.0389975730225561,0.406932005861965,0.296298836907974,0.229099692169315,0.0595291818837377,0.0069009901757814,NA,NA,"18",NA,"kumar_somanathan_exact_amalgamation",TRUE
"geo_component_0023",NA,NA,1971,5,1736188,1632445,505485,326501,395078,280831,31184,14.3672024632698,0.059753321644891,0.291146465705327,0.354083701791349,0.227554850050801,0.161751492349907,0.0179611885348822,NA,NA,"18",NA,"kumar_somanathan_exact_amalgamation",TRUE
"geo_component_0023",NA,NA,1981,5,NA,NA,NA,NA,NA,NA,NA,NA,NA,NA,NA,NA,NA,NA,NA,NA,"18",NA,"kumar_somanathan_exact_amalgamation",TRUE
"geo_component_0023",NA,NA,1991,5,2723147,2555255,908164,597458,989076,768069,204343,14.8172987547746,0.0616536676132431,0.333497971281022,0.342125431089539,0.363210652968789,0.282051978831844,0.0750392835935776,NA,NA,"18",NA,"kumar_somanathan_exact_amalgamation",TRUE
"geo_component_0027",NA,NA,1961,5,1508390,1431685,607480,374895,517622,124299,20654,14.2265534148031,0.0508522331757701,0.402734040931059,0.382868571804833,0.343161914359019,0.0824050809140872,0.01369274524493,NA,NA,"18",NA,"kumar_somanathan_exact_amalgamation",TRUE
"geo_component_0027",NA,NA,1971,5,1837389,1682665,523321,267349,672766,489588,57084,14.4238561000812,0.0842086243032912,0.284817749534802,0.489129998605063,0.366153275109408,0.266458545250897,0.0310679992097482,NA,NA,"18",NA,"kumar_somanathan_exact_amalgamation",TRUE
"geo_component_0027",NA,NA,1981,5,NA,NA,NA,NA,NA,NA,NA,NA,NA,NA,NA,NA,NA,NA,NA,NA,"18",NA,"kumar_somanathan_exact_amalgamation",TRUE
"geo_component_0027",NA,NA,1991,5,2607285,2359726,924226,502555,1356962,1105484,334315,14.7738200079992,0.0949489603169581,0.354478317483513,0.456242304371442,0.520450200112377,0.423998143662852,0.128223420147778,NA,NA,"18",NA,"kumar_somanathan_exact_amalgamation",TRUE
"geo_component_0036",NA,NA,1961,5,1888178,1802517,727671,581289,272661,67565,15144,14.4511229009046,0.0453670151860682,0.385382628120866,0.201165086969249,0.144404288155036,0.0357831729847504,0.00802043027723022,NA,NA,"10",NA,"kumar_somanathan_exact_amalgamation",TRUE
"geo_component_0036",NA,NA,1971,5,2350268,2243793,829789,750961,364056,224615,41637,14.6700399221712,0.0453033441292653,0.353061438099825,0.094997643979373,0.154899781641923,0.0955699520224928,0.0177158519794338,NA,NA,"10",NA,"kumar_somanathan_exact_amalgamation",TRUE
"geo_component_0036",NA,NA,1981,5,2953803,2784835,1016829,907354,598542,388590,139437,14.8986040506147,0.0572035440413595,0.344244013564886,0.107663137066311,0.20263436661145,0.131555828198428,0.0472059240240463,NA,NA,"10",NA,"kumar_somanathan_exact_amalgamation",TRUE
"geo_component_0036",NA,NA,1991,5,3652960,3404442,1267653,1157153,826654,694670,261178,15.1110483558133,0.0680319521702948,0.347020772195699,0.0871689650085631,0.226297030353467,0.190166330865928,0.0714976347947966,NA,NA,"10",NA,"kumar_somanathan_exact_amalgamation",TRUE
"geo_component_0040",NA,NA,1961,5,663073,477468,214416,125611,162593,100489,6890,13.4046403686875,0.279916389296503,0.323367110408658,0.414171517050966,0.245211311575045,0.151550432606968,0.0103910127542518,NA,NA,"24",NA,"kumar_somanathan_exact_amalgamation",TRUE
"geo_component_0040",NA,NA,1971,5,845454,617135,259756,173562,252418,112323,27472,13.6476290401636,0.270054905411767,0.307238477788265,0.331826791296447,0.298559117349968,0.132855247003385,0.0324937844045921,NA,NA,"24",NA,"kumar_somanathan_exact_amalgamation",TRUE
"geo_component_0040",NA,NA,1981,5,1034185,737198,336137,205920,387544,199851,58937,13.8491242348747,0.287170090457703,0.32502598664649,0.387392640500748,0.374733727524573,0.193244922330144,0.0569888366201405,NA,NA,"24",NA,"kumar_somanathan_exact_amalgamation",TRUE
"geo_component_0040",NA,NA,1991,5,1208872,846149,420688,254227,547362,434028,97774,14.00519825137,0.300050791150759,0.348000450006287,0.395687540409995,0.452787391882681,0.359035530643443,0.0808803578873528,NA,NA,"24",NA,"kumar_somanathan_exact_amalgamation",TRUE
"geo_component_0041",NA,NA,1961,5,3032901,2186150,1046047,656950,804244,591503,28816,14.9250301451884,0.279188473346146,0.344899817039857,0.371968945946023,0.265173179078381,0.195028785970924,0.00950113439245132,NA,NA,"24",NA,"kumar_somanathan_exact_amalgamation",TRUE
"geo_component_0041",NA,NA,1971,5,3910692,2806391,1167505,775634,1253151,498600,121161,15.1792248983993,0.28237994707842,0.298541792603457,0.335648241335155,0.32044226443811,0.127496616967023,0.0309819847740502,NA,NA,"24",NA,"kumar_somanathan_exact_amalgamation",TRUE
"geo_component_0041",NA,NA,1981,5,5059146,3573429,1564448,1016065,2076317,1012012,301890,15.436708252316,0.293669524461243,0.309231637118201,0.350528109595205,0.410408594652141,0.200036132580479,0.0596721264814259,NA,NA,"24",NA,"kumar_somanathan_exact_amalgamation",TRUE
"geo_component_0041",NA,NA,1991,5,5939474,4085602,1999204,1197802,2928566,2437212,496979,15.5971311352293,0.312127302855438,0.336596136290857,0.400860542495913,0.49306824139646,0.410341387132935,0.0836739078241609,NA,NA,"24",NA,"kumar_somanathan_exact_amalgamation",TRUE
"geo_component_0043",NA,NA,1961,5,2419295,1888003,862246,622749,843336,581131,44125,14.6989867333762,0.219606124924823,0.356403828388022,0.277759479313328,0.348587501730876,0.24020675444706,0.0182387844392685,NA,NA,"24",NA,"kumar_somanathan_exact_amalgamation",TRUE
"geo_component_0043",NA,NA,1971,5,3089666,2293447,1026532,723815,1201754,623812,169517,14.9435735524168,0.257703907153718,0.332246916009692,0.294892901536435,0.388959194942107,0.201902729939094,0.0548658010283312,NA,NA,"24",NA,"kumar_somanathan_exact_amalgamation",TRUE
"geo_component_0043",NA,NA,1981,5,3854543,2662507,1336137,849993,1815714,1067588,419611,15.1647630106112,0.309254819572645,0.346639536775177,0.363842929280455,0.471058177324783,0.276968761277277,0.108861413661749,NA,NA,"24",NA,"kumar_somanathan_exact_amalgamation",TRUE
"geo_component_0043",NA,NA,1991,5,4635755,2978863,1645567,965213,2470463,1771402,690157,15.3493096347632,0.357415782326719,0.354972814568501,0.413446550641815,0.532914918929063,0.382117260295249,0.148876935903645,NA,NA,"24",NA,"kumar_somanathan_exact_amalgamation",TRUE
"geo_component_0044",NA,NA,1961,5,885755,602262,277093,124558,265714,162720,49499,13.6941956676455,0.320058029590575,0.312832555277701,0.550483050816874,0.299985887745483,0.18370768440483,0.055883398908276,NA,NA,"06",NA,"kumar_somanathan_exact_amalgamation",TRUE
"geo_component_0044",NA,NA,1971,5,1098405,753670,300738,147929,390362,277314,68292,13.9093696855013,0.313850537825301,0.273795184836194,0.50811337443223,0.355389860752637,0.252469717453945,0.0621737883567537,NA,NA,"06",NA,"kumar_somanathan_exact_amalgamation",TRUE
"geo_component_0044",NA,NA,1981,5,1409463,945686,409160,183610,628948,446996,156576,14.1587193387483,0.329045175361113,0.290294956306054,0.551251344217421,0.446232359416317,0.317139222526593,0.111089116918997,NA,NA,"06",NA,"kumar_somanathan_exact_amalgamation",TRUE
"geo_component_0044",NA,NA,1991,5,1938758,1264837,546506,232270,1029246,792540,314459,14.4775581198345,0.347604497312197,0.281884587968173,0.574990942459918,0.530879047307606,0.408787481470096,0.162196106992208,NA,NA,"06",NA,"kumar_somanathan_exact_amalgamation",TRUE
"geo_component_0048",NA,NA,1961,5,582944,509768,161031,111466,111002,49221,9008,13.2758464058306,0.125528352637646,0.276237511664928,0.307797877427328,0.190416232090904,0.084435211615524,0.0154525992205083,NA,NA,"06",NA,"kumar_somanathan_exact_amalgamation",TRUE
"geo_component_0048",NA,NA,1971,5,767086,660926,198145,130974,206639,138667,24761,13.5503541992268,0.138393869787742,0.258308716362963,0.338999217744581,0.269381790307736,0.180771126053663,0.0322793011474593,NA,NA,"06",NA,"kumar_somanathan_exact_amalgamation",TRUE
"geo_component_0048",NA,NA,1981,5,959400,834025,226530,135442,370433,237845,61465,13.7740633680501,0.130680633729414,0.236116322701689,0.402101266940361,0.38610902647488,0.247910152178445,0.064066082968522,NA,NA,"06",NA,"kumar_somanathan_exact_amalgamation",TRUE
"geo_component_0048",NA,NA,1991,5,1305170,1125326,322493,184554,645323,469031,158066,14.081843858454,0.137793544136013,0.247088884972839,0.427727113456726,0.494435973857812,0.359363914279366,0.121107595179172,NA,NA,"06",NA,"kumar_somanathan_exact_amalgamation",TRUE
"geo_component_0050",NA,NA,1961,5,215848,205640,88188,72157,25347,10730,2346,12.2823297352469,0.0472925391942478,0.408565286683222,0.181782101873271,0.117429858048256,0.0497109076757718,0.0108687594974241,NA,NA,"02",NA,"kumar_somanathan_exact_amalgamation",TRUE
"geo_component_0050",NA,NA,1971,5,251200,232654,101295,83703,47508,24427,6064,12.4340047135762,0.0738296178343949,0.403244426751592,0.173670961054346,0.189124203821656,0.0972412420382166,0.024140127388535,NA,NA,"02",NA,"kumar_somanathan_exact_amalgamation",TRUE
"geo_component_0050",NA,NA,1981,5,311147,289853,109269,75730,82310,47103,13195,12.6480207482989,0.0684371052910682,0.351181274445841,0.306939754184627,0.264537340871035,0.1513850366547,0.0424076079795081,NA,NA,"02",NA,"kumar_somanathan_exact_amalgamation",TRUE
"geo_component_0050",NA,NA,1991,5,393286,363397,128018,86877,142914,92241,26667,12.8822923615494,0.0759981285883555,0.325508662906892,0.321368870002656,0.36338440727613,0.23453924116292,0.067805617286148,NA,NA,"02",NA,"kumar_somanathan_exact_amalgamation",TRUE
"geo_component_0064",NA,NA,1961,5,1983811,1626342,738304,552673,516337,183177,27841,14.5005303001925,0.180193072828006,0.372164485427291,0.251428950676144,0.260275298402922,0.0923359130481684,0.0140340990144726,NA,NA,"29",NA,"kumar_somanathan_exact_amalgamation",TRUE
"geo_component_0064",NA,NA,1971,5,2423342,1925549,859783,626626,744643,669341,91354,14.7006581371763,0.205415909104039,0.35479226621748,0.271181216655831,0.307279368739534,0.276205752221519,0.0376975268038931,NA,NA,"29",NA,"kumar_somanathan_exact_amalgamation",TRUE
"geo_component_0064",NA,NA,1981,5,2980440,2309022,1074785,764718,1092059,786182,211229,14.907581498589,0.225274791641503,0.360612862530365,0.288492117028057,0.366408651071654,0.263780515628565,0.0708717504797949,NA,NA,"29",NA,"kumar_somanathan_exact_amalgamation",TRUE
"geo_component_0064",NA,NA,1991,5,3583606,2741820,1340802,942149,1571044,1119354,403568,15.0918801139982,0.234899149069401,0.374148832209791,0.297324288000764,0.438397524727886,0.312354092497892,0.112615058686697,NA,NA,"29",NA,"kumar_somanathan_exact_amalgamation",TRUE
"geo_component_0065",NA,NA,1961,5,3026913,2369849,1312741,898771,751341,131173,51114,14.9230538462628,0.217073962812938,0.433689703007652,0.315347810421096,0.248220216438332,0.0433355699354425,0.0168865111088426,NA,NA,"29",NA,"kumar_somanathan_exact_amalgamation",TRUE
"geo_component_0065",NA,NA,1971,5,3821627,2926590,1362504,983184,1197943,999275,169775,15.1561868061366,0.23420312866745,0.356524590181093,0.278399182681299,0.313464134516529,0.261478946009121,0.0444247960358245,NA,NA,"29",NA,"kumar_somanathan_exact_amalgamation",TRUE
"geo_component_0065",NA,NA,1981,5,4923455,3587372,1896322,1369746,1872287,1342371,342169,15.4095210777887,0.271371018928781,0.385160827102106,0.277682798596441,0.380279092629058,0.272648170847504,0.0694977409156781,NA,NA,"29",NA,"kumar_somanathan_exact_amalgamation",TRUE
"geo_component_0065",NA,NA,1991,5,5980198,4320878,2374834,1710902,2695874,1942605,632286,15.6039642357466,0.277469073766454,0.397116282771908,0.279569856251005,0.450800124009272,0.324839578890197,0.105729944058708,NA,NA,"29",NA,"kumar_somanathan_exact_amalgamation",TRUE
"geo_component_0066",NA,NA,1961,5,1951573,1426772,745640,529614,650693,155627,33090,14.4841462720259,0.268911795766799,0.382071283011191,0.289718899200687,0.333419759342848,0.0797443908068005,0.0169555532895772,NA,NA,"29",NA,"kumar_somanathan_exact_amalgamation",TRUE
"geo_component_0066",NA,NA,1971,5,2342213,1604240,831478,569943,902103,799460,102476,14.6666067669121,0.315075102050924,0.354996748801241,0.314542296969974,0.385149856140325,0.341326770878652,0.0437517851706911,NA,NA,"29",NA,"kumar_somanathan_exact_amalgamation",TRUE
"geo_component_0066",NA,NA,1981,5,2945487,1907229,1118666,777387,1247691,861962,225997,14.895784726422,0.35249111607011,0.37978982762443,0.305076761070775,0.423594128916542,0.292638195313712,0.0767265311305058,NA,NA,"29",NA,"kumar_somanathan_exact_amalgamation",TRUE
"geo_component_0066",NA,NA,1991,5,3503150,2279259,1349942,932647,1699031,1073806,404708,15.0691731217025,0.349368711017227,0.385350898477085,0.309120688148083,0.485000927736466,0.306525841028788,0.115526882948204,NA,NA,"29",NA,"kumar_somanathan_exact_amalgamation",TRUE
"geo_component_0067",NA,NA,1961,5,1099684,939239,472345,358030,172225,38212,7440,13.9105334237706,0.145901004288505,0.429527937116481,0.242015899395569,0.156613172511376,0.034748164018027,0.0067655799302345,NA,NA,"29",NA,"kumar_somanathan_exact_amalgamation",TRUE
"geo_component_0067",NA,NA,1971,5,1415740,1198269,527001,401971,286009,178803,29427,14.1631629205571,0.153609419808722,0.372244197380875,0.237248126663896,0.202020851286253,0.12629649511916,0.0207855962252956,NA,NA,"29",NA,"kumar_somanathan_exact_amalgamation",TRUE
"geo_component_0067",NA,NA,1981,5,1783822,1440094,732692,577725,441021,286696,69781,14.3942688113594,0.192691871722627,0.410742775904771,0.211503605880779,0.247233748658779,0.160720071845733,0.0391188134242094,NA,NA,"29",NA,"kumar_somanathan_exact_amalgamation",TRUE
"geo_component_0067",NA,NA,1991,5,2309887,1829765,970995,775067,660453,411681,143918,14.6527091635525,0.207855189452991,0.420364719139941,0.201780647686136,0.285924376387243,0.178225601512109,0.0623052123328977,NA,NA,"29",NA,"kumar_somanathan_exact_amalgamation",TRUE
"geo_component_0068",NA,NA,1961,5,689549,568685,269013,146666,230583,74441,10427,13.4437930396803,0.175279784322796,0.390128910345748,0.454799582176326,0.334396830392039,0.107956069836951,0.0151214779515306,NA,NA,"29",NA,"kumar_somanathan_exact_amalgamation",TRUE
"geo_component_0068",NA,NA,1971,5,849105,698608,285939,157100,345148,317894,38479,13.651938132558,0.177241919432815,0.336753405055912,0.45058211716485,0.406484474829379,0.374387148821406,0.0453171280348131,NA,NA,"29",NA,"kumar_somanathan_exact_amalgamation",TRUE
"geo_component_0068",NA,NA,1981,5,1072034,800241,364681,191627,518304,354904,88093,13.8850683365278,0.253530205198716,0.340176710813276,0.474535278777891,0.483477203148408,0.331056664247589,0.0821736997147478,NA,NA,"29",NA,"kumar_somanathan_exact_amalgamation",TRUE
"geo_component_0068",NA,NA,1991,5,1220260,925744,428663,223628,689278,487310,157159,14.0145745087578,0.241355121039778,0.351288250045072,0.478312800498293,0.564861586874928,0.399349318997591,0.128791405110386,NA,NA,"29",NA,"kumar_somanathan_exact_amalgamation",TRUE
"geo_component_0070",NA,NA,1961,5,311991,260110,75366,27644,127397,39667,5301,12.6507296202217,0.166290053238715,0.241564660519053,0.633203301223363,0.408335496857281,0.127141488055745,0.0169908747367713,NA,NA,"32",NA,"kumar_somanathan_exact_amalgamation",TRUE
"geo_component_0070",NA,NA,1971,5,413928,320288,115681,51752,233797,157796,16737,12.9334473246393,0.2262229179954,0.279471309019926,0.552631806433209,0.564825283624205,0.381216056898784,0.0404345683307242,NA,NA,"32",NA,"kumar_somanathan_exact_amalgamation",TRUE
"geo_component_0070",NA,NA,1981,5,554026,554026,185835,112939,323190,212739,28349,13.2249668960361,0,0.335426496229419,0.392261952807598,0.583348073917109,0.383987394093418,0.0511690787074975,NA,NA,"32",NA,"kumar_somanathan_exact_amalgamation",TRUE
"geo_component_0070",NA,NA,1991,5,672128,649179,227453,115542,474612,369044,77672,13.4182040775575,0.0341437940392306,0.338407267663302,0.492018131218318,0.706133355551324,0.549068034660065,0.115561321653018,NA,NA,"32",NA,"kumar_somanathan_exact_amalgamation",TRUE
"geo_component_0071",NA,NA,1961,5,1373763,1146740,339308,84918,558124,169795,22680,14.1330642478035,0.165256306946686,0.246991657221806,0.749731807089724,0.406273862376553,0.123598466402138,0.0165093979092464,NA,NA,"32",NA,"kumar_somanathan_exact_amalgamation",TRUE
"geo_component_0071",NA,NA,1971,5,1821695,1335993,490343,200604,1042551,704603,75318,14.4152779443261,0.266620921723999,0.269168549071057,0.590890458311835,0.572297228679883,0.386784286063254,0.0413450111022976,NA,NA,"32",NA,"kumar_somanathan_exact_amalgamation",TRUE
"geo_component_0071",NA,NA,1981,5,2245265,1635033,490932,98435,1574461,1129960,160376,14.6243341122814,0.271786181141202,0.218652141283991,0.799493616223836,0.701236156979243,0.503263534593912,0.071428539615591,NA,NA,"32",NA,"kumar_somanathan_exact_amalgamation",TRUE
"geo_component_0071",NA,NA,1991,5,2619941,1615444,609005,120187,2071133,1714277,372709,14.7786623563998,0.383404435443394,0.232449891047165,0.802650224546597,0.790526580560402,0.65431893313628,0.142258547043617,NA,NA,"32",NA,"kumar_somanathan_exact_amalgamation",TRUE
"geo_component_0073",NA,NA,1961,5,2318433,1879340,681940,217164,1199606,400535,92142,14.6564020844017,0.189392145470669,0.29413832532577,0.681549696454234,0.517421033948361,0.172761084749915,0.0397432231166482,NA,NA,"32",NA,"kumar_somanathan_exact_amalgamation",TRUE
"geo_component_0073",NA,NA,1971,5,2929275,2216562,849530,334984,1925792,1352119,234294,14.8902655101018,0.243306961620196,0.290013740601343,0.605683142443469,0.657429568749947,0.46158827696273,0.079983613692808,NA,NA,"32",NA,"kumar_somanathan_exact_amalgamation",TRUE
"geo_component_0073",NA,NA,1981,5,3506930,2459409,1045956,365913,2602883,1845538,437114,15.0702515688433,0.298700287716037,0.298254028452236,0.650164060438489,0.742211278810812,0.526254587345627,0.124642921301537,NA,NA,"32",NA,"kumar_somanathan_exact_amalgamation",TRUE
"geo_component_0073",NA,NA,1991,5,3895302,2471244,1262544,380967,3127899,2662331,852921,15.175281769583,0.36558346438864,0.324119670310543,0.698254476675664,0.8029926819538,0.683472295601214,0.218961456647007,NA,NA,"32",NA,"kumar_somanathan_exact_amalgamation",TRUE
"geo_component_0074",NA,NA,1961,5,1274360,1152674,377804,124530,720893,259068,44075,14.0579546497659,0.0954879311968361,0.296465676888791,0.670384643889424,0.565690228820741,0.203292633164883,0.034585988260774,NA,NA,"32",NA,"kumar_somanathan_exact_amalgamation",TRUE
"geo_component_0074",NA,NA,1971,5,1539037,1381716,457336,230191,1042301,746163,116292,14.2466674541175,0.102220414453973,0.297157248331262,0.496669844490703,0.677242327507396,0.484824601357862,0.0755615362073816,NA,NA,"32",NA,"kumar_somanathan_exact_amalgamation",TRUE
"geo_component_0074",NA,NA,1981,5,1697442,1538335,461974,197789,1386065,1071178,267262,14.3446329699373,0.0937333941306978,0.27215893090898,0.571861186993207,0.816561037137057,0.631054256934847,0.157449856902327,NA,NA,"32",NA,"kumar_somanathan_exact_amalgamation",TRUE
"geo_component_0074",NA,NA,1991,5,1828271,1507353,537087,209751,1555412,1367055,480695,14.4188812694613,0.175530870423477,0.293767718243083,0.60946550558848,0.8507557140052,0.747731053000348,0.262923275597545,NA,NA,"32",NA,"kumar_somanathan_exact_amalgamation",TRUE
"geo_component_0077",NA,NA,1961,5,858343,504465,300071,166071,213172,50198,25089,13.6627590654844,0.412280405385726,0.349593344385636,0.446560980567932,0.248352931170872,0.0584824481588363,0.0292295737251891,NA,NA,"23",NA,"kumar_somanathan_exact_amalgamation",TRUE
"geo_component_0077",NA,NA,1971,5,1113272,632839,332200,191465,345240,232205,72610,13.9228139849469,0.431550420741741,0.298399672317277,0.423645394340759,0.31011289244677,0.20857885584116,0.0652221559511063,NA,NA,"23",NA,"kumar_somanathan_exact_amalgamation",TRUE
"geo_component_0077",NA,NA,1981,5,1419772,749370,418358,223869,525466,351512,120643,14.1660068533055,0.472189900913668,0.294665622367535,0.464886532586923,0.370105904328301,0.247583414801813,0.0849735027877716,NA,NA,"23",NA,"kumar_somanathan_exact_amalgamation",TRUE
"geo_component_0077",NA,NA,1991,5,1808927,889515,527952,277044,799937,577702,231992,14.4082444097766,0.508263738669388,0.29185920714324,0.475247749795436,0.442216297285628,0.31936169895192,0.128248403611644,NA,NA,"23",NA,"kumar_somanathan_exact_amalgamation",TRUE
"geo_component_0080",NA,NA,1961,5,619576,499891,253415,174041,141870,46279,8616,13.3367906521071,0.193172427595646,0.409013583482898,0.313217449637946,0.228979172853693,0.0746946298759151,0.0139062842976487,NA,NA,"23",NA,"kumar_somanathan_exact_amalgamation",TRUE
"geo_component_0080",NA,NA,1971,5,807714,631523,279327,192904,238801,107960,31723,13.6019633144484,0.218135379602186,0.345824140723078,0.309397229770126,0.295650440626261,0.133661172147567,0.0392750404227239,NA,NA,"23",NA,"kumar_somanathan_exact_amalgamation",TRUE
"geo_component_0080",NA,NA,1981,5,1003939,751855,343865,231535,354897,195073,63558,13.8194418204159,0.251094937042988,0.342515830145059,0.326668896223809,0.353504545594902,0.194307622275855,0.0633086273169984,NA,NA,"23",NA,"kumar_somanathan_exact_amalgamation",TRUE
"geo_component_0080",NA,NA,1991,5,1267211,920695,425990,294101,535739,329468,112759,14.0523289805602,0.273447752584218,0.336163432924746,0.309605859292472,0.422770162190827,0.259994586536891,0.0889820243037663,NA,NA,"23",NA,"kumar_somanathan_exact_amalgamation",TRUE
"geo_component_0082",NA,NA,1961,5,1827203,1679345,688906,546241,520538,248308,12536,14.4182969402989,0.0809204012909348,0.377027620904738,0.20708921100992,0.284882413174672,0.135895135898967,0.00686075931355192,NA,NA,"27",NA,"kumar_somanathan_exact_amalgamation",TRUE
"geo_component_0082",NA,NA,1971,5,1990583,1823400,697174,560959,792906,463719,36637,14.503938118619,0.0839869525661577,0.350236086613821,0.19538164073818,0.398328529882954,0.232956375092121,0.018405160699152,NA,NA,"27",NA,"kumar_somanathan_exact_amalgamation",TRUE
"geo_component_0082",NA,NA,1981,5,2111311,1940394,719150,530134,1008072,639693,102217,14.5628196395228,0.0809530192378101,0.340617748877356,0.262832510602795,0.477462581306117,0.30298378590364,0.0484139949064823,NA,NA,"27",NA,"kumar_somanathan_exact_amalgamation",TRUE
"geo_component_0082",NA,NA,1991,5,2376209,2175003,894247,652393,1367077,1054407,208574,14.6810169185591,0.0846752116501537,0.3763334790837,0.270455478184439,0.57531850102411,0.443734957657344,0.087775949001119,NA,NA,"27",NA,"kumar_somanathan_exact_amalgamation",TRUE
"geo_component_0084",NA,NA,1961,5,1230716,1038286,449333,347663,345479,194236,16475,14.0231066718072,0.156356137402943,0.365098853025393,0.226268713849194,0.280713828373077,0.157823575869656,0.0133865164668372,NA,NA,"27",NA,"kumar_somanathan_exact_amalgamation",TRUE
"geo_component_0084",NA,NA,1971,5,1539820,1252922,478698,348582,577060,384936,50575,14.2471760844416,0.186319180163915,0.310879193671988,0.271812290838901,0.374758088607759,0.249987660895429,0.0328447480874388,NA,NA,"27",NA,"kumar_somanathan_exact_amalgamation",TRUE
"geo_component_0084",NA,NA,1981,5,1831212,1437123,625479,439229,858358,623767,163310,14.420488600679,0.215206650021953,0.341565586070865,0.297771787701905,0.468737644794814,0.340630686124818,0.0891813727738787,NA,NA,"27",NA,"kumar_somanathan_exact_amalgamation",TRUE
"geo_component_0084",NA,NA,1991,5,2209488,1707041,814726,551075,1164092,918813,280126,14.6082713724452,0.227404267413989,0.368739726126596,0.323606954976274,0.52686052153259,0.415848830136213,0.126783218555611,NA,NA,"27",NA,"kumar_somanathan_exact_amalgamation",TRUE
"geo_component_0085",NA,NA,1961,5,1860119,1340245,730866,492422,467759,255789,23990,14.4361510221375,0.279484269554797,0.392913571658587,0.326248587292335,0.251467244837561,0.137512169920312,0.0128970243301638,NA,NA,"27",NA,"kumar_somanathan_exact_amalgamation",TRUE
"geo_component_0085",NA,NA,1971,5,2253840,1637288,759263,519097,763955,496221,65615,14.6281459861466,0.273556241791787,0.336875288396692,0.316314636693741,0.338957068824761,0.220166915131509,0.0291125368260391,NA,NA,"27",NA,"kumar_somanathan_exact_amalgamation",TRUE
"geo_component_0085",NA,NA,1981,5,2610144,1842678,983022,629162,1061934,739789,178573,14.7749159501907,0.29403205340395,0.376616002795248,0.359971597787232,0.406848817536504,0.283428423872399,0.0684149993257077,NA,NA,"27",NA,"kumar_somanathan_exact_amalgamation",TRUE
"geo_component_0085",NA,NA,1991,5,3231057,2301574,1248343,815049,1494462,1145745,307019,14.9883198862481,0.287671495736534,0.386357467540808,0.347095309542329,0.462530373187474,0.354603772078301,0.0950212267997748,NA,NA,"27",NA,"kumar_somanathan_exact_amalgamation",TRUE
"geo_component_0086",NA,NA,1961,5,1596493,1288718,634955,485630,419896,239113,21695,14.2833199065361,0.192781928890387,0.397718624510098,0.235174146199337,0.263011488305931,0.149773910690495,0.0135891607417007,NA,NA,"27",NA,"kumar_somanathan_exact_amalgamation",TRUE
"geo_component_0086",NA,NA,1971,5,2048049,1607804,696319,504729,724318,482853,69090,14.5323981906366,0.214958235862521,0.339991377159433,0.275146879519301,0.353662436787401,0.235762425606028,0.0337345444371692,NA,NA,"27",NA,"kumar_somanathan_exact_amalgamation",TRUE
"geo_component_0086",NA,NA,1981,5,2506330,1884308,921304,622751,1136870,813852,218048,14.7343300897271,0.248180407208947,0.367590859942625,0.324054817953683,0.453599486101192,0.324718612473218,0.086998918737756,NA,NA,"27",NA,"kumar_somanathan_exact_amalgamation",TRUE
"geo_component_0086",NA,NA,1991,5,2989507,2202505,1169735,735823,1694724,1316610,408423,14.910619048829,0.263254777459963,0.391280234500204,0.370948975622684,0.566890795037443,0.440410408806536,0.136618847187847,NA,NA,"27",NA,"kumar_somanathan_exact_amalgamation",TRUE
"geo_component_0088",NA,NA,1961,5,1206236,1039534,561106,440329,185448,57677,6802,14.0030153253504,0.138200153203851,0.465170994730716,0.215248099289617,0.153741058963586,0.0478156844929185,0.00563902917836974,NA,NA,"27",NA,"kumar_somanathan_exact_amalgamation",TRUE
"geo_component_0088",NA,NA,1971,5,1506771,1264833,563714,465983,366289,239409,24202,14.2254795085304,0.160567199660731,0.374120553156385,0.173369829381566,0.243095334327512,0.158888776064843,0.0160621620670958,NA,NA,"27",NA,"kumar_somanathan_exact_amalgamation",TRUE
"geo_component_0088",NA,NA,1981,5,1829378,1486556,810830,645969,554922,338035,66919,14.4194865763313,0.187398121110017,0.443227151523633,0.20332375467114,0.30333916773898,0.184781384711088,0.0365801928305686,NA,NA,"27",NA,"kumar_somanathan_exact_amalgamation",TRUE
"geo_component_0088",NA,NA,1991,5,2117035,1640436,890306,715554,795240,566615,130790,14.5655270828098,0.225125706471551,0.420543826625445,0.196283075706555,0.375638569981129,0.26764555144341,0.0617798005229011,NA,NA,"27",NA,"kumar_somanathan_exact_amalgamation",TRUE
"geo_component_0089",NA,NA,1961,5,1001466,902817,468872,380425,151139,53764,5235,13.8169754844353,0.0985045922677354,0.468185639851977,0.18863783719224,0.150917754571798,0.0536852973540789,0.00522733672436209,NA,NA,"27",NA,"kumar_somanathan_exact_amalgamation",TRUE
"geo_component_0089",NA,NA,1971,5,1286121,1136820,453139,380930,308755,201494,23890,14.0671412695557,0.116086278040713,0.352329990724045,0.159352869649269,0.240066836635122,0.156667996246076,0.0185752351450602,NA,NA,"27",NA,"kumar_somanathan_exact_amalgamation",TRUE
"geo_component_0089",NA,NA,1981,5,1486030,1256259,599764,473123,472442,309870,67481,14.2116186924814,0.154620700793389,0.403601542364555,0.21115138621191,0.31792224921435,0.208522035221362,0.0454102541671433,NA,NA,"27",NA,"kumar_somanathan_exact_amalgamation",TRUE
"geo_component_0089",NA,NA,1991,5,1822072,1495104,758589,604110,719512,526100,141105,14.4154848730355,0.179448452091904,0.41633316356324,0.203639915685569,0.39488670041579,0.288737217848691,0.0774420549791666,NA,NA,"27",NA,"kumar_somanathan_exact_amalgamation",TRUE
"geo_component_0090",NA,NA,1961,5,1477656,1321390,655082,532793,252014,77652,8640,14.2059676064452,0.105752624426795,0.443325104083765,0.18667739305919,0.170549843806678,0.0525507966671539,0.0058470983774302,NA,NA,"27",NA,"kumar_somanathan_exact_amalgamation",TRUE
"geo_component_0090",NA,NA,1971,5,1896687,1659699,640848,532855,528886,334485,41407,14.4556192379393,0.124948396862529,0.337877572841486,0.168515779092702,0.278847274220786,0.176352239457538,0.0218312246564668,NA,NA,"27",NA,"kumar_somanathan_exact_amalgamation",TRUE
"geo_component_0090",NA,NA,1981,5,2230620,1887383,866981,696242,788705,538612,118933,14.6177901316998,0.153875155786284,0.388672656032852,0.196935111611443,0.35358106714725,0.241462911656849,0.0533183599178704,NA,NA,"27",NA,"kumar_somanathan_exact_amalgamation",TRUE
"geo_component_0090",NA,NA,1991,5,2952968,2417220,1185668,947123,1303886,992678,268330,14.8983213242298,0.181426957555923,0.401517388606988,0.201190383817392,0.441551009018723,0.336162802983304,0.0908678996860108,NA,NA,"27",NA,"kumar_somanathan_exact_amalgamation",TRUE
"geo_component_0092",NA,NA,1961,5,1508420,723004,644483,336196,530201,313760,61756,14.2265733033609,0.520687872078068,0.427256997387995,0.478347760918442,0.351494278781772,0.208005727847682,0.0409408520173426,NA,NA,"27",NA,"kumar_somanathan_exact_amalgamation",TRUE
"geo_component_0092",NA,NA,1971,5,1942688,887331,689276,345320,879201,732883,134757,14.4795831390376,0.543245750218254,0.354805300696767,0.499010556003691,0.45256932662373,0.37725203429475,0.0693662595331829,NA,NA,"27",NA,"kumar_somanathan_exact_amalgamation",TRUE
"geo_component_0092",NA,NA,1981,5,2588811,1119532,921316,433500,1412388,1045809,305844,14.7667092549102,0.567549736153006,0.355883840110383,0.529477399719532,0.545574010617229,0.403972711797037,0.118140721744461,NA,NA,"27",NA,"kumar_somanathan_exact_amalgamation",TRUE
"geo_component_0092",NA,NA,1991,5,3287139,1256225,1167907,494827,2036736,1657786,604621,15.0055281395527,0.617836361650663,0.355295897131214,0.576313011224353,0.619607506710243,0.504324885561578,0.183935330997564,NA,NA,"27",NA,"kumar_somanathan_exact_amalgamation",TRUE
"geo_component_0093",NA,NA,1961,5,1272673,1134128,675518,478923,306828,136644,8270,14.0566299710148,0.108861427876603,0.530786777121853,0.291028514414124,0.241089423598992,0.107367721323545,0.00649813424186731,NA,NA,"27",NA,"kumar_somanathan_exact_amalgamation",TRUE
"geo_component_0093",NA,NA,1971,5,1585580,1405067,742445,523877,561310,331454,38568,14.2764608289566,0.113846668096217,0.468248212010747,0.294389483396077,0.354009258441706,0.209042747764225,0.0243242220512368,NA,NA,"27",NA,"kumar_somanathan_exact_amalgamation",TRUE
"geo_component_0093",NA,NA,1981,5,1837577,1596823,839489,607719,807146,520657,93021,14.4239584139531,0.131017094793851,0.456845617897917,0.276084618142703,0.439244722806174,0.283338875051222,0.0506215521852962,NA,NA,"27",NA,"kumar_somanathan_exact_amalgamation",TRUE
"geo_component_0093",NA,NA,1991,5,2107629,1831735,965020,703703,1143915,852872,210786,14.5610741769493,0.130902544992501,0.45786995718886,0.270789206441317,0.542749696459861,0.404659453822281,0.10001096018322,NA,NA,"27",NA,"kumar_somanathan_exact_amalgamation",TRUE
"geo_component_0109",NA,NA,1961,5,3062919,2854121,944975,620121,913101,114679,29350,14.9348789408032,0.0681696120596071,0.308521054588776,0.34376994100373,0.298114641621277,0.0374410815303963,0.00958236244575844,NA,NA,"21",NA,"kumar_somanathan_exact_amalgamation",TRUE
"geo_component_0109",NA,NA,1971,5,3827678,3522055,1052075,782242,1394399,1025659,85449,15.1577689109846,0.0798455355962544,0.274859849757477,0.25647696219376,0.364293704956373,0.267958537787139,0.022323978140272,NA,NA,"21",NA,"kumar_somanathan_exact_amalgamation",TRUE
"geo_component_0109",NA,NA,1981,5,4628800,4152807,1279792,875764,2102667,1284720,252984,15.347808213204,0.102832915658486,0.276484618043553,0.315698175953593,0.454257474939509,0.277549256826823,0.0546543380573799,NA,NA,"21",NA,"kumar_somanathan_exact_amalgamation",TRUE
"geo_component_0109",NA,NA,1991,5,5522659,4844040,1465486,940687,2939623,NA,NA,15.5243700051702,0.122879033451097,0.265358770114179,0.358105775148995,0.532283995807092,NA,NA,NA,NA,"21",NA,"kumar_somanathan_exact_amalgamation",TRUE
"geo_component_0110",NA,NA,1961,5,1026466,979491,355247,254230,240753,40051,5079,13.8416323926325,0.0457638148755048,0.346087449559946,0.284357081129468,0.234545518312345,0.0390183405977402,0.0049480450399721,NA,NA,"21",NA,"kumar_somanathan_exact_amalgamation",TRUE
"geo_component_0110",NA,NA,1971,5,1293914,1242102,389226,305362,359227,316422,29009,14.0731822912471,0.0400428467425192,0.300812882463595,0.215463509631936,0.277628188581312,0.244546391800382,0.022419573480154,NA,NA,"21",NA,"kumar_somanathan_exact_amalgamation",TRUE
"geo_component_0110",NA,NA,1981,5,1582787,1459073,499043,364717,583782,312704,54208,14.2746977751668,0.0781621279426733,0.315293845602725,0.269167185993992,0.368831687396978,0.197565433630678,0.0342484490964356,NA,NA,"21",NA,"kumar_somanathan_exact_amalgamation",TRUE
"geo_component_0110",NA,NA,1991,5,1908907,1720672,599890,425956,844251,NA,NA,14.4620413849156,0.0986087850272434,0.314258368794289,0.289943156245312,0.442269319563499,NA,NA,NA,NA,"21",NA,"kumar_somanathan_exact_amalgamation",TRUE
"geo_component_0111",NA,NA,1961,5,946854,920058,366815,291535,104679,18313,1673,13.7609001892161,0.0283000335849033,0.387403971467618,0.205226067636274,0.110554531110393,0.0193408909926979,0.00176690387324762,NA,NA,"21",NA,"kumar_somanathan_exact_amalgamation",TRUE
"geo_component_0111",NA,NA,1971,5,1163869,1107316,380978,326342,161223,135206,11661,13.9672603579848,0.0485905200671209,0.327337526817881,0.143409855687205,0.138523321782778,0.116169431439449,0.0100191688239828,NA,NA,"21",NA,"kumar_somanathan_exact_amalgamation",TRUE
"geo_component_0111",NA,NA,1981,5,1339192,1258651,481340,415554,260053,134763,23283,14.1075770049839,0.060141488300408,0.359425683546497,0.13667262226285,0.194186494542978,0.100630081422231,0.0173858565463354,NA,NA,"21",NA,"kumar_somanathan_exact_amalgamation",TRUE
"geo_component_0111",NA,NA,1991,5,1600385,1496457,599634,506535,401298,NA,NA,14.2857547832645,0.0649393739631401,0.37468109236215,0.155259708422138,0.250750913061545,NA,NA,NA,NA,"21",NA,"kumar_somanathan_exact_amalgamation",TRUE
"geo_component_0112",NA,NA,1961,5,1561071,1482323,687936,536120,131383,18278,4247,14.2608826821275,0.0504448548464483,0.440682070194117,0.220683319378547,0.084162091282203,0.011708628243046,0.00272056812278237,NA,NA,"21",NA,"kumar_somanathan_exact_amalgamation",TRUE
"geo_component_0112",NA,NA,1971,5,2043281,1876022,716997,590955,216251,179273,19240,14.5300674071708,0.0818580508505683,0.350904745847487,0.175791530508496,0.10583517391881,0.0877378099243325,0.00941622811546723,NA,NA,"21",NA,"kumar_somanathan_exact_amalgamation",TRUE
"geo_component_0112",NA,NA,1981,5,2484005,2203043,965044,795773,400564,268101,58981,14.7253827349159,0.113108467978124,0.388503243753535,0.17540236507351,0.161257324361263,0.107930942167991,0.0237443161346294,NA,NA,"21",NA,"kumar_somanathan_exact_amalgamation",TRUE
"geo_component_0112",NA,NA,1991,5,3012546,2674970,1203702,1006134,554995,NA,NA,14.918296126374,0.112056712163067,0.399563027419332,0.164133647696855,0.184227892287786,NA,NA,NA,NA,"21",NA,"kumar_somanathan_exact_amalgamation",TRUE
"geo_component_0113",NA,NA,1961,5,1865207,1731893,598331,415325,550189,54272,16594,14.438882596858,0.0714741044827732,0.320785306939123,0.305860802799788,0.294974766875741,0.0290970385592591,0.00889659968035719,NA,NA,"21",NA,"kumar_somanathan_exact_amalgamation",TRUE
"geo_component_0113",NA,NA,1971,5,2340859,2111712,680597,491148,827327,720414,57257,14.6660285139885,0.0978901334937303,0.290746687433972,0.278357089437655,0.353428805408613,0.307756255289191,0.0244598243636204,NA,NA,"21",NA,"kumar_somanathan_exact_amalgamation",TRUE
"geo_component_0113",NA,NA,1981,5,2921045,2488966,851232,574531,1329154,750212,157072,14.8874519869342,0.147919323392827,0.29141351810739,0.325059443254013,0.455026882502666,0.256830004330642,0.0537725368832045,NA,NA,"21",NA,"kumar_somanathan_exact_amalgamation",TRUE
"geo_component_0113",NA,NA,1991,5,3590026,2884022,1040655,633018,1939634,NA,NA,15.0936700027781,0.196657071564384,0.289873945202625,0.391711950646468,0.540284109362996,NA,NA,NA,NA,"21",NA,"kumar_somanathan_exact_amalgamation",TRUE
"geo_component_0115",NA,NA,1961,5,1099725,1009286,349670,263558,168035,36764,12032,13.9105707065134,0.0822378321853191,0.317961308508945,0.246266479823834,0.152797290231649,0.0334301757257496,0.0109409170474437,NA,NA,"08",NA,"kumar_somanathan_exact_amalgamation",TRUE
"geo_component_0115",NA,NA,1971,5,1403822,1273136,393144,301503,277474,154295,37982,14.1547090749038,0.0930929989699549,0.28005259926116,0.233097796227337,0.19765611309696,0.109910658188859,0.0270561367466816,NA,NA,"08",NA,"kumar_somanathan_exact_amalgamation",TRUE
"geo_component_0115",NA,NA,1981,5,1771173,1574972,473359,341466,469870,296000,80644,14.3871525969179,0.110774610949918,0.267257348661029,0.278632074176259,0.265287467683846,0.167120885424518,0.0455314077168069,NA,NA,"08",NA,"kumar_somanathan_exact_amalgamation",TRUE
"geo_component_0115",NA,NA,1991,5,2296580,1976293,697597,498309,778815,568444,176709,14.6469316177607,0.139462592202318,0.303754713530554,0.285677834050318,0.339119473303782,0.247517613146505,0.0769444129967169,NA,NA,"08",NA,"kumar_somanathan_exact_amalgamation",TRUE
"geo_component_0116",NA,NA,1961,5,2835631,2242734,1104040,727943,469085,75315,52768,14.8577750453338,0.209088206469742,0.389345440221242,0.340655229882975,0.165425261608439,0.0265602259250234,0.0186089092692244,NA,NA,"08",NA,"kumar_somanathan_exact_amalgamation",TRUE
"geo_component_0116",NA,NA,1971,5,3663253,2779095,1135125,756107,780648,457315,149139,15.1138621084449,0.241358704954312,0.309868032592889,0.333899790771941,0.213102398332848,0.124838497368323,0.040712175762908,NA,NA,"08",NA,"kumar_somanathan_exact_amalgamation",TRUE
"geo_component_0116",NA,NA,1981,5,4956444,3499822,1447821,864239,1430962,946133,334201,15.4161991060961,0.29388448653914,0.292108818338309,0.403076070867877,0.288707387796574,0.190889476406876,0.0674275750921427,NA,NA,"08",NA,"kumar_somanathan_exact_amalgamation",TRUE
"geo_component_0116",NA,NA,1991,5,6685797,4527884,2012589,1172970,2369201,1761881,672294,15.7154959835509,0.322760771827203,0.301024545016847,0.417183538218682,0.354363286830276,0.263525949112724,0.100555550819147,NA,NA,"08",NA,"kumar_somanathan_exact_amalgamation",TRUE
"geo_component_0117",NA,NA,1961,5,141135,127250,55200,26737,11531,1277,692,11.857472158109,0.0983809827470152,0.391114889998937,0.515634057971014,0.0817019166046693,0.00904807453856237,0.0049031069543345,NA,NA,"08",NA,"kumar_somanathan_exact_amalgamation",TRUE
"geo_component_0117",NA,NA,1971,5,167798,143120,53156,37429,22579,12380,2825,12.0305161539931,0.147069690937913,0.316785658947067,0.295865001128753,0.134560602629352,0.0737791868794622,0.0168357191384879,NA,NA,"08",NA,"kumar_somanathan_exact_amalgamation",TRUE
"geo_component_0117",NA,NA,1981,5,243082,210155,78000,48227,38398,24077,7353,12.4011541139594,0.135456348063616,0.32087937403839,0.381705128205128,0.157963156465719,0.0990488806246452,0.0302490517603113,NA,NA,"08",NA,"kumar_somanathan_exact_amalgamation",TRUE
"geo_component_0117",NA,NA,1991,5,344517,290917,101571,55316,82759,53667,17013,12.7498987150979,0.155580131024013,0.29482144567612,0.455395733034035,0.240217463869707,0.155774606187793,0.0493821785282004,NA,NA,"08",NA,"kumar_somanathan_exact_amalgamation",TRUE
"geo_component_0118",NA,NA,1961,5,884866,619895,324907,234499,164298,31777,18355,13.6931915000967,0.29944759997559,0.367182149613614,0.27825808616004,0.185675571216433,0.035911652159762,0.0207432537807984,NA,NA,"08",NA,"kumar_somanathan_exact_amalgamation",TRUE
"geo_component_0118",NA,NA,1971,5,1151675,783768,348725,240308,246246,146863,50228,13.9567279623796,0.319453838973669,0.302798098421864,0.310895404688508,0.213815529554779,0.127521219093928,0.0436129984587666,NA,NA,"08",NA,"kumar_somanathan_exact_amalgamation",TRUE
"geo_component_0118",NA,NA,1981,5,1667791,1087946,510229,325399,444337,298070,109196,14.32701055429,0.347672460158377,0.305931018934627,0.362249107753577,0.266422471400793,0.178721434520273,0.0654734316230271,NA,NA,"08",NA,"kumar_somanathan_exact_amalgamation",TRUE
"geo_component_0118",NA,NA,1991,5,2153483,1388933,660615,397593,703652,508607,190166,14.5825970893193,0.355029503367336,0.306765830052989,0.398147181035853,0.326750663924442,0.236178785715977,0.0883062462067265,NA,NA,"08",NA,"kumar_somanathan_exact_amalgamation",TRUE
"geo_component_0119",NA,NA,1961,5,1426644,1270757,531348,405791,193964,32454,14706,14.1708353909132,0.109268324823852,0.3724461042839,0.23629899802013,0.13595823485046,0.022748492265765,0.0103081076989074,NA,NA,"08",NA,"kumar_somanathan_exact_amalgamation",TRUE
"geo_component_0119",NA,NA,1971,5,1803500,1581623,576426,439376,314007,166327,47913,14.4052397793257,0.123025783199335,0.319615192680898,0.237758185786207,0.174109786526199,0.0922245633490435,0.0265666759079567,NA,NA,"08",NA,"kumar_somanathan_exact_amalgamation",TRUE
"geo_component_0119",NA,NA,1981,5,2356959,2001840,710301,503001,518862,324252,103104,14.6728827867733,0.150668297581757,0.301363324521131,0.291848103832037,0.22014044368188,0.137572185175898,0.0437445029803234,NA,NA,"08",NA,"kumar_somanathan_exact_amalgamation",TRUE
"geo_component_0119",NA,NA,1991,5,2889301,2395282,953958,664915,808527,572743,189605,14.8765251623216,0.170982185656669,0.33016913087283,0.302993423190539,0.279834811257117,0.198228914190664,0.065623138606881,NA,NA,"08",NA,"kumar_somanathan_exact_amalgamation",TRUE
"geo_component_0120",NA,NA,1961,5,338010,286271,136011,97969,40054,9396,2666,12.7308307598263,0.153069435815508,0.402387503328304,0.279697965605723,0.118499452678915,0.0277979941421851,0.00788734061122452,NA,NA,"08",NA,"kumar_somanathan_exact_amalgamation",TRUE
"geo_component_0120",NA,NA,1971,5,449021,383473,148730,104905,71885,39259,9950,13.014824936232,0.145979809407578,0.331231724128716,0.294661467088012,0.16009273508366,0.087432436344848,0.0221593199427198,NA,NA,"08",NA,"kumar_somanathan_exact_amalgamation",TRUE
"geo_component_0120",NA,NA,1981,5,586982,487153,199173,138051,118224,73431,19872,13.2827494339448,0.170071654667434,0.339317048904396,0.30687894443524,0.20140992398404,0.125099236433144,0.0338545304626036,NA,NA,"08",NA,"kumar_somanathan_exact_amalgamation",TRUE
"geo_component_0120",NA,NA,1991,5,770248,636504,263533,190896,200611,138568,39343,13.554467819896,0.17363758166201,0.342140453464339,0.275627720247559,0.260449881077263,0.179900499579356,0.0510783539846906,NA,NA,"08",NA,"kumar_somanathan_exact_amalgamation",TRUE
"geo_component_0121",NA,NA,1961,5,847116,687277,321374,196125,161392,34199,14061,13.649592918212,0.188686083133833,0.37937425334901,0.389729723001861,0.190519362165276,0.0403710943955727,0.0165986712563569,NA,NA,"08",NA,"kumar_somanathan_exact_amalgamation",TRUE
"geo_component_0121",NA,NA,1971,5,1142154,867516,352912,220975,288747,161382,45129,13.9484265112448,0.240456190671311,0.308988104931559,0.373852405132158,0.252809165839283,0.141296182476269,0.0395121848717423,NA,NA,"08",NA,"kumar_somanathan_exact_amalgamation",TRUE
"geo_component_0121",NA,NA,1981,5,1559784,1061690,474246,264007,507340,314767,100209,14.2600579081006,0.31933524128982,0.304045944823129,0.443312120713722,0.325262985131275,0.201801659716986,0.0642454339831669,NA,NA,"08",NA,"kumar_somanathan_exact_amalgamation",TRUE
"geo_component_0121",NA,NA,1991,5,2030831,1290996,637824,364415,776872,556646,196830,14.5239556268591,0.364301608553346,0.314070447023903,0.428659003110576,0.382538970500253,0.2740976477117,0.09692091562518,NA,NA,"08",NA,"kumar_somanathan_exact_amalgamation",TRUE
"geo_component_0122",NA,NA,1961,5,491882,454097,221360,178244,66843,10442,2876,13.1059941293105,0.0768172041261929,0.450026632403707,0.194777737621973,0.135892348164804,0.0212286686644358,0.00584693076794841,NA,NA,"08",NA,"kumar_somanathan_exact_amalgamation",TRUE
"geo_component_0122",NA,NA,1971,5,623717,564499,199162,160425,109638,49567,9771,13.3434520188367,0.0949437004282391,0.319314689193977,0.194499954810657,0.175781644559953,0.0794703367071925,0.0156657586693965,NA,NA,"08",NA,"kumar_somanathan_exact_amalgamation",TRUE
"geo_component_0122",NA,NA,1981,5,784998,693482,282267,226040,173583,92309,20329,13.5734364489906,0.116581188741882,0.359576712297356,0.199197922534338,0.221125404141157,0.117591382398426,0.0258968812659395,NA,NA,"08",NA,"kumar_somanathan_exact_amalgamation",TRUE
"geo_component_0122",NA,NA,1991,5,956971,806008,366014,300906,254220,170082,44214,13.7715283669456,0.157750861833849,0.382471360156159,0.177883906080095,0.265650683249545,0.177729523674176,0.0462020270206725,NA,NA,"08",NA,"kumar_somanathan_exact_amalgamation",TRUE
"geo_component_0123",NA,NA,1961,5,1812165,65800,525691,986,1051482,612396,203508,14.410032821042,0.963689840605022,0.290090030433211,0.998124373443715,0.580235243479485,0.337936115088858,0.112301032190777,NA,NA,"33",NA,"kumar_somanathan_exact_amalgamation",TRUE
"geo_component_0123",NA,NA,1971,5,2579356,71703,733452,23220,1575070,1190247,378725,14.7630503133363,0.972201200609765,0.28435469939008,0.968341486559448,0.61064467254617,0.461451230462177,0.146829286069856,NA,NA,"33",NA,"kumar_somanathan_exact_amalgamation",TRUE
"geo_component_0123",NA,NA,1981,5,3276622,0,914114,2466,2241149,1817833,826625,15.0023235716228,1,0.27898060868785,0.997302305839315,0.683981551732241,0.554788742796697,0.252279634330722,NA,NA,"33",NA,"kumar_somanathan_exact_amalgamation",TRUE
"geo_component_0123",NA,NA,1991,5,3841396,0,1171739,1082,2752341,2342888,1167287,15.1613464001653,1,0.305029473660096,0.99907658616808,0.716494992966099,0.609905357323223,0.303870519988046,NA,NA,"33",NA,"kumar_somanathan_exact_amalgamation",TRUE
"geo_component_0124",NA,NA,1961,5,3000210,2388767,1175805,798893,1006429,283662,56139,14.9141928441825,0.20380006732862,0.391907566470347,0.320556554870918,0.335452851633719,0.0945473816832822,0.0187116901816873,NA,NA,"33",NA,"kumar_somanathan_exact_amalgamation",TRUE
"geo_component_0124",NA,NA,1971,5,3549989,2821605,1185793,846883,1407820,889773,125346,15.0824550628552,0.205179227315916,0.334027232197057,0.285808737275393,0.39657024289371,0.250641058324406,0.035308841802045,NA,NA,"33",NA,"kumar_somanathan_exact_amalgamation",TRUE
"geo_component_0124",NA,NA,1981,5,4063545,3126588,1478849,1049634,2046358,1393678,353738,15.2175663033112,0.230576257922577,0.363930755042703,0.290235852341923,0.503589353630881,0.342970977311682,0.0870515768866839,NA,NA,"33",NA,"kumar_somanathan_exact_amalgamation",TRUE
"geo_component_0124",NA,NA,1991,5,4531457,3492130,1705079,1211539,2595005,1955697,557530,15.3265540793003,0.229358239524285,0.376276107221143,0.289452864060844,0.572664597722101,0.431582380678003,0.123035482848011,NA,NA,"33",NA,"kumar_somanathan_exact_amalgamation",TRUE
"geo_component_0125",NA,NA,1961,5,3211469,2195664,1413780,826278,1072133,321951,68277,14.9822390228232,0.316305404162394,0.440228443743346,0.415554046598481,0.333845041007713,0.100250383858602,0.0212603640265561,NA,NA,"33",NA,"kumar_somanathan_exact_amalgamation",TRUE
"geo_component_0125",NA,NA,1971,5,3938197,2614003,1453938,946562,1634860,1022597,163962,15.1862335623236,0.336243717620017,0.369188742970451,0.348966737233637,0.41512905525041,0.259661210447319,0.041633773018465,NA,NA,"33",NA,"kumar_somanathan_exact_amalgamation",TRUE
"geo_component_0125",NA,NA,1981,5,4535897,2892285,1914732,1250632,2148345,1507260,409472,15.3275334169009,0.362356552628951,0.422128632991446,0.346837050824867,0.473631786612438,0.332295905308255,0.0902736548030081,NA,NA,"33",NA,"kumar_somanathan_exact_amalgamation",TRUE
"geo_component_0125",NA,NA,1991,5,5210263,3291119,2287222,1468971,2858659,2147485,678462,15.4661408923019,0.368339179807238,0.438983982190534,0.357748832426411,0.548659251941793,0.412164414732999,0.130216459322687,NA,NA,"33",NA,"kumar_somanathan_exact_amalgamation",TRUE
"geo_component_0127",NA,NA,1961,5,2421546,1822125,1064456,702750,777481,189992,40664,14.6999167371348,0.247536491150695,0.439577030541646,0.339803617998301,0.321068028441335,0.078458967948575,0.0167925779646556,NA,NA,"33",NA,"kumar_somanathan_exact_amalgamation",TRUE
"geo_component_0127",NA,NA,1971,5,2860207,2113545,1020345,646945,1136629,688555,95614,14.8664045577993,0.261051735066728,0.356738166153708,0.365954652592996,0.397393964842405,0.240736072598941,0.0334290490163824,NA,NA,"33",NA,"kumar_somanathan_exact_amalgamation",TRUE
"geo_component_0127",NA,NA,1981,5,3335437,2394483,1352284,849364,1511473,1015418,243135,15.0201142632304,0.282108161539253,0.405429333547598,0.371904126647953,0.453155913303114,0.304433272161939,0.0728944962833955,NA,NA,"33",NA,"kumar_somanathan_exact_amalgamation",TRUE
"geo_component_0127",NA,NA,1991,5,3787267,2661584,1627484,1016113,2039687,1453898,399268,15.1471552087556,0.297228317940087,0.429725181773559,0.375654077090773,0.538564352605718,0.383891075015308,0.105423779205427,NA,NA,"33",NA,"kumar_somanathan_exact_amalgamation",TRUE
"geo_component_0130",NA,NA,1961,5,2006736,1855780,994983,797942,460386,166248,31571,14.512020079515,0.0752246434010253,0.49582157294233,0.198034539283586,0.229420312387878,0.082844978113713,0.0157325128965644,NA,NA,"05",NA,"kumar_somanathan_exact_amalgamation",TRUE
"geo_component_0130",NA,NA,1971,5,2448216,2198531,1055677,838467,718325,391685,86536,14.710870154016,0.101986507726442,0.431202557290697,0.205754222172123,0.293407526133315,0.159987925901963,0.0353465543889918,NA,NA,"05",NA,"kumar_somanathan_exact_amalgamation",TRUE
"geo_component_0130",NA,NA,1981,5,3125723,2673872,1164015,866688,1158096,739390,215986,14.955176174393,0.144558874858713,0.372398641850222,0.255432275357276,0.370504999963209,0.236550071775394,0.0690995331320146,NA,NA,"05",NA,"kumar_somanathan_exact_amalgamation",TRUE
"geo_component_0130",NA,NA,1991,5,3824141,3124447,1370715,933145,1801626,1338868,451027,15.1568444248586,0.182967625932203,0.358437358873535,0.319227556421284,0.471119134990054,0.350109475565885,0.117942042409001,NA,NA,"05",NA,"kumar_somanathan_exact_amalgamation",TRUE
"geo_component_0131",NA,NA,1961,5,547770,524210,248484,217326,117109,48057,7491,13.2136107697989,0.043010752688172,0.453628347664166,0.125392379388613,0.213792285083155,0.0877320773317268,0.0136754477244099,NA,NA,"05",NA,"kumar_somanathan_exact_amalgamation",TRUE
"geo_component_0131",NA,NA,1971,5,648633,614809,251953,212007,182113,101048,17665,13.382622350377,0.0521465913698501,0.388436912707186,0.15854544299929,0.280764315105769,0.155786091672795,0.0272341986917101,NA,NA,"05",NA,"kumar_somanathan_exact_amalgamation",TRUE
"geo_component_0131",NA,NA,1981,5,757373,709777,238644,178566,285961,172074,47656,13.537611145544,0.0628435394448971,0.315094411868392,0.251747372655504,0.377569572720443,0.227198487403169,0.0629227606476597,NA,NA,"05",NA,"kumar_somanathan_exact_amalgamation",TRUE
"geo_component_0131",NA,NA,1991,5,836617,783110,336455,260482,399659,289006,85361,13.637121658128,0.0639563862555984,0.402161323520799,0.225804342334042,0.477708437672196,0.345446004563618,0.102031156431199,NA,NA,"05",NA,"kumar_somanathan_exact_amalgamation",TRUE
"geo_component_0132",NA,NA,1961,5,1190987,995079,376724,208413,210463,74470,17255,13.9902929330806,0.164492139712692,0.316312436659678,0.446775358087088,0.176713095944792,0.0625279704984185,0.0144879834960415,NA,NA,"09",NA,"kumar_somanathan_exact_amalgamation",TRUE
"geo_component_0132",NA,NA,1971,5,1490185,1220483,419049,288356,300603,172727,45570,14.2144108312881,0.180985582327027,0.281206024755316,0.311879994940926,0.20172193385385,0.115909769592366,0.0305800957599224,NA,NA,"09",NA,"kumar_somanathan_exact_amalgamation",TRUE
"geo_component_0132",NA,NA,1981,5,1939261,1458451,539593,355956,518047,323590,97312,14.477817530633,0.247934651395557,0.278246713567694,0.340325022748627,0.267136295733272,0.1668625316551,0.0501799396780526,NA,NA,"09",NA,"kumar_somanathan_exact_amalgamation",TRUE
"geo_component_0132",NA,NA,1991,5,2454521,1839169,677307,447693,781511,598602,193744,14.7134421881576,0.250701460692331,0.275942638095172,0.339010227267694,0.318396542543331,0.243877318629582,0.0789335271525483,NA,NA,"09",NA,"kumar_somanathan_exact_amalgamation",TRUE
"geo_component_0133",NA,NA,1961,5,1973801,1536048,632565,439655,270540,124912,32123,14.4954716833569,0.22178172976911,0.320480636092494,0.304964707184242,0.137065489378109,0.0632850018821553,0.016274690305659,NA,NA,"09",NA,"kumar_somanathan_exact_amalgamation",TRUE
"geo_component_0133",NA,NA,1971,5,2428971,1851714,710456,517119,415990,261716,73308,14.7029782688435,0.237654957593154,0.29249258224985,0.272130856801829,0.171261822393104,0.107747684101622,0.0301806814490581,NA,NA,"09",NA,"kumar_somanathan_exact_amalgamation",TRUE
"geo_component_0133",NA,NA,1981,5,3149406,2300740,895256,624217,624297,421529,143958,14.9627244215914,0.269468591855099,0.284261857632836,0.302750274781738,0.198226903739943,0.133843969307228,0.045709571900225,NA,NA,"09",NA,"kumar_somanathan_exact_amalgamation",TRUE
"geo_component_0133",NA,NA,1991,5,4121035,2981566,1159225,781637,998934,772462,278027,15.2316149033691,0.276500684900759,0.281294626228605,0.325724514222864,0.24239881486083,0.187443688296751,0.0674653333446573,NA,NA,"09",NA,"kumar_somanathan_exact_amalgamation",TRUE
"geo_component_0134",NA,NA,1961,5,1615478,1243387,539812,245078,323747,116623,37380,14.2951414460791,0.230328732424707,0.334150016280011,0.545993790430743,0.200403224308842,0.0721910171478658,0.0231386623649471,NA,NA,"09",NA,"kumar_somanathan_exact_amalgamation",TRUE
"geo_component_0134",NA,NA,1971,5,2054834,1572027,612261,385360,481090,300550,94680,14.5357056240609,0.234961558938581,0.297961295170315,0.37059522001238,0.234125968326395,0.146264856431225,0.0460767147127213,NA,NA,"09",NA,"kumar_somanathan_exact_amalgamation",TRUE
"geo_component_0134",NA,NA,1981,5,2673561,1949442,781112,495656,790307,523705,195695,14.7989218496433,0.270844390683437,0.292161652567493,0.365448232775837,0.29560088585972,0.195882944133311,0.0731963848963985,NA,NA,"09",NA,"kumar_somanathan_exact_amalgamation",TRUE
"geo_component_0134",NA,NA,1991,5,3433517,2495723,993308,602884,1208926,934159,353249,15.0490956582466,0.273129272404942,0.289297533695042,0.393054319506135,0.352095533530197,0.272070591175171,0.102882554535189,NA,NA,"09",NA,"kumar_somanathan_exact_amalgamation",TRUE
"geo_component_0136",NA,NA,1961,5,1444921,1253788,480666,263383,240951,92197,25251,14.1835652067539,0.132279204191786,0.332659017344201,0.452045703253403,0.166757213716182,0.0638076406945432,0.0174756959030978,NA,NA,"09",NA,"kumar_somanathan_exact_amalgamation",TRUE
"geo_component_0136",NA,NA,1971,5,1802289,1552474,517666,368554,408000,339889,73872,14.4045680816498,0.138609845590801,0.287226965264727,0.288046732835458,0.226378788307536,0.188587401909461,0.0409878770829761,NA,NA,"09",NA,"kumar_somanathan_exact_amalgamation",TRUE
"geo_component_0136",NA,NA,1981,5,2274487,1780502,647926,454846,684639,436684,142315,14.637265090434,0.217185237814065,0.284866873277359,0.297996993483824,0.301008095451854,0.191992304198705,0.0625701531817944,NA,NA,"09",NA,"kumar_somanathan_exact_amalgamation",TRUE
"geo_component_0136",NA,NA,1991,5,2842543,2143313,851614,578606,996055,721421,255132,14.860209632021,0.24598748374255,0.299595819658665,0.320577162893048,0.350409826693915,0.253794225804148,0.0897548427587551,NA,NA,"09",NA,"kumar_somanathan_exact_amalgamation",TRUE
"geo_component_0139",NA,NA,1961,5,2836554,2370229,901053,544731,579696,184484,60239,14.8581004931138,0.164398421464918,0.317657622594176,0.395450656065736,0.204366283878255,0.0650380708422967,0.0212366836661668,NA,NA,"09",NA,"kumar_somanathan_exact_amalgamation",TRUE
"geo_component_0139",NA,NA,1971,5,3402136,2812310,931648,636151,845916,642818,159529,15.0399140276233,0.173369318569275,0.273842080387145,0.317176658995672,0.248642617461501,0.1889454154684,0.0468908356397275,NA,NA,"09",NA,"kumar_somanathan_exact_amalgamation",TRUE
"geo_component_0139",NA,NA,1981,5,4135372,3214516,1112470,746519,1285104,874931,305356,15.2350878461177,0.222677911443033,0.269013283448261,0.328953589759724,0.310758983714162,0.211572501820876,0.0738400318036685,NA,NA,"09",NA,"kumar_somanathan_exact_amalgamation",TRUE
"geo_component_0139",NA,NA,1991,5,5227168,3943419,1439855,923502,1866761,1464608,586234,15.4693801979859,0.245591685593423,0.275456040441019,0.358614582718399,0.357126650606983,0.280191491836497,0.112151359971595,NA,NA,"09",NA,"kumar_somanathan_exact_amalgamation",TRUE
"geo_component_0140",NA,NA,1961,5,1862142,1194158,563530,278547,447259,130030,50771,14.4372379959951,0.358718078427961,0.302624611871705,0.505710432452576,0.240185227549779,0.0698281871092538,0.0272648380198717,NA,NA,"09",NA,"kumar_somanathan_exact_amalgamation",TRUE
"geo_component_0140",NA,NA,1971,5,2308638,1463402,626587,326754,645724,397465,120226,14.6521682982198,0.366118897809011,0.271409809593362,0.478517747734951,0.279699112636975,0.172164280411221,0.05207659234579,NA,NA,"09",NA,"kumar_somanathan_exact_amalgamation",TRUE
"geo_component_0140",NA,NA,1981,5,2852942,1766030,783255,380980,954258,655810,244615,14.8638613005112,0.380979353944104,0.274542910441222,0.513593912582748,0.334482089015479,0.229871480037099,0.0857413154561151,NA,NA,"09",NA,"kumar_somanathan_exact_amalgamation",TRUE
"geo_component_0140",NA,NA,1991,5,2751021,1639935,754273,356396,1059273,754610,313790,14.8274826734654,0.403881322607134,0.274179295614246,0.527497338496804,0.385047224285093,0.274301795587893,0.114063106024999,NA,NA,"09",NA,"kumar_somanathan_exact_amalgamation",TRUE
"geo_component_0142",NA,NA,1961,5,2363096,2168666,758675,581298,504299,165634,31737,14.6754831816663,0.0822776560918388,0.321051281877672,0.233798398523742,0.213406057138601,0.0700919471743848,0.0134302626723586,NA,NA,"09",NA,"kumar_somanathan_exact_amalgamation",TRUE
"geo_component_0142",NA,NA,1971,5,2893236,2629520,796666,649077,768096,597218,86563,14.8778861568496,0.0911491492570948,0.275354654787926,0.185258314023694,0.265479898632535,0.206418695191129,0.0299190940524727,NA,NA,"09",NA,"kumar_somanathan_exact_amalgamation",TRUE
"geo_component_0142",NA,NA,1981,5,3468853,3019944,924620,740503,1224613,835626,231532,15.0593345497297,0.129411364505789,0.26654920228675,0.199127209015596,0.353031102788155,0.240894036155467,0.0667459820292183,NA,NA,"09",NA,"kumar_somanathan_exact_amalgamation",TRUE
"geo_component_0142",NA,NA,1991,5,4974455,4059304,1356792,974537,2004426,1592643,552810,15.4198263748353,0.183970103257543,0.27275188940296,0.281734414707634,0.402943840078963,0.320164319508368,0.111129761953822,NA,NA,"09",NA,"kumar_somanathan_exact_amalgamation",TRUE
"geo_component_0143",NA,NA,1961,5,1226800,1197023,427609,366092,185708,45865,9702,14.0199197112222,0.0242720899902185,0.348556406912292,0.143862734413916,0.151375937398109,0.0373858819693512,0.00790837952396479,NA,NA,"09",NA,"kumar_somanathan_exact_amalgamation",TRUE
"geo_component_0143",NA,NA,1971,5,1484393,1446198,449581,388896,291367,268341,28242,14.2105164924474,0.0257310563981371,0.302871948331742,0.134981238086129,0.196286967130672,0.180774902603286,0.0190259587589001,NA,NA,"09",NA,"kumar_somanathan_exact_amalgamation",TRUE
"geo_component_0143",NA,NA,1981,5,1822591,1606267,534835,452576,460687,302094,74218,14.4157696730313,0.118690369918429,0.293447624837388,0.153802574625819,0.252764882521641,0.165749748572225,0.0407211491771879,NA,NA,"09",NA,"kumar_somanathan_exact_amalgamation",TRUE
"geo_component_0143",NA,NA,1991,5,2200397,1901099,678032,554574,690026,506646,161962,14.604148356594,0.136020000027268,0.3081407582359,0.18208285154683,0.313591592789847,0.230252086328058,0.0736058084063921,NA,NA,"09",NA,"kumar_somanathan_exact_amalgamation",TRUE
"geo_component_0145",NA,NA,1961,5,1065751,1023281,403391,321961,177668,55932,8639,13.8791902729334,0.0398498335915237,0.378503984514206,0.201863700479188,0.166706857417915,0.0524813019176149,0.00810602101241284,NA,NA,"09",NA,"kumar_somanathan_exact_amalgamation",TRUE
"geo_component_0145",NA,NA,1971,5,1278254,1206346,428506,369839,267138,134518,24662,14.0610056422157,0.0562548601451668,0.335227583876131,0.136910568346768,0.208986633329526,0.10523573562062,0.0192935050467278,NA,NA,"09",NA,"kumar_somanathan_exact_amalgamation",TRUE
"geo_component_0145",NA,NA,1981,5,1572421,1431129,475980,398775,408435,258087,67570,14.268127027821,0.0898563425443949,0.302705191548574,0.162202193369469,0.259749138430484,0.164133524037138,0.0429719521680262,NA,NA,"09",NA,"kumar_somanathan_exact_amalgamation",TRUE
"geo_component_0145",NA,NA,1991,5,1899241,1711228,611779,496544,680912,461785,139703,14.4569648906416,0.0989937559267097,0.322117624882782,0.188360502730561,0.358517955330577,0.24314186561895,0.0735572789340584,NA,NA,"09",NA,"kumar_somanathan_exact_amalgamation",TRUE
"geo_component_0149",NA,NA,1961,5,1344175,1293101,453197,337396,260730,88512,23021,14.1112909999222,0.0379965406290104,0.337156248256365,0.255520226303351,0.193970279167519,0.0658485688247438,0.017126490226347,NA,NA,"09",NA,"kumar_somanathan_exact_amalgamation",TRUE
"geo_component_0149",NA,NA,1971,5,1588935,1516175,443041,365007,344314,208682,55055,14.2785745384518,0.0457916780736782,0.278828901119303,0.176132682979679,0.216694830184998,0.131334510222256,0.0346489944522589,NA,NA,"09",NA,"kumar_somanathan_exact_amalgamation",TRUE
"geo_component_0149",NA,NA,1981,5,1945376,1768478,494802,400829,548130,359228,118114,14.4809658325469,0.0909325498001414,0.254347745628609,0.189920412609488,0.281760441169214,0.18465736186732,0.0607152550458112,NA,NA,"09",NA,"kumar_somanathan_exact_amalgamation",TRUE
"geo_component_0149",NA,NA,1991,5,2262273,2038186,603973,477714,791785,597446,253240,14.631880618031,0.0990539161277175,0.266976178383422,0.209047424305391,0.349995336548684,0.26409102703343,0.111940512926601,NA,NA,"09",NA,"kumar_somanathan_exact_amalgamation",TRUE
"geo_component_0150",NA,NA,1961,5,2364928,1811466,813247,463293,557606,144904,56706,14.6762581354701,0.234029112091362,0.343878122293787,0.43031698856559,0.235781385310673,0.0612720556397489,0.0239778970015155,NA,NA,"09",NA,"kumar_somanathan_exact_amalgamation",TRUE
"geo_component_0150",NA,NA,1971,5,2852459,2135685,827486,483252,777821,434868,144557,14.8636919872584,0.251282840524614,0.290095668333883,0.41599978730758,0.27268437513037,0.152453725014102,0.0506780290268852,NA,NA,"09",NA,"kumar_somanathan_exact_amalgamation",TRUE
"geo_component_0150",NA,NA,1981,5,3701006,2706183,1029032,537580,1178742,770602,300104,15.1241152325504,0.268797997085117,0.278041159619844,0.47758670284306,0.318492323438546,0.20821419905831,0.081087142252674,NA,NA,"09",NA,"kumar_somanathan_exact_amalgamation",TRUE
"geo_component_0150",NA,NA,1991,5,4860582,3538334,1400994,715123,1815901,1283169,536326,15.3966687417933,0.272034912691525,0.288235853237328,0.489560269351617,0.373597441623246,0.263994929002329,0.110341930246213,NA,NA,"09",NA,"kumar_somanathan_exact_amalgamation",TRUE
"geo_component_0151",NA,NA,1961,5,1246904,1103493,546991,403368,211190,59513,14368,14.0361742369353,0.115013665847571,0.438679320942109,0.262569219603248,0.169371499329539,0.0477286142317291,0.0115229400178362,NA,NA,"09",NA,"kumar_somanathan_exact_amalgamation",TRUE
"geo_component_0151",NA,NA,1971,5,1541088,1355703,539488,430172,298838,217212,42698,14.2479992184472,0.120294882576465,0.350069561245042,0.202629159499377,0.193913650615669,0.140947174982869,0.0277063996345439,NA,NA,"09",NA,"kumar_somanathan_exact_amalgamation",TRUE
"geo_component_0151",NA,NA,1981,5,2039149,1771484,714604,518307,480811,293138,99306,14.5280431219235,0.131263090632416,0.350442267828393,0.274693396622465,0.235790028095053,0.14375506645174,0.048699727190117,NA,NA,"09",NA,"kumar_somanathan_exact_amalgamation",TRUE
"geo_component_0151",NA,NA,1991,5,2732180,2359457,943783,669525,800861,577843,215002,14.8206103833004,0.13641963560234,0.345432218960683,0.290594342131613,0.29312160985001,0.211495216274184,0.0786924726774956,NA,NA,"09",NA,"kumar_somanathan_exact_amalgamation",TRUE
"geo_component_0152",NA,NA,1961,5,2294979,2098600,626373,405535,368355,190691,21239,14.6462342511081,0.0855689747052152,0.272931909180868,0.352566282390844,0.160504736644649,0.0830905206540016,0.00925455091310204,NA,NA,"19",NA,"kumar_somanathan_exact_amalgamation",TRUE
"geo_component_0152",NA,NA,1971,5,2946672,2697034,763306,576739,579929,408232,74049,14.8961869558988,0.0847186249436652,0.259040028886826,0.244419669175927,0.19680812794909,0.138540020742044,0.0251297056475916,NA,NA,"19",NA,"kumar_somanathan_exact_amalgamation",TRUE
"geo_component_0152",NA,NA,1981,5,3697552,3351534,1001723,689932,920503,634175,133046,15.1231815370247,0.0935802931236667,0.270915189292808,0.311254708137878,0.248949304837363,0.171512124778773,0.0359821849699477,NA,NA,"19",NA,"kumar_somanathan_exact_amalgamation",TRUE
"geo_component_0152",NA,NA,1991,5,4740149,4245802,1424489,865449,1434452,1006999,200493,15.3715791277764,0.104289337740227,0.300515658895955,0.392449502944565,0.302617491559864,0.212440368435676,0.0422967716837593,NA,NA,"19",NA,"kumar_somanathan_exact_amalgamation",TRUE
"geo_component_0153",NA,NA,1961,5,1708801,1394262,450160,270828,465597,212205,32610,14.3513025129538,0.184069999959036,0.263436175423586,0.398373911498134,0.272469995043308,0.124183564967483,0.0190835562479189,NA,NA,"19",NA,"kumar_somanathan_exact_amalgamation",TRUE
"geo_component_0153",NA,NA,1971,5,2223802,1806956,550946,359774,696316,489491,90211,14.6147289016123,0.187447443612336,0.247749574827255,0.346988634094812,0.313119603274032,0.220114470622834,0.0405661115512982,NA,NA,"19",NA,"kumar_somanathan_exact_amalgamation",TRUE
"geo_component_0153",NA,NA,1981,5,2964253,2324384,791787,475802,1088284,795196,186007,14.9021356193802,0.215861803968824,0.267111815354492,0.399078287468726,0.367136003573244,0.26826185214285,0.0627500419161252,NA,NA,"19",NA,"kumar_somanathan_exact_amalgamation",TRUE
"geo_component_0153",NA,NA,1991,5,3852097,2980279,1109831,630577,1686897,1265989,293381,15.1641282333069,0.226322961233842,0.288110865328677,0.431826106857711,0.437916542600044,0.328649304521667,0.0761613739217886,NA,NA,"19",NA,"kumar_somanathan_exact_amalgamation",TRUE
"geo_component_0154",NA,NA,1961,5,2927289,0,1172330,161,1735461,922505,341981,14.889587296707,1,0.400483177438237,0.999862666655293,0.592856052135611,0.315139707763736,0.116825158021637,NA,NA,"19",NA,"kumar_somanathan_exact_amalgamation",TRUE
"geo_component_0154",NA,NA,1971,5,3148746,0,1165542,781,1899245,1565791,676339,14.9625148363028,1,0.370160692542365,0.999329925476731,0.603175041746778,0.497274470535254,0.214796303036193,NA,NA,"19",NA,"kumar_somanathan_exact_amalgamation",TRUE
"geo_component_0154",NA,NA,1981,5,3305006,0,1152514,5227,2284492,1914704,861371,15.0109488466974,1,0.348717672524649,0.995464697175045,0.691221740595932,0.579334500451739,0.260626153174911,NA,NA,"19",NA,"kumar_somanathan_exact_amalgamation",TRUE
"geo_component_0154",NA,NA,1991,5,4399819,0,1444968,5130,3087898,2647895,1265731,15.2970739616787,1,0.328415327994174,0.99644974836813,0.701823870481945,0.601819074830124,0.287677970389236,NA,NA,"19",NA,"kumar_somanathan_exact_amalgamation",TRUE
