"measure_family","semantic_id","sufficient_statistics"
"census_extensive_counts","extensive_human","count"
"census_rates_and_shares","ratio_human","numerator+denominator"
"eventual_emie","ratio_human","enrolled_weight+eligible_weight"
"linguistic_distance","ratio_human","speaker_count+distance_components"
"consumption_welfare","survey_microdata","record_weight+household_size+lineage_weight"
"survey_person_outcomes","survey_microdata","record_weight+lineage_weight"
"land_quantities","land_area","quantity+area"
"point_facilities","point_location","coordinates_or_locality_id"
"environmental_surfaces","spatial_surface","raster_or_polygon_support"
